Stock_ID,Pattern,Signals,Win_Rate(%),Avg_Return(%),Max_Drawdown(%),Expected_Value(%)
7780.TW,P08_黃金交叉量增,1,100.0,204.77,-2.81,204.77
1752.TW,P07_RSI超賣量縮,44,59.09,228.92,-6.33,132.41
7799.TW,P09_量縮後爆量紅K,1,100.0,124.26,-7.84,124.26
6805.TW,P09_量縮後爆量紅K,2,100.0,108.36,-6.44,108.36
6949.TW,P08_黃金交叉量增,4,100.0,98.46,-5.05,98.46
9103.TW,P12_多頭回檔,18,88.89,103.19,-7.71,90.95
7610.TW,P01_量縮價穩,3,100.0,80.96,-7.68,80.96
6949.TW,P03_均線支撐放量,8,87.5,79.33,-11.57,68.54
7788.TW,P06_價量背離,2,100.0,64.49,-1.22,64.49
7788.TW,P07_RSI超賣量縮,2,100.0,64.49,-1.22,64.49
6949.TW,P11_多頭排列紅K,14,78.57,83.89,-14.12,64.42
2376.TW,P09_量縮後爆量紅K,3,100.0,63.94,-1.25,63.94
7788.TW,P01_量縮價穩,1,100.0,60.58,-3.85,60.58
7799.TW,P04_長下影線放量,4,75.0,78.79,-15.89,57.34
1752.TW,P06_價量背離,80,48.75,123.18,-7.53,56.46
4949.TW,P04_長下影線放量,5,100.0,56.01,-9.24,56.01
6949.TW,P09_量縮後爆量紅K,3,100.0,55.19,-11.49,55.19
6919.TW,P08_黃金交叉量增,2,100.0,54.6,-1.74,54.6
3661.TW,P08_黃金交叉量增,2,100.0,53.96,-2.42,53.96
3138.TW,P04_長下影線放量,44,84.09,64.89,-12.04,53.45
3653.TW,P07_RSI超賣量縮,8,100.0,49.25,-8.04,49.25
7780.TW,P02_量增紅K,8,75.0,66.25,-12.38,47.94
6446.TW,P08_黃金交叉量增,10,90.0,53.77,-11.55,47.69
7610.TW,P07_RSI超賣量縮,4,100.0,45.78,-8.5,45.78
6919.TW,P02_量增紅K,14,100.0,45.26,-6.21,45.26
6805.TW,P02_量增紅K,3,100.0,44.78,-7.1,44.78
3715.TW,P04_長下影線放量,9,88.89,49.03,-8.93,42.81
6805.TW,P06_價量背離,8,100.0,42.73,-19.17,42.73
2387.TW,P09_量縮後爆量紅K,5,80.0,54.99,-5.49,42.59
6933.TW,P08_黃金交叉量增,2,100.0,42.14,-26.44,42.14
7795.TW,P11_多頭排列紅K,11,100.0,40.95,-2.51,40.95
2340.TW,P09_量縮後爆量紅K,5,100.0,40.59,-11.45,40.59
9906.TW,P08_黃金交叉量增,9,100.0,40.32,-9.48,40.32
7780.TW,P07_RSI超賣量縮,7,85.71,48.0,-10.7,40.14
6919.TW,P03_均線支撐放量,5,100.0,39.84,-2.74,39.84
3715.TW,P11_多頭排列紅K,29,89.66,44.43,-7.8,39.11
6949.TW,P02_量增紅K,12,75.0,53.86,-12.25,38.64
3715.TW,P03_均線支撐放量,5,60.0,66.93,-5.39,37.36
6805.TW,P07_RSI超賣量縮,9,88.89,42.55,-26.27,37.05
6805.TW,P03_均線支撐放量,6,100.0,37.01,-19.5,37.01
6919.TW,P10_組合訊號,13,100.0,36.06,-10.87,36.06
6215.TW,P08_黃金交叉量增,4,100.0,35.98,-4.71,35.98
6944.TW,P05_連跌反轉紅K,2,100.0,35.78,-4.14,35.78
3138.TW,P03_均線支撐放量,26,65.38,58.06,-18.23,35.54
6944.TW,P07_RSI超賣量縮,2,100.0,35.17,-1.11,35.17
8467.TW,P08_黃金交叉量增,4,100.0,35.17,-7.61,35.17
3715.TW,P08_黃金交叉量增,6,66.67,56.23,-11.94,35.15
6949.TW,P12_多頭回檔,14,50.0,76.46,-13.65,34.73
2303.TW,P09_量縮後爆量紅K,2,100.0,34.32,-1.63,34.32
6919.TW,P05_連跌反轉紅K,18,88.89,38.83,-10.78,33.73
2345.TW,P08_黃金交叉量增,4,100.0,33.6,-1.94,33.6
6949.TW,P04_長下影線放量,25,80.0,43.6,-12.14,33.48
7750.TW,P07_RSI超賣量縮,2,100.0,33.4,-10.8,33.4
6782.TW,P08_黃金交叉量增,4,100.0,32.97,-2.0,32.97
6781.TW,P10_組合訊號,10,90.0,36.98,-11.66,32.58
6919.TW,P11_多頭排列紅K,47,91.49,35.7,-10.56,32.07
7711.TW,P03_均線支撐放量,3,100.0,31.91,-8.26,31.91
6854.TW,P10_組合訊號,20,80.0,41.62,-13.19,31.89
6531.TW,P08_黃金交叉量增,6,83.33,39.58,-7.75,31.82
6949.TW,P10_組合訊號,16,68.75,49.43,-13.38,31.8
1519.TW,P09_量縮後爆量紅K,8,100.0,31.59,-12.63,31.59
6781.TW,P02_量增紅K,6,100.0,31.57,-4.61,31.57
6669.TW,P06_價量背離,10,100.0,31.52,-7.78,31.52
7799.TW,P11_多頭排列紅K,9,77.78,42.33,-15.53,31.37
2408.TW,P09_量縮後爆量紅K,6,66.67,49.92,-19.05,30.95
7722.TW,P09_量縮後爆量紅K,1,100.0,30.9,-4.8,30.9
2368.TW,P07_RSI超賣量縮,19,94.74,32.91,-7.86,30.81
4961.TW,P02_量增紅K,23,65.22,50.93,-13.09,30.78
3037.TW,P09_量縮後爆量紅K,2,100.0,30.71,-14.91,30.71
6944.TW,P01_量縮價穩,4,100.0,30.59,-4.75,30.59
6919.TW,P06_價量背離,9,66.67,49.07,-13.33,30.38
2383.TW,P06_價量背離,12,91.67,33.72,-7.22,30.33
2605.TW,P09_量縮後爆量紅K,4,75.0,42.75,-14.79,30.31
8996.TW,P06_價量背離,52,90.38,33.97,-10.97,30.03
4967.TW,P11_多頭排列紅K,38,86.84,35.3,-10.49,29.73
7799.TW,P10_組合訊號,3,66.67,47.87,-17.23,29.58
6472.TW,P09_量縮後爆量紅K,8,87.5,34.75,-3.77,29.53
6515.TW,P09_量縮後爆量紅K,2,100.0,29.48,-9.97,29.48
6944.TW,P09_量縮後爆量紅K,1,100.0,29.36,-4.01,29.36
6944.TW,P06_價量背離,2,100.0,29.22,-3.01,29.22
4967.TW,P03_均線支撐放量,21,76.19,40.54,-9.01,29.22
7780.TW,P06_價量背離,11,100.0,28.96,-10.81,28.96
2367.TW,P08_黃金交叉量增,3,100.0,28.87,-2.92,28.87
6944.TW,P03_均線支撐放量,3,100.0,28.76,-5.01,28.76
3661.TW,P01_量縮價穩,17,88.24,33.52,-13.69,28.75
7795.TW,P05_連跌反轉紅K,5,100.0,28.56,-4.7,28.56
3138.TW,P05_連跌反轉紅K,34,79.41,37.43,-16.72,28.28
6944.TW,P12_多頭回檔,4,100.0,28.27,-5.01,28.27
7799.TW,P02_量增紅K,6,66.67,45.77,-17.98,28.18
6838.TW,P09_量縮後爆量紅K,1,100.0,28.12,-5.86,28.12
3533.TW,P07_RSI超賣量縮,18,94.44,30.01,-8.67,27.96
2009.TW,P08_黃金交叉量增,4,75.0,39.38,-6.75,27.79
3661.TW,P02_量增紅K,5,80.0,36.3,-14.99,27.64
3138.TW,P07_RSI超賣量縮,54,83.33,34.53,-17.4,27.61
7780.TW,P05_連跌反轉紅K,7,71.43,41.31,-15.17,27.51
2465.TW,P09_量縮後爆量紅K,19,78.95,36.66,-13.08,27.46
2609.TW,P09_量縮後爆量紅K,7,57.14,52.67,-13.36,27.1
7795.TW,P02_量增紅K,11,81.82,34.57,-5.63,27.01
1504.TW,P09_量縮後爆量紅K,4,75.0,38.14,-6.15,26.85
3231.TW,P11_多頭排列紅K,57,85.96,32.04,-5.83,26.56
7711.TW,P02_量增紅K,4,100.0,26.4,-14.59,26.4
3013.TW,P05_連跌反轉紅K,24,87.5,31.01,-5.85,26.26
2377.TW,P09_量縮後爆量紅K,2,100.0,26.09,-3.31,26.09
6994.TW,P09_量縮後爆量紅K,4,100.0,26.04,-9.85,26.04
2328.TW,P08_黃金交叉量增,3,100.0,26.01,-10.36,26.01
3669.TW,P08_黃金交叉量增,12,75.0,36.97,-8.87,25.98
3661.TW,P07_RSI超賣量縮,20,85.0,31.74,-16.15,25.93
2364.TW,P02_量增紅K,26,65.38,42.7,-12.67,25.49
3167.TW,P08_黃金交叉量增,9,88.89,29.51,-8.55,25.46
6550.TW,P11_多頭排列紅K,31,74.19,36.28,-14.39,25.11
3592.TW,P08_黃金交叉量增,5,100.0,24.98,-4.22,24.98
2345.TW,P09_量縮後爆量紅K,4,100.0,24.97,-11.4,24.97
6944.TW,P10_組合訊號,2,100.0,24.86,-5.02,24.86
6472.TW,P04_長下影線放量,22,81.82,31.86,-11.17,24.79
3017.TW,P08_黃金交叉量增,6,83.33,31.04,-12.1,24.7
2467.TW,P08_黃金交叉量增,8,87.5,28.9,-7.09,24.42
2382.TW,P02_量增紅K,10,90.0,27.85,-7.57,24.37
3715.TW,P02_量增紅K,13,69.23,38.25,-12.74,24.32
2364.TW,P11_多頭排列紅K,26,80.77,31.67,-15.64,24.23
6176.TW,P09_量縮後爆量紅K,2,100.0,24.16,-2.85,24.16
2330.TW,P09_量縮後爆量紅K,1,100.0,24.1,-5.49,24.1
8045.TW,P05_連跌反轉紅K,17,70.59,36.99,-17.64,24.05
6919.TW,P04_長下影線放量,20,80.0,31.79,-11.15,24.03
2009.TW,P02_量增紅K,25,68.0,38.47,-10.79,23.92
4949.TW,P10_組合訊號,3,100.0,23.78,-13.27,23.78
2609.TW,P08_黃金交叉量增,4,50.0,54.34,-11.38,23.67
4967.TW,P08_黃金交叉量增,5,80.0,31.26,-11.74,23.6
6531.TW,P04_長下影線放量,31,77.42,32.34,-13.89,23.46
3653.TW,P06_價量背離,13,92.31,25.81,-10.58,23.29
2465.TW,P08_黃金交叉量增,15,80.0,30.67,-12.1,23.14
6531.TW,P05_連跌反轉紅K,25,76.0,32.65,-10.92,23.14
2383.TW,P09_量縮後爆量紅K,4,100.0,23.02,-10.22,23.02
6757.TW,P02_量增紅K,9,100.0,22.95,-4.38,22.95
9921.TW,P09_量縮後爆量紅K,3,100.0,22.92,-5.76,22.92
1560.TW,P09_量縮後爆量紅K,4,100.0,22.7,-3.46,22.7
2486.TW,P09_量縮後爆量紅K,19,94.74,24.3,-13.08,22.65
3576.TW,P09_量縮後爆量紅K,5,80.0,29.9,-10.05,22.52
6805.TW,P11_多頭排列紅K,16,93.75,24.43,-8.19,22.47
7722.TW,P02_量增紅K,2,100.0,22.37,-8.95,22.37
6472.TW,P05_連跌反轉紅K,24,91.67,24.78,-6.73,22.13
5225.TW,P09_量縮後爆量紅K,10,80.0,29.36,-6.75,22.09
6919.TW,P12_多頭回檔,21,80.95,28.9,-11.31,22.06
4949.TW,P01_量縮價穩,17,58.82,42.28,-9.79,21.99
5258.TW,P07_RSI超賣量縮,62,93.55,23.98,-8.52,21.98
6919.TW,P01_量縮價穩,55,80.0,29.11,-9.78,21.89
6706.TW,P02_量增紅K,19,89.47,25.23,-11.14,21.84
6515.TW,P07_RSI超賣量縮,48,83.33,27.53,-14.03,21.77
6955.TW,P04_長下影線放量,21,95.24,23.18,-4.02,21.74
3653.TW,P04_長下影線放量,28,89.29,25.17,-8.78,21.72
6446.TW,P09_量縮後爆量紅K,9,66.67,35.96,-14.09,21.64
2345.TW,P06_價量背離,14,92.86,23.81,-8.78,21.61
6949.TW,P01_量縮價穩,45,57.78,42.48,-15.67,21.59
6796.TW,P07_RSI超賣量縮,48,81.25,28.15,-9.39,21.56
2636.TW,P09_量縮後爆量紅K,5,80.0,28.69,-11.34,21.55
6669.TW,P07_RSI超賣量縮,19,94.74,23.06,-9.49,21.48
4763.TW,P04_長下影線放量,28,82.14,27.3,-9.61,21.17
4961.TW,P09_量縮後爆量紅K,9,77.78,29.19,-9.89,21.15
2368.TW,P04_長下影線放量,24,87.5,25.15,-8.89,21.13
1616.TW,P07_RSI超賣量縮,50,88.0,24.87,-7.77,21.05
4569.TW,P06_價量背離,25,60.0,39.46,-12.21,20.88
3715.TW,P10_組合訊號,8,50.0,48.02,-11.37,20.51
8033.TW,P09_量縮後爆量紅K,15,73.33,30.2,-11.21,20.28
3533.TW,P09_量縮後爆量紅K,4,100.0,20.13,-8.09,20.13
7791.TW,P08_黃金交叉量增,1,100.0,20.0,-0.61,20.0
6117.TW,P05_連跌反轉紅K,19,73.68,29.61,-11.06,19.97
2368.TW,P08_黃金交叉量增,9,77.78,27.54,-14.49,19.87
6781.TW,P03_均線支撐放量,8,75.0,28.76,-14.49,19.82
6526.TW,P08_黃金交叉量增,1,100.0,19.79,-2.95,19.79
7780.TW,P01_量縮價穩,35,77.14,27.71,-10.69,19.77
3535.TW,P09_量縮後爆量紅K,9,77.78,27.35,-9.06,19.72
6443.TW,P09_量縮後爆量紅K,11,54.55,41.97,-12.86,19.71
6658.TW,P12_多頭回檔,5,80.0,26.33,-21.19,19.66
3189.TW,P07_RSI超賣量縮,53,92.45,21.79,-7.59,19.62
6757.TW,P11_多頭排列紅K,22,86.36,23.77,-6.04,19.57
7791.TW,P09_量縮後爆量紅K,2,100.0,19.54,-1.5,19.54
3017.TW,P04_長下影線放量,26,84.62,24.32,-9.59,19.5
1519.TW,P04_長下影線放量,18,83.33,24.77,-10.71,19.47
2376.TW,P11_多頭排列紅K,45,82.22,25.18,-8.7,19.46
2368.TW,P05_連跌反轉紅K,24,100.0,19.45,-8.23,19.45
9103.TW,P04_長下影線放量,38,47.37,48.61,-12.83,19.34
2498.TW,P08_黃金交叉量增,12,83.33,24.58,-10.97,19.32
6753.TW,P12_多頭回檔,17,82.35,24.88,-15.02,19.26
1727.TW,P08_黃金交叉量增,10,70.0,30.49,-12.59,19.24
6531.TW,P09_量縮後爆量紅K,7,71.43,29.69,-12.9,19.21
9906.TW,P11_多頭排列紅K,44,79.55,25.91,-8.89,19.18
6589.TW,P05_連跌反轉紅K,1,100.0,19.15,-1.8,19.15
6589.TW,P10_組合訊號,1,100.0,19.15,-1.8,19.15
4949.TW,P11_多頭排列紅K,2,50.0,45.25,-17.71,19.13
2486.TW,P11_多頭排列紅K,41,75.61,27.41,-14.38,19.02
4949.TW,P12_多頭回檔,6,50.0,45.03,-11.21,19.01
3661.TW,P06_價量背離,11,72.73,28.74,-23.92,18.99
8028.TW,P08_黃金交叉量增,7,85.71,23.28,-12.67,18.96
3138.TW,P01_量縮價穩,111,76.58,26.88,-12.46,18.95
5258.TW,P06_價量背離,51,92.16,21.15,-9.49,18.94
6196.TW,P09_量縮後爆量紅K,6,83.33,24.05,-10.29,18.87
8996.TW,P10_組合訊號,30,76.67,26.74,-10.59,18.87
1513.TW,P07_RSI超賣量縮,42,95.24,19.97,-7.74,18.69
4722.TW,P08_黃金交叉量增,9,77.78,25.92,-4.47,18.6
2305.TW,P11_多頭排列紅K,30,73.33,27.64,-10.9,18.4
2449.TW,P08_黃金交叉量增,7,85.71,22.55,-10.04,18.33
6442.TW,P08_黃金交叉量增,8,87.5,21.86,-8.31,18.25
2404.TW,P05_連跌反轉紅K,20,95.0,19.52,-6.99,18.19
6531.TW,P07_RSI超賣量縮,51,70.59,28.64,-14.31,18.16
2368.TW,P11_多頭排列紅K,54,81.48,23.87,-12.97,18.15
6531.TW,P11_多頭排列紅K,52,78.85,24.84,-14.87,18.1
7750.TW,P03_均線支撐放量,1,100.0,18.01,-17.3,18.01
6657.TW,P08_黃金交叉量增,2,100.0,18.0,-7.87,18.0
1435.TW,P05_連跌反轉紅K,24,91.67,20.26,-7.9,17.99
6531.TW,P12_多頭回檔,14,85.71,22.14,-14.16,17.98
3450.TW,P09_量縮後爆量紅K,7,85.71,22.14,-5.91,17.98
2368.TW,P06_價量背離,26,88.46,21.23,-9.97,17.97
2301.TW,P09_量縮後爆量紅K,1,100.0,17.94,-6.49,17.94
2363.TW,P02_量增紅K,17,76.47,25.6,-10.9,17.93
7722.TW,P10_組合訊號,1,100.0,17.91,-9.45,17.91
2356.TW,P08_黃金交叉量增,5,80.0,24.13,-5.49,17.91
6591.TW,P08_黃金交叉量增,2,100.0,17.84,-3.94,17.84
3167.TW,P09_量縮後爆量紅K,9,77.78,24.89,-9.37,17.81
4967.TW,P02_量增紅K,20,65.0,31.13,-10.99,17.78
3653.TW,P02_量增紅K,18,88.89,20.86,-10.39,17.76
4763.TW,P09_量縮後爆量紅K,6,66.67,30.03,-16.93,17.69
8033.TW,P02_量增紅K,50,74.0,26.35,-11.44,17.68
2609.TW,P02_量增紅K,13,53.85,38.53,-12.49,17.52
4588.TW,P09_量縮後爆量紅K,8,75.0,25.68,-6.67,17.51
4763.TW,P11_多頭排列紅K,52,78.85,24.01,-12.71,17.45
3025.TW,P09_量縮後爆量紅K,4,75.0,25.58,-12.68,17.44
6669.TW,P08_黃金交叉量增,6,100.0,17.43,-9.71,17.43
3017.TW,P11_多頭排列紅K,62,87.1,21.04,-10.16,17.42
3016.TW,P09_量縮後爆量紅K,11,81.82,22.84,-10.15,17.41
2606.TW,P09_量縮後爆量紅K,4,100.0,17.4,-5.35,17.4
3545.TW,P09_量縮後爆量紅K,6,66.67,29.61,-10.27,17.4
3231.TW,P09_量縮後爆量紅K,3,66.67,29.49,-7.24,17.33
1471.TW,P12_多頭回檔,39,61.54,32.32,-10.54,17.2
1519.TW,P05_連跌反轉紅K,21,80.95,22.88,-7.84,17.19
7750.TW,P10_組合訊號,1,100.0,17.17,-16.21,17.17
1795.TW,P08_黃金交叉量增,4,100.0,17.15,-12.07,17.15
2465.TW,P02_量增紅K,54,77.78,24.03,-14.1,17.14
6885.TW,P02_量增紅K,3,66.67,29.13,-10.18,17.09
6531.TW,P01_量縮價穩,62,79.03,23.41,-12.47,17.04
3653.TW,P03_均線支撐放量,29,82.76,21.96,-13.38,16.97
3017.TW,P07_RSI超賣量縮,20,70.0,27.21,-12.5,16.95
1618.TW,P08_黃金交叉量增,11,81.82,22.14,-6.19,16.84
4961.TW,P11_多頭排列紅K,29,51.72,38.99,-16.03,16.79
2345.TW,P07_RSI超賣量縮,12,91.67,18.8,-10.53,16.65
2038.TW,P09_量縮後爆量紅K,7,57.14,34.36,-11.19,16.64
8374.TW,P12_多頭回檔,54,68.52,27.38,-6.36,16.56
2364.TW,P08_黃金交叉量增,10,70.0,26.64,-13.8,16.55
6955.TW,P02_量增紅K,27,81.48,21.82,-6.33,16.48
4967.TW,P10_組合訊號,32,78.12,23.05,-10.15,16.47
2540.TW,P04_長下影線放量,64,82.81,21.32,-7.57,16.45
2413.TW,P12_多頭回檔,25,96.0,17.32,-7.78,16.35
4569.TW,P01_量縮價穩,51,66.67,28.0,-7.96,16.33
2351.TW,P08_黃金交叉量增,3,100.0,16.32,-4.77,16.32
3715.TW,P12_多頭回檔,9,55.56,34.94,-17.85,16.3
2368.TW,P09_量縮後爆量紅K,8,87.5,19.62,-10.25,16.29
6806.TW,P10_組合訊號,15,86.67,19.79,-12.58,16.22
6235.TW,P11_多頭排列紅K,54,74.07,24.33,-12.12,16.21
6706.TW,P12_多頭回檔,28,92.86,17.97,-13.28,16.18
6442.TW,P11_多頭排列紅K,55,80.0,21.98,-7.34,16.18
6955.TW,P11_多頭排列紅K,34,82.35,21.13,-4.78,16.17
7610.TW,P06_價量背離,1,100.0,16.15,-7.5,16.15
8996.TW,P07_RSI超賣量縮,52,94.23,17.5,-11.46,16.09
4569.TW,P10_組合訊號,15,60.0,31.48,-9.24,16.09
2327.TW,P01_量縮價穩,45,75.56,23.49,-8.14,16.04
3535.TW,P11_多頭排列紅K,33,72.73,24.63,-14.05,16.0
4967.TW,P04_長下影線放量,41,73.17,24.42,-16.25,15.99
2009.TW,P05_連跌反轉紅K,34,67.65,26.99,-8.65,15.99
6515.TW,P03_均線支撐放量,16,87.5,19.22,-13.1,15.95
6526.TW,P09_量縮後爆量紅K,1,100.0,15.94,-2.97,15.94
3189.TW,P02_量增紅K,16,87.5,19.22,-8.93,15.94
2454.TW,P06_價量背離,19,89.47,18.6,-7.85,15.9
1760.TW,P08_黃金交叉量增,5,80.0,21.59,-24.46,15.87
6443.TW,P11_多頭排列紅K,33,69.7,25.48,-18.78,15.64
3653.TW,P05_連跌反轉紅K,25,84.0,19.93,-13.48,15.62
8033.TW,P03_均線支撐放量,50,72.0,24.4,-11.73,15.61
2460.TW,P09_量縮後爆量紅K,12,83.33,20.1,-13.26,15.58
3017.TW,P03_均線支撐放量,27,77.78,22.03,-12.84,15.58
2453.TW,P12_多頭回檔,23,78.26,21.82,-8.18,15.56
8110.TW,P11_多頭排列紅K,49,59.18,31.13,-12.97,15.56
6515.TW,P11_多頭排列紅K,47,85.11,19.49,-14.74,15.55
1435.TW,P11_多頭排列紅K,63,73.02,23.84,-8.81,15.52
3661.TW,P10_組合訊號,13,100.0,15.5,-13.6,15.5
6191.TW,P08_黃金交叉量增,7,85.71,19.24,-8.64,15.5
6472.TW,P12_多頭回檔,30,80.0,21.03,-8.11,15.43
3596.TW,P09_量縮後爆量紅K,3,100.0,15.41,-5.92,15.41
3019.TW,P02_量增紅K,16,87.5,18.59,-9.2,15.39
9105.TW,P05_連跌反轉紅K,14,78.57,21.48,-6.4,15.38
8478.TW,P09_量縮後爆量紅K,9,77.78,21.59,-9.64,15.24
2204.TW,P02_量增紅K,12,91.67,17.24,-6.08,15.22
2545.TW,P08_黃金交叉量增,4,100.0,15.21,-2.69,15.21
8150.TW,P09_量縮後爆量紅K,5,100.0,15.13,-3.73,15.13
2383.TW,P11_多頭排列紅K,55,81.82,20.0,-9.25,15.09
1467.TW,P05_連跌反轉紅K,20,40.0,48.02,-9.62,15.01
6796.TW,P04_長下影線放量,26,76.92,21.48,-13.47,14.91
1736.TW,P12_多頭回檔,35,77.14,21.39,-9.35,14.9
7711.TW,P04_長下影線放量,8,100.0,14.87,-16.27,14.87
2363.TW,P04_長下影線放量,20,80.0,20.33,-10.43,14.86
6691.TW,P04_長下影線放量,65,86.15,18.35,-5.24,14.84
912000.TW,P11_多頭排列紅K,30,63.33,27.47,-10.66,14.83
7799.TW,P01_量縮價穩,12,66.67,25.57,-29.18,14.71
2383.TW,P02_量增紅K,13,76.92,21.12,-10.61,14.63
5284.TW,P08_黃金交叉量增,15,86.67,17.89,-4.62,14.57
6955.TW,P03_均線支撐放量,36,83.33,18.83,-4.6,14.53
4949.TW,P05_連跌反轉紅K,6,66.67,25.21,-11.39,14.47
8033.TW,P05_連跌反轉紅K,37,75.68,21.36,-9.7,14.46
2382.TW,P11_多頭排列紅K,67,71.64,22.94,-6.93,14.45
2313.TW,P06_價量背離,36,86.11,17.87,-7.56,14.41
1612.TW,P08_黃金交叉量增,9,88.89,17.05,-4.07,14.38
3138.TW,P10_組合訊號,29,68.97,23.99,-15.01,14.38
2501.TW,P09_量縮後爆量紅K,5,60.0,28.61,-4.62,14.36
2017.TW,P09_量縮後爆量紅K,10,90.0,16.67,-12.07,14.31
1519.TW,P11_多頭排列紅K,42,76.19,20.96,-11.66,14.3
4961.TW,P04_長下影線放量,32,65.62,25.45,-14.36,14.29
2399.TW,P08_黃金交叉量增,7,71.43,22.76,-10.75,14.26
6781.TW,P07_RSI超賣量縮,27,92.59,15.91,-9.01,14.22
2465.TW,P11_多頭排列紅K,51,74.51,21.47,-16.78,14.22
2637.TW,P09_量縮後爆量紅K,6,100.0,14.15,-10.57,14.15
3032.TW,P02_量增紅K,11,90.91,16.25,-7.87,14.14
1736.TW,P10_組合訊號,36,80.56,19.24,-8.11,14.14
6873.TW,P12_多頭回檔,26,69.23,23.54,-6.5,14.14
6691.TW,P08_黃金交叉量增,11,90.91,16.24,-5.66,14.13
912000.TW,P04_長下影線放量,50,64.0,26.01,-9.81,14.13
6949.TW,P05_連跌反轉紅K,20,55.0,31.41,-16.64,14.13
7780.TW,P11_多頭排列紅K,13,61.54,27.31,-15.14,14.12
6533.TW,P12_多頭回檔,16,75.0,21.12,-17.87,14.09
4532.TW,P09_量縮後爆量紅K,2,100.0,14.08,-5.01,14.08
6442.TW,P09_量縮後爆量紅K,17,76.47,20.54,-4.4,14.06
3653.TW,P11_多頭排列紅K,56,85.71,17.54,-11.02,14.03
2363.TW,P05_連跌反轉紅K,27,77.78,20.02,-10.18,14.02
6862.TW,P12_多頭回檔,4,100.0,13.94,-7.17,13.94
5269.TW,P10_組合訊號,13,69.23,23.22,-14.98,13.92
2376.TW,P04_長下影線放量,28,85.71,17.39,-11.28,13.9
3661.TW,P12_多頭回檔,29,82.76,18.14,-17.6,13.81
2540.TW,P03_均線支撐放量,70,78.57,19.47,-6.94,13.8
3712.TW,P02_量增紅K,25,68.0,23.56,-11.7,13.78
6691.TW,P09_量縮後爆量紅K,13,92.31,15.5,-5.38,13.76
6477.TW,P08_黃金交叉量增,8,87.5,16.72,-13.33,13.76
3665.TW,P08_黃金交叉量增,6,83.33,17.9,-8.04,13.75
2486.TW,P02_量增紅K,37,78.38,19.47,-14.47,13.75
2404.TW,P04_長下影線放量,32,75.0,20.67,-7.78,13.75
3661.TW,P09_量縮後爆量紅K,2,50.0,34.5,-23.75,13.75
3135.TW,P04_長下影線放量,38,84.21,17.63,-12.97,13.74
3661.TW,P04_長下影線放量,28,82.14,18.22,-15.87,13.72
3231.TW,P08_黃金交叉量增,8,87.5,16.67,-5.76,13.71
8438.TW,P02_量增紅K,34,73.53,21.15,-8.5,13.7
2009.TW,P11_多頭排列紅K,31,74.19,20.87,-12.59,13.68
6472.TW,P03_均線支撐放量,16,81.25,18.44,-9.35,13.67
8110.TW,P04_長下影線放量,28,60.71,26.99,-11.83,13.63
2457.TW,P08_黃金交叉量增,4,75.0,20.49,-10.48,13.62
6757.TW,P09_量縮後爆量紅K,1,100.0,13.59,-1.68,13.59
3017.TW,P06_價量背離,34,79.41,18.93,-12.63,13.59
2359.TW,P04_長下影線放量,19,89.47,15.99,-12.61,13.57
2368.TW,P02_量增紅K,20,75.0,20.4,-13.12,13.55
1519.TW,P07_RSI超賣量縮,49,81.63,18.16,-8.64,13.54
2344.TW,P04_長下影線放量,30,70.0,22.33,-13.29,13.53
6931.TW,P08_黃金交叉量增,3,66.67,23.79,-2.16,13.53
3704.TW,P08_黃金交叉量增,11,81.82,18.07,-10.24,13.51
3046.TW,P07_RSI超賣量縮,69,66.67,23.69,-15.53,13.46
7780.TW,P04_長下影線放量,6,66.67,23.64,-20.88,13.42
6177.TW,P09_量縮後爆量紅K,6,66.67,23.53,-7.97,13.36
3028.TW,P09_量縮後爆量紅K,4,100.0,13.32,-2.79,13.32
6944.TW,P02_量增紅K,1,100.0,13.28,-15.9,13.28
2454.TW,P07_RSI超賣量縮,25,92.0,15.03,-10.39,13.26
3712.TW,P08_黃金交叉量增,9,55.56,29.47,-12.32,13.26
5706.TW,P07_RSI超賣量縮,53,81.13,17.94,-9.3,13.23
4569.TW,P03_均線支撐放量,20,70.0,21.86,-7.1,13.2
2540.TW,P08_黃金交叉量增,6,66.67,23.3,-8.92,13.2
4956.TW,P07_RSI超賣量縮,69,81.16,17.88,-9.86,13.19
6550.TW,P10_組合訊號,40,47.5,35.49,-20.07,13.18
3034.TW,P09_量縮後爆量紅K,4,75.0,19.81,-11.11,13.11
1608.TW,P07_RSI超賣量縮,68,75.0,19.81,-12.17,13.11
2388.TW,P08_黃金交叉量增,9,77.78,18.81,-13.8,13.07
6409.TW,P07_RSI超賣量縮,26,96.15,13.82,-8.42,13.02
2383.TW,P07_RSI超賣量縮,21,80.95,17.7,-11.52,13.0
6165.TW,P12_多頭回檔,41,70.73,21.23,-12.19,12.97
5388.TW,P09_量縮後爆量紅K,5,80.0,17.95,-8.29,12.96
6472.TW,P02_量增紅K,21,71.43,20.94,-8.58,12.95
3653.TW,P01_量縮價穩,39,84.62,16.51,-12.52,12.89
3443.TW,P04_長下影線放量,38,78.95,18.19,-16.47,12.89
8476.TW,P08_黃金交叉量增,13,84.62,16.5,-36.17,12.88
2609.TW,P11_多頭排列紅K,45,55.56,28.76,-16.36,12.87
8021.TW,P11_多頭排列紅K,58,77.59,18.56,-8.82,12.83
6589.TW,P03_均線支撐放量,2,100.0,12.82,-3.86,12.82
4763.TW,P05_連跌反轉紅K,26,73.08,20.11,-13.7,12.81
8467.TW,P09_量縮後爆量紅K,23,78.26,18.28,-7.55,12.78
2883.TW,P09_量縮後爆量紅K,3,100.0,12.76,-3.87,12.76
7780.TW,P12_多頭回檔,16,68.75,21.72,-8.61,12.75
6442.TW,P05_連跌反轉紅K,44,70.45,20.97,-7.59,12.71
2705.TW,P08_黃金交叉量增,8,87.5,15.52,-5.75,12.7
6919.TW,P07_RSI超賣量縮,30,63.33,24.1,-13.7,12.7
4569.TW,P12_多頭回檔,21,57.14,27.38,-8.69,12.65
2204.TW,P09_量縮後爆量紅K,4,100.0,12.64,-5.84,12.64
1560.TW,P07_RSI超賣量縮,51,84.31,16.26,-7.08,12.61
5292.TW,P07_RSI超賣量縮,81,85.19,16.01,-6.92,12.6
6139.TW,P08_黃金交叉量增,7,71.43,20.43,-5.89,12.59
8028.TW,P01_量縮價穩,66,80.3,17.32,-11.02,12.53
2471.TW,P04_長下影線放量,31,74.19,19.32,-7.99,12.53
3450.TW,P05_連跌反轉紅K,33,78.79,17.78,-9.57,12.52
7750.TW,P01_量縮價穩,4,100.0,12.5,-14.68,12.5
3033.TW,P09_量縮後爆量紅K,8,100.0,12.49,-4.06,12.49
1560.TW,P05_連跌反轉紅K,21,85.71,15.72,-8.48,12.48
4766.TW,P08_黃金交叉量增,12,91.67,14.23,-5.78,12.46
6139.TW,P05_連跌反轉紅K,21,71.43,20.23,-6.99,12.45
3189.TW,P09_量縮後爆量紅K,6,83.33,16.31,-14.1,12.42
3535.TW,P07_RSI超賣量縮,49,79.59,17.4,-9.9,12.42
6197.TW,P04_長下影線放量,21,90.48,14.44,-7.42,12.39
8021.TW,P12_多頭回檔,43,69.77,20.79,-8.31,12.39
6416.TW,P09_量縮後爆量紅K,6,83.33,16.26,-5.41,12.38
3048.TW,P08_黃金交叉量增,5,80.0,17.23,-4.11,12.38
2615.TW,P08_黃金交叉量增,6,83.33,16.24,-13.15,12.36
6994.TW,P03_均線支撐放量,8,100.0,12.35,-12.67,12.35
2387.TW,P06_價量背離,67,76.12,18.4,-9.62,12.34
2597.TW,P11_多頭排列紅K,53,73.58,19.29,-6.91,12.34
4770.TW,P02_量增紅K,23,86.96,15.19,-8.58,12.3
1513.TW,P02_量增紅K,18,83.33,16.15,-8.2,12.29
6937.TW,P06_價量背離,37,94.59,13.36,-5.35,12.26
1560.TW,P04_長下影線放量,27,85.19,15.6,-12.29,12.25
2892.TW,P09_量縮後爆量紅K,1,100.0,12.21,-1.24,12.21
2615.TW,P09_量縮後爆量紅K,2,50.0,31.42,-14.3,12.21
4968.TW,P07_RSI超賣量縮,58,81.03,16.68,-14.55,12.19
2101.TW,P09_量縮後爆量紅K,7,71.43,19.83,-5.11,12.17
8046.TW,P10_組合訊號,24,79.17,17.21,-13.03,12.16
6955.TW,P05_連跌反轉紅K,6,83.33,15.98,-6.01,12.15
3661.TW,P03_均線支撐放量,21,90.48,14.15,-12.88,12.14
3231.TW,P02_量增紅K,15,60.0,24.9,-9.97,12.14
2383.TW,P04_長下影線放量,46,86.96,14.99,-11.2,12.12
3661.TW,P11_多頭排列紅K,47,76.6,17.95,-17.22,12.11
3588.TW,P03_均線支撐放量,21,90.48,14.11,-11.43,12.1
3653.TW,P10_組合訊號,17,88.24,14.65,-18.38,12.1
3583.TW,P05_連跌反轉紅K,28,82.14,16.26,-10.44,12.1
2340.TW,P08_黃金交叉量增,6,83.33,15.85,-13.91,12.04
6442.TW,P02_量增紅K,41,73.17,19.01,-5.27,12.03
3013.TW,P10_組合訊號,31,87.1,14.81,-8.7,12.0
1503.TW,P08_黃金交叉量增,11,63.64,22.85,-5.3,12.0
2451.TW,P09_量縮後爆量紅K,8,62.5,23.39,-5.29,12.0
2348.TW,P08_黃金交叉量增,7,71.43,19.59,-3.96,11.99
6550.TW,P02_量增紅K,25,56.0,26.92,-14.18,11.99
3533.TW,P06_價量背離,22,86.36,14.97,-14.11,11.98
3036.TW,P05_連跌反轉紅K,30,86.67,14.88,-8.55,11.97
2472.TW,P07_RSI超賣量縮,34,91.18,13.79,-11.43,11.96
2059.TW,P11_多頭排列紅K,43,72.09,19.3,-9.26,11.96
3048.TW,P10_組合訊號,56,73.21,18.86,-5.9,11.93
2308.TW,P11_多頭排列紅K,60,65.0,22.13,-8.37,11.93
1582.TW,P09_量縮後爆量紅K,2,100.0,11.92,-8.05,11.92
4967.TW,P12_多頭回檔,30,73.33,18.81,-18.42,11.92
8033.TW,P04_長下影線放量,50,74.0,18.55,-12.55,11.91
3583.TW,P04_長下影線放量,23,86.96,14.65,-14.17,11.83
7780.TW,P10_組合訊號,9,88.89,14.16,-9.14,11.81
2368.TW,P10_組合訊號,19,78.95,16.83,-15.71,11.81
6805.TW,P05_連跌反轉紅K,10,70.0,19.88,-18.07,11.81
3669.TW,P02_量增紅K,27,59.26,24.74,-11.53,11.81
2364.TW,P05_連跌反轉紅K,43,72.09,19.08,-14.59,11.8
5292.TW,P09_量縮後爆量紅K,16,87.5,14.44,-6.01,11.76
3013.TW,P07_RSI超賣量縮,54,87.04,14.55,-9.27,11.76
3535.TW,P12_多頭回檔,18,77.78,17.13,-13.05,11.76
4770.TW,P08_黃金交叉量增,8,100.0,11.75,-11.66,11.75
2497.TW,P12_多頭回檔,33,72.73,18.78,-10.03,11.75
6862.TW,P08_黃金交叉量增,1,100.0,11.73,-7.41,11.73
6278.TW,P07_RSI超賣量縮,39,87.18,14.46,-14.17,11.71
2421.TW,P05_連跌反轉紅K,20,85.0,15.01,-9.68,11.71
2457.TW,P11_多頭排列紅K,49,75.51,17.78,-13.08,11.71
3135.TW,P08_黃金交叉量增,5,80.0,16.36,-11.28,11.69
3450.TW,P04_長下影線放量,20,75.0,17.92,-15.43,11.69
3017.TW,P12_多頭回檔,39,87.18,14.42,-11.26,11.67
7795.TW,P12_多頭回檔,9,66.67,21.0,-7.64,11.67
6139.TW,P07_RSI超賣量縮,34,73.53,18.37,-5.48,11.66
2364.TW,P12_多頭回檔,38,60.53,23.83,-17.13,11.66
3017.TW,P02_量增紅K,17,100.0,11.64,-11.4,11.64
6165.TW,P03_均線支撐放量,35,77.14,17.15,-7.73,11.63
6442.TW,P07_RSI超賣量縮,86,75.58,17.65,-6.35,11.63
8996.TW,P04_長下影線放量,34,73.53,18.32,-14.05,11.62
3013.TW,P04_長下影線放量,30,83.33,15.33,-9.79,11.61
8438.TW,P09_量縮後爆量紅K,15,73.33,18.37,-5.07,11.61
5284.TW,P11_多頭排列紅K,57,73.68,18.24,-7.36,11.6
2471.TW,P11_多頭排列紅K,39,84.62,14.95,-7.45,11.57
2327.TW,P08_黃金交叉量增,6,66.67,20.85,-7.07,11.57
2471.TW,P02_量增紅K,18,77.78,16.87,-9.78,11.56
2025.TW,P12_多頭回檔,40,67.5,20.5,-12.76,11.56
5234.TW,P11_多頭排列紅K,44,77.27,17.0,-9.23,11.55
2313.TW,P07_RSI超賣量縮,31,87.1,14.28,-7.05,11.53
1503.TW,P02_量增紅K,20,70.0,19.47,-9.08,11.53
3008.TW,P09_量縮後爆量紅K,1,100.0,11.52,-4.0,11.52
3027.TW,P11_多頭排列紅K,43,79.07,16.41,-13.73,11.51
6533.TW,P08_黃金交叉量增,8,87.5,14.12,-15.91,11.48
4526.TW,P09_量縮後爆量紅K,7,100.0,11.46,-10.14,11.46
6189.TW,P02_量增紅K,9,77.78,16.69,-4.27,11.43
5269.TW,P12_多頭回檔,24,83.33,15.11,-14.07,11.42
8021.TW,P08_黃金交叉量增,7,71.43,18.79,-4.85,11.42
6443.TW,P04_長下影線放量,19,63.16,22.11,-17.58,11.39
6196.TW,P07_RSI超賣量縮,38,92.11,12.96,-9.34,11.38
2324.TW,P09_量縮後爆量紅K,1,100.0,11.37,-10.7,11.37
3044.TW,P07_RSI超賣量縮,18,83.33,15.04,-6.44,11.37
2540.TW,P05_連跌反轉紅K,46,76.09,17.13,-6.71,11.36
6531.TW,P10_組合訊號,16,56.25,25.64,-16.49,11.36
1612.TW,P09_量縮後爆量紅K,6,83.33,14.98,-6.5,11.31
7631.TW,P08_黃金交叉量增,4,75.0,17.42,-8.88,11.31
2345.TW,P04_長下影線放量,38,76.32,16.98,-12.81,11.3
5234.TW,P02_量增紅K,16,75.0,17.4,-11.93,11.3
3518.TW,P07_RSI超賣量縮,97,80.41,15.74,-12.32,11.29
6691.TW,P01_量縮價穩,153,77.12,16.71,-5.78,11.29
8070.TW,P07_RSI超賣量縮,32,84.38,14.66,-5.74,11.27
3149.TW,P09_量縮後爆量紅K,12,66.67,20.38,-11.86,11.26
2408.TW,P04_長下影線放量,30,63.33,21.82,-13.49,11.26
6515.TW,P06_價量背離,32,81.25,15.44,-17.08,11.24
3583.TW,P11_多頭排列紅K,40,80.0,15.78,-10.59,11.22
3312.TW,P12_多頭回檔,21,61.9,22.42,-7.26,11.21
1309.TW,P02_量增紅K,25,72.0,18.27,-11.32,11.2
7795.TW,P04_長下影線放量,4,75.0,17.25,-5.04,11.19
2501.TW,P08_黃金交叉量增,5,60.0,23.27,-6.73,11.16
2316.TW,P07_RSI超賣量縮,62,74.19,17.43,-9.25,11.13
6405.TW,P09_量縮後爆量紅K,18,72.22,18.1,-7.85,11.13
8033.TW,P07_RSI超賣量縮,55,80.0,15.64,-9.36,11.11
3167.TW,P05_連跌反轉紅K,33,72.73,17.9,-11.21,11.11
8271.TW,P04_長下影線放量,23,78.26,16.11,-7.25,11.09
8028.TW,P10_組合訊號,29,82.76,14.84,-10.45,11.08
6443.TW,P08_黃金交叉量增,7,71.43,18.31,-12.3,11.08
6446.TW,P11_多頭排列紅K,39,56.41,25.05,-17.22,11.08
5225.TW,P03_均線支撐放量,23,78.26,16.08,-8.82,11.06
2472.TW,P05_連跌反轉紅K,19,84.21,14.4,-8.72,11.02
2603.TW,P08_黃金交叉量增,6,83.33,14.61,-12.73,11.01
6669.TW,P05_連跌反轉紅K,35,82.86,14.73,-12.15,11.01
2543.TW,P07_RSI超賣量縮,45,77.78,16.15,-5.23,11.0
6955.TW,P06_價量背離,29,72.41,17.83,-5.44,10.98
8996.TW,P08_黃金交叉量增,6,66.67,19.95,-18.04,10.97
6955.TW,P12_多頭回檔,22,81.82,14.95,-4.52,10.96
1727.TW,P02_量增紅K,33,57.58,24.17,-12.3,10.95
6658.TW,P04_長下影線放量,12,58.33,23.76,-11.63,10.94
1608.TW,P09_量縮後爆量紅K,12,75.0,16.9,-8.99,10.93
2468.TW,P11_多頭排列紅K,32,59.38,23.17,-13.49,10.91
1605.TW,P12_多頭回檔,28,82.14,14.78,-7.77,10.89
9103.TW,P11_多頭排列紅K,14,42.86,34.75,-19.34,10.89
6191.TW,P07_RSI超賣量縮,28,75.0,16.84,-6.82,10.88
2388.TW,P06_價量背離,41,68.29,19.18,-13.38,10.88
4958.TW,P09_量縮後爆量紅K,1,100.0,10.86,-18.4,10.86
2348.TW,P09_量縮後爆量紅K,4,100.0,10.86,-10.88,10.86
6271.TW,P06_價量背離,32,87.5,13.41,-8.97,10.86
2612.TW,P09_量縮後爆量紅K,10,90.0,12.84,-8.04,10.85
2387.TW,P01_量縮價穩,114,71.05,18.12,-8.11,10.85
3025.TW,P07_RSI超賣量縮,61,90.16,12.76,-13.47,10.82
6197.TW,P07_RSI超賣量縮,36,86.11,13.66,-6.99,10.79
3588.TW,P10_組合訊號,28,78.57,15.63,-11.55,10.78
8261.TW,P05_連跌反轉紅K,25,72.0,17.7,-11.27,10.78
8045.TW,P02_量增紅K,48,68.75,18.86,-9.8,10.78
3413.TW,P07_RSI超賣量縮,34,91.18,12.49,-13.97,10.77
1616.TW,P05_連跌反轉紅K,31,74.19,16.95,-10.46,10.77
2006.TW,P07_RSI超賣量縮,35,85.71,13.72,-6.29,10.76
2543.TW,P11_多頭排列紅K,37,78.38,15.66,-11.15,10.76
3447.TW,P12_多頭回檔,19,78.95,15.46,-10.88,10.73
2404.TW,P12_多頭回檔,32,81.25,14.81,-6.96,10.72
2308.TW,P02_量增紅K,7,57.14,24.02,-12.5,10.72
9941.TW,P09_量縮後爆量紅K,1,100.0,10.69,-5.66,10.69
8070.TW,P08_黃金交叉量增,9,100.0,10.67,-6.36,10.67
2329.TW,P04_長下影線放量,17,94.12,11.77,-12.73,10.67
2376.TW,P08_黃金交叉量增,6,83.33,14.19,-9.08,10.66
2388.TW,P07_RSI超賣量縮,47,70.21,18.16,-17.9,10.66
3037.TW,P03_均線支撐放量,26,76.92,15.94,-13.97,10.65
6919.TW,P09_量縮後爆量紅K,6,66.67,19.47,-15.68,10.65
8210.TW,P11_多頭排列紅K,43,69.77,18.28,-11.84,10.64
3622.TW,P02_量增紅K,15,73.33,17.04,-8.75,10.63
2338.TW,P09_量縮後爆量紅K,5,80.0,14.97,-16.91,10.58
3037.TW,P02_量增紅K,13,69.23,18.4,-18.63,10.58
4977.TW,P02_量增紅K,11,90.91,12.32,-10.47,10.56
6477.TW,P11_多頭排列紅K,41,73.17,16.99,-11.91,10.56
2383.TW,P08_黃金交叉量增,10,80.0,14.92,-12.88,10.54
6869.TW,P12_多頭回檔,12,58.33,23.05,-14.51,10.53
6658.TW,P07_RSI超賣量縮,15,66.67,19.27,-12.49,10.51
5222.TW,P03_均線支撐放量,19,68.42,18.57,-9.88,10.5
7799.TW,P12_多頭回檔,5,60.0,22.15,-30.43,10.49
2606.TW,P02_量增紅K,9,77.78,15.43,-7.95,10.45
2607.TW,P07_RSI超賣量縮,31,83.87,13.8,-3.73,10.44
2540.TW,P11_多頭排列紅K,52,75.0,16.25,-10.41,10.44
2460.TW,P11_多頭排列紅K,51,72.55,17.03,-12.22,10.43
2248.TW,P03_均線支撐放量,11,90.91,12.17,-5.74,10.42
3653.TW,P09_量縮後爆量紅K,6,83.33,13.91,-11.84,10.42
9105.TW,P12_多頭回檔,31,70.97,17.51,-7.23,10.4
8210.TW,P06_價量背離,48,66.67,19.07,-8.66,10.38
2376.TW,P07_RSI超賣量縮,49,87.76,12.78,-14.32,10.36
3006.TW,P02_量增紅K,23,73.91,16.46,-14.88,10.34
5258.TW,P05_連跌反轉紅K,27,74.07,16.39,-12.07,10.33
6885.TW,P04_長下影線放量,6,66.67,18.99,-12.18,10.33
6799.TW,P10_組合訊號,17,58.82,22.45,-17.57,10.32
2236.TW,P10_組合訊號,68,69.12,18.03,-6.94,10.3
1519.TW,P12_多頭回檔,33,87.88,12.65,-12.17,10.27
8996.TW,P02_量增紅K,22,77.27,15.31,-17.66,10.24
2468.TW,P02_量增紅K,21,66.67,18.86,-11.01,10.24
2059.TW,P04_長下影線放量,42,73.81,16.34,-8.84,10.23
6426.TW,P08_黃金交叉量增,6,83.33,13.67,-12.0,10.22
7795.TW,P10_組合訊號,11,54.55,24.56,-11.14,10.21
3044.TW,P05_連跌反轉紅K,18,72.22,16.81,-7.5,10.2
5234.TW,P06_價量背離,66,69.7,17.68,-9.96,10.2
2027.TW,P07_RSI超賣量縮,52,69.23,17.85,-8.13,10.2
3715.TW,P09_量縮後爆量紅K,4,50.0,27.37,-16.87,10.18
3376.TW,P08_黃金交叉量增,7,71.43,17.01,-5.74,10.15
6205.TW,P05_連跌反轉紅K,33,72.73,16.57,-12.18,10.14
6197.TW,P03_均線支撐放量,30,93.33,11.36,-5.24,10.13
4977.TW,P05_連跌反轉紅K,23,82.61,13.74,-11.8,10.13
2486.TW,P04_長下影線放量,22,77.27,15.15,-17.43,10.11
6937.TW,P07_RSI超賣量縮,27,77.78,14.99,-8.76,10.1
8996.TW,P11_多頭排列紅K,56,80.36,14.25,-18.54,10.08
3051.TW,P09_量縮後爆量紅K,16,68.75,17.84,-10.92,10.08
3416.TW,P09_量縮後爆量紅K,9,88.89,12.2,-4.99,10.06
8131.TW,P02_量增紅K,15,60.0,21.44,-7.67,10.06
3305.TW,P08_黃金交叉量增,4,75.0,15.73,-11.61,10.05
8033.TW,P01_量縮價穩,103,74.76,15.72,-9.65,9.99
6695.TW,P09_量縮後爆量紅K,16,93.75,11.1,-15.99,9.97
2316.TW,P06_價量背離,59,74.58,15.76,-8.53,9.97
2457.TW,P02_量增紅K,31,70.97,16.91,-12.47,9.97
1519.TW,P01_量縮價穩,60,80.0,14.2,-10.54,9.96
6579.TW,P10_組合訊號,60,68.33,17.81,-6.98,9.96
2376.TW,P01_量縮價穩,52,76.92,15.02,-11.56,9.94
3004.TW,P12_多頭回檔,33,90.91,11.59,-9.78,9.9
1615.TW,P09_量縮後爆量紅K,5,80.0,14.12,-2.55,9.9
6215.TW,P04_長下影線放量,27,74.07,15.8,-9.25,9.89
2385.TW,P08_黃金交叉量增,5,80.0,14.11,-5.11,9.88
6117.TW,P09_量縮後爆量紅K,14,64.29,19.25,-10.45,9.87
1795.TW,P03_均線支撐放量,13,84.62,12.92,-12.26,9.85
2312.TW,P08_黃金交叉量增,5,80.0,14.06,-6.55,9.85
3533.TW,P03_均線支撐放量,33,78.79,14.37,-10.46,9.84
1736.TW,P03_均線支撐放量,23,78.26,14.52,-9.9,9.84
2331.TW,P08_黃金交叉量增,9,77.78,14.65,-9.51,9.84
4588.TW,P02_量增紅K,10,80.0,14.04,-10.75,9.83
3535.TW,P05_連跌反轉紅K,31,67.74,17.84,-15.0,9.83
6515.TW,P01_量縮價穩,72,80.56,13.88,-15.19,9.82
6757.TW,P04_長下影線放量,13,76.92,14.84,-10.72,9.8
2345.TW,P02_量增紅K,8,87.5,12.17,-13.19,9.77
2481.TW,P07_RSI超賣量縮,53,81.13,13.63,-12.22,9.74
6117.TW,P07_RSI超賣量縮,34,67.65,17.74,-8.21,9.73
2615.TW,P11_多頭排列紅K,31,61.29,20.29,-13.46,9.73
9955.TW,P04_長下影線放量,31,80.65,13.71,-7.08,9.71
3305.TW,P02_量增紅K,26,69.23,17.14,-10.95,9.71
1466.TW,P05_連跌反轉紅K,28,42.86,31.99,-10.01,9.71
1309.TW,P11_多頭排列紅K,42,59.52,21.06,-11.74,9.7
6438.TW,P07_RSI超賣量縮,48,81.25,13.53,-12.71,9.68
3016.TW,P08_黃金交叉量增,7,57.14,22.18,-11.57,9.67
9136.TW,P08_黃金交叉量增,8,87.5,12.03,-2.93,9.65
8033.TW,P12_多頭回檔,27,70.37,16.66,-9.0,9.65
2610.TW,P07_RSI超賣量縮,41,58.54,21.43,-7.45,9.64
3004.TW,P09_量縮後爆量紅K,6,100.0,9.61,-4.48,9.61
6753.TW,P06_價量背離,34,67.65,17.53,-9.96,9.6
2392.TW,P08_黃金交叉量增,9,88.89,11.66,-4.68,9.59
5906.TW,P09_量縮後爆量紅K,34,64.71,18.64,-9.29,9.59
6944.TW,P11_多頭排列紅K,3,100.0,9.58,-10.63,9.58
2634.TW,P09_量縮後爆量紅K,6,83.33,12.9,-9.7,9.58
6205.TW,P03_均線支撐放量,38,60.53,20.37,-11.64,9.57
2637.TW,P02_量增紅K,19,89.47,11.51,-10.8,9.56
1475.TW,P07_RSI超賣量縮,112,61.61,19.87,-14.21,9.56
4571.TW,P02_量增紅K,23,91.3,11.13,-9.92,9.55
1616.TW,P04_長下影線放量,50,78.0,14.21,-6.24,9.55
7631.TW,P10_組合訊號,29,79.31,13.84,-6.72,9.53
2497.TW,P03_均線支撐放量,28,64.29,18.68,-11.7,9.51
2540.TW,P10_組合訊號,35,82.86,12.91,-5.07,9.5
6933.TW,P02_量增紅K,7,71.43,16.05,-17.98,9.46
3622.TW,P06_價量背離,42,83.33,12.73,-8.08,9.44
6165.TW,P05_連跌反轉紅K,38,76.32,14.55,-11.97,9.44
2441.TW,P09_量縮後爆量紅K,2,100.0,9.43,-2.85,9.43
6782.TW,P12_多頭回檔,29,72.41,15.66,-10.3,9.41
6796.TW,P08_黃金交叉量增,3,66.67,17.61,-7.14,9.41
8045.TW,P11_多頭排列紅K,60,65.0,18.24,-15.6,9.41
3209.TW,P08_黃金交叉量增,9,88.89,11.44,-6.19,9.39
2597.TW,P04_長下影線放量,46,76.09,14.54,-6.62,9.39
1515.TW,P08_黃金交叉量增,9,88.89,11.43,-10.59,9.38
3515.TW,P05_連跌反轉紅K,27,74.07,15.12,-13.2,9.38
3305.TW,P07_RSI超賣量縮,52,71.15,16.02,-11.31,9.38
6472.TW,P01_量縮價穩,63,76.19,14.46,-8.65,9.35
2359.TW,P07_RSI超賣量縮,45,91.11,10.94,-9.32,9.34
3450.TW,P07_RSI超賣量縮,54,74.07,15.04,-9.34,9.33
9904.TW,P09_量縮後爆量紅K,2,100.0,9.32,-7.93,9.32
5243.TW,P11_多頭排列紅K,45,84.44,12.29,-9.58,9.29
8033.TW,P06_價量背離,78,71.79,15.7,-9.82,9.29
8271.TW,P01_量縮價穩,83,84.34,12.3,-7.73,9.27
6854.TW,P08_黃金交叉量增,4,100.0,9.23,-13.76,9.23
2497.TW,P10_組合訊號,29,75.86,14.37,-11.57,9.22
2630.TW,P09_量縮後爆量紅K,20,65.0,17.95,-9.98,9.22
2108.TW,P11_多頭排列紅K,47,68.09,16.8,-7.92,9.21
2504.TW,P07_RSI超賣量縮,51,74.51,14.7,-5.72,9.17
1435.TW,P12_多頭回檔,75,68.0,16.68,-6.44,9.1
3312.TW,P04_長下影線放量,35,68.57,16.46,-10.23,9.09
3051.TW,P05_連跌反轉紅K,35,68.57,16.46,-11.94,9.09
8028.TW,P07_RSI超賣量縮,44,72.73,15.11,-11.57,9.08
6955.TW,P01_量縮價穩,81,72.84,15.06,-5.99,9.07
2313.TW,P09_量縮後爆量紅K,6,66.67,17.11,-10.58,9.07
8028.TW,P05_連跌反轉紅K,17,88.24,11.21,-11.75,9.06
4588.TW,P08_黃金交叉量增,4,75.0,14.41,-12.49,9.06
6446.TW,P12_多頭回檔,24,75.0,14.4,-16.12,9.05
3617.TW,P09_量縮後爆量紅K,5,80.0,13.05,-7.63,9.04
2465.TW,P07_RSI超賣量縮,81,67.9,16.63,-15.09,9.04
6753.TW,P04_長下影線放量,40,62.5,18.67,-10.08,9.04
6706.TW,P05_連跌反轉紅K,31,70.97,15.59,-16.51,9.03
8926.TW,P08_黃金交叉量增,4,75.0,14.35,-2.36,9.01
2348.TW,P11_多頭排列紅K,61,75.41,14.2,-9.15,8.99
6869.TW,P11_多頭排列紅K,16,62.5,18.59,-10.6,8.99
6117.TW,P08_黃金交叉量增,11,81.82,12.52,-7.84,8.97
2236.TW,P05_連跌反轉紅K,36,77.78,13.51,-9.15,8.95
6782.TW,P10_組合訊號,28,75.0,14.26,-9.29,8.95
2359.TW,P06_價量背離,52,82.69,12.27,-8.95,8.93
4746.TW,P08_黃金交叉量增,9,77.78,13.48,-9.66,8.93
1475.TW,P02_量增紅K,41,60.98,19.13,-16.75,8.93
8996.TW,P01_量縮價穩,61,73.77,14.56,-11.81,8.91
2476.TW,P09_量縮後爆量紅K,8,75.0,14.2,-9.14,8.9
2464.TW,P09_量縮後爆量紅K,7,57.14,20.82,-7.59,8.9
2597.TW,P12_多頭回檔,69,73.91,14.49,-6.23,8.88
3694.TW,P11_多頭排列紅K,45,73.33,14.65,-13.38,8.88
2345.TW,P05_連跌反轉紅K,43,86.05,11.43,-8.86,8.86
8046.TW,P04_長下影線放量,37,81.08,12.55,-13.19,8.86
3406.TW,P05_連跌反轉紅K,32,71.88,15.06,-10.68,8.86
6691.TW,P05_連跌反轉紅K,32,68.75,16.06,-7.93,8.85
3305.TW,P09_量縮後爆量紅K,12,66.67,16.76,-7.85,8.84
3443.TW,P03_均線支撐放量,21,66.67,16.73,-14.58,8.82
2429.TW,P03_均線支撐放量,46,63.04,18.1,-10.18,8.82
6706.TW,P06_價量背離,57,59.65,19.5,-13.64,8.81
3042.TW,P07_RSI超賣量縮,33,81.82,12.31,-6.95,8.8
6472.TW,P07_RSI超賣量縮,29,68.97,15.9,-9.93,8.8
1587.TW,P04_長下影線放量,39,66.67,16.71,-8.41,8.8
4571.TW,P09_量縮後爆量紅K,6,66.67,16.68,-6.62,8.79
6285.TW,P07_RSI超賣量縮,31,80.65,12.56,-6.02,8.78
2357.TW,P06_價量背離,41,80.49,12.57,-7.35,8.75
2355.TW,P08_黃金交叉量增,4,75.0,14.0,-4.77,8.75
5225.TW,P10_組合訊號,51,70.59,15.28,-11.63,8.73
3046.TW,P04_長下影線放量,26,65.38,17.04,-18.88,8.72
2363.TW,P09_量縮後爆量紅K,8,75.0,13.93,-9.0,8.7
8110.TW,P05_連跌反轉紅K,27,66.67,16.53,-9.96,8.69
6515.TW,P05_連跌反轉紅K,34,76.47,13.51,-17.57,8.68
4566.TW,P03_均線支撐放量,37,64.86,17.18,-7.02,8.68
8210.TW,P09_量縮後爆量紅K,5,100.0,8.67,-13.19,8.67
6196.TW,P06_價量背離,36,75.0,13.89,-8.51,8.67
6799.TW,P03_均線支撐放量,18,55.56,21.2,-15.97,8.66
6796.TW,P06_價量背離,59,77.97,13.07,-7.77,8.65
2613.TW,P07_RSI超賣量縮,64,73.44,14.31,-9.33,8.65
4961.TW,P12_多頭回檔,25,56.0,20.93,-11.94,8.64
2455.TW,P05_連跌反轉紅K,27,85.19,11.33,-11.91,8.62
6756.TW,P07_RSI超賣量縮,51,74.51,13.97,-13.2,8.62
2376.TW,P12_多頭回檔,37,70.27,15.23,-9.84,8.62
1514.TW,P11_多頭排列紅K,42,73.81,14.14,-11.63,8.6
6533.TW,P02_量增紅K,15,66.67,16.4,-16.71,8.6
6794.TW,P06_價量背離,16,68.75,15.68,-4.56,8.59
5225.TW,P11_多頭排列紅K,47,70.21,15.19,-10.5,8.58
4588.TW,P12_多頭回檔,30,63.33,17.59,-10.89,8.57
1612.TW,P07_RSI超賣量縮,42,78.57,12.8,-6.12,8.55
6691.TW,P03_均線支撐放量,50,78.0,12.91,-7.25,8.53
6799.TW,P01_量縮價穩,46,73.91,14.01,-15.15,8.53
9103.TW,P01_量縮價穩,144,55.56,20.93,-12.57,8.52
6197.TW,P08_黃金交叉量增,4,100.0,8.51,-11.5,8.51
2884.TW,P09_量縮後爆量紅K,1,100.0,-11.99,-28.44,8.5
2313.TW,P08_黃金交叉量增,3,100.0,-2.4,-11.19,8.5
2409.TW,P08_黃金交叉量增,3,100.0,-2.07,-10.07,8.5
1477.TW,P09_量縮後爆量紅K,2,100.0,-2.03,-11.8,8.5
2492.TW,P09_量縮後爆量紅K,1,100.0,-5.79,-14.29,8.5
6890.TW,P02_量增紅K,8,100.0,-2.99,-15.82,8.5
6890.TW,P10_組合訊號,2,100.0,-4.05,-11.15,8.5
2855.TW,P09_量縮後爆量紅K,2,100.0,-4.15,-7.34,8.5
1104.TW,P08_黃金交叉量增,1,100.0,-1.93,-9.82,8.5
6589.TW,P01_量縮價穩,5,100.0,-0.83,-5.99,8.5
9802.TW,P09_量縮後爆量紅K,6,100.0,-3.57,-12.19,8.5
6962.TW,P12_多頭回檔,1,100.0,-9.76,-25.89,8.5
1789.TW,P09_量縮後爆量紅K,2,100.0,-3.48,-8.62,8.5
7711.TW,P11_多頭排列紅K,7,100.0,-14.15,-33.54,8.5
2617.TW,P09_量縮後爆量紅K,2,100.0,-7.91,-11.35,8.5
1563.TW,P02_量增紅K,1,100.0,-13.06,-24.88,8.5
6923.TW,P09_量縮後爆量紅K,1,100.0,-6.31,-9.61,8.5
1709.TW,P08_黃金交叉量增,3,100.0,-2.72,-5.57,8.5
6994.TW,P08_黃金交叉量增,2,100.0,-3.46,-9.54,8.5
1310.TW,P09_量縮後爆量紅K,2,100.0,-0.67,-5.86,8.5
4952.TW,P08_黃金交叉量增,4,100.0,-1.7,-11.05,8.5
6885.TW,P09_量縮後爆量紅K,1,100.0,-8.18,-8.81,8.5
4949.TW,P09_量縮後爆量紅K,1,100.0,-17.04,-17.71,8.5
6909.TW,P03_均線支撐放量,2,100.0,-7.08,-16.91,8.5
3653.TW,P12_多頭回檔,37,81.08,12.12,-15.64,8.5
2603.TW,P11_多頭排列紅K,44,59.09,19.22,-16.46,8.49
2379.TW,P06_價量背離,17,82.35,11.8,-7.11,8.48
8016.TW,P04_長下影線放量,33,69.7,15.21,-7.56,8.48
8033.TW,P11_多頭排列紅K,63,66.67,16.21,-13.86,8.47
6531.TW,P06_價量背離,46,58.7,19.34,-16.91,8.46
2352.TW,P09_量縮後爆量紅K,2,100.0,8.44,-3.08,8.44
2344.TW,P12_多頭回檔,22,72.73,14.23,-13.41,8.44
2408.TW,P05_連跌反轉紅K,33,69.7,15.15,-13.43,8.43
3545.TW,P01_量縮價穩,59,66.1,16.34,-14.11,8.43
6189.TW,P09_量縮後爆量紅K,5,60.0,18.68,-6.86,8.41
1802.TW,P09_量縮後爆量紅K,4,75.0,13.54,-12.24,8.4
2236.TW,P03_均線支撐放量,52,71.15,14.64,-6.24,8.4
3025.TW,P05_連跌反轉紅K,31,80.65,12.08,-13.79,8.39
2025.TW,P06_價量背離,57,73.68,13.88,-11.98,8.39
2636.TW,P08_黃金交叉量增,4,75.0,13.51,-6.6,8.38
9906.TW,P10_組合訊號,44,72.73,14.14,-10.86,8.38
6472.TW,P10_組合訊號,16,81.25,11.92,-10.86,8.37
3006.TW,P11_多頭排列紅K,41,58.54,19.26,-15.88,8.37
2360.TW,P05_連跌反轉紅K,24,79.17,12.39,-10.36,8.35
6152.TW,P10_組合訊號,58,70.69,14.7,-8.55,8.34
2637.TW,P08_黃金交叉量增,9,77.78,12.71,-14.14,8.33
6449.TW,P11_多頭排列紅K,39,74.36,13.62,-9.08,8.33
5484.TW,P03_均線支撐放量,94,61.7,17.84,-9.22,8.33
3563.TW,P08_黃金交叉量增,5,60.0,18.56,-14.5,8.33
6257.TW,P07_RSI超賣量縮,32,90.62,9.9,-4.75,8.31
3704.TW,P07_RSI超賣量縮,45,82.22,11.62,-10.11,8.31
2316.TW,P02_量增紅K,34,64.71,16.64,-10.99,8.3
2059.TW,P09_量縮後爆量紅K,2,50.0,23.61,-12.48,8.3
6472.TW,P11_多頭排列紅K,37,75.68,13.21,-11.58,8.29
2421.TW,P04_長下影線放量,25,68.0,15.48,-12.8,8.29
1513.TW,P08_黃金交叉量增,12,75.0,13.35,-9.22,8.26
1529.TW,P09_量縮後爆量紅K,10,80.0,12.07,-11.22,8.25
6994.TW,P02_量增紅K,8,87.5,10.42,-5.41,8.24
6278.TW,P03_均線支撐放量,24,79.17,12.25,-5.5,8.24
3035.TW,P06_價量背離,25,72.0,14.16,-13.13,8.24
2453.TW,P06_價量背離,77,76.62,12.87,-6.84,8.23
8033.TW,P10_組合訊號,47,59.57,18.57,-11.54,8.23
2359.TW,P05_連跌反轉紅K,22,81.82,11.61,-9.93,8.22
3027.TW,P05_連跌反轉紅K,32,68.75,15.13,-9.81,8.22
2025.TW,P02_量增紅K,21,76.19,12.96,-10.36,8.21
3046.TW,P05_連跌反轉紅K,39,69.23,14.96,-13.6,8.21
8478.TW,P08_黃金交叉量增,5,60.0,18.35,-11.55,8.21
6873.TW,P09_量縮後爆量紅K,5,80.0,12.0,-4.68,8.2
8046.TW,P06_價量背離,24,70.83,14.42,-13.59,8.17
3027.TW,P02_量增紅K,23,69.57,14.81,-13.36,8.17
1229.TW,P02_量增紅K,9,100.0,8.16,-3.49,8.16
2359.TW,P01_量縮價穩,99,79.8,12.0,-9.75,8.16
3048.TW,P03_均線支撐放量,42,71.43,14.2,-6.11,8.14
2316.TW,P11_多頭排列紅K,62,69.35,14.83,-9.31,8.14
4722.TW,P07_RSI超賣量縮,43,48.84,23.99,-5.31,8.14
9955.TW,P03_均線支撐放量,37,81.08,11.66,-7.72,8.13
3037.TW,P04_長下影線放量,30,76.67,12.74,-12.63,8.13
8222.TW,P11_多頭排列紅K,36,72.22,13.95,-11.83,8.13
6691.TW,P11_多頭排列紅K,64,81.25,11.62,-6.76,8.12
2360.TW,P12_多頭回檔,46,80.43,11.79,-9.46,8.12
2493.TW,P07_RSI超賣量縮,33,69.7,14.69,-7.23,8.12
2603.TW,P12_多頭回檔,30,76.67,12.71,-9.16,8.11
1802.TW,P11_多頭排列紅K,50,68.0,15.22,-11.86,8.11
2609.TW,P04_長下影線放量,41,51.22,22.48,-14.65,8.1
2454.TW,P04_長下影線放量,47,82.98,11.18,-9.36,8.09
8210.TW,P07_RSI超賣量縮,33,57.58,19.2,-12.38,8.09
2376.TW,P06_價量背離,32,81.25,11.57,-12.62,8.08
3376.TW,P06_價量背離,46,71.74,14.02,-7.36,8.08
6658.TW,P03_均線支撐放量,9,66.67,15.62,-12.52,8.08
4770.TW,P09_量縮後爆量紅K,4,75.0,13.09,-9.71,8.07
1342.TW,P10_組合訊號,59,67.8,15.22,-7.03,8.07
5269.TW,P03_均線支撐放量,24,66.67,15.61,-16.16,8.07
6451.TW,P12_多頭回檔,29,79.31,11.99,-10.24,8.06
1795.TW,P07_RSI超賣量縮,32,75.0,13.07,-16.54,8.06
1618.TW,P07_RSI超賣量縮,68,73.53,13.48,-8.31,8.06
2465.TW,P04_長下影線放量,32,84.38,10.83,-14.93,8.04
6438.TW,P06_價量背離,45,82.22,11.29,-10.09,8.04
3034.TW,P12_多頭回檔,40,77.5,12.39,-9.13,8.03
1256.TW,P11_多頭排列紅K,37,75.68,12.85,-6.37,8.02
1215.TW,P09_量縮後爆量紅K,7,85.71,10.51,-4.64,8.01
5284.TW,P02_量增紅K,33,72.73,13.63,-6.16,8.0
2313.TW,P02_量增紅K,12,66.67,15.5,-9.27,8.0
3231.TW,P04_長下影線放量,41,63.41,16.66,-9.46,8.0
4571.TW,P11_多頭排列紅K,28,78.57,12.08,-11.03,7.99
1514.TW,P07_RSI超賣量縮,38,86.84,10.25,-7.55,7.98
8210.TW,P10_組合訊號,34,64.71,16.15,-11.09,7.98
3645.TW,P10_組合訊號,28,75.0,12.96,-11.11,7.97
7795.TW,P01_量縮價穩,41,58.54,18.58,-10.39,7.97
3622.TW,P10_組合訊號,48,72.92,13.51,-8.13,7.96
6282.TW,P09_量縮後爆量紅K,10,90.0,9.62,-5.69,7.95
1513.TW,P11_多頭排列紅K,47,72.34,13.66,-7.8,7.95
6937.TW,P10_組合訊號,16,81.25,11.39,-8.58,7.94
3062.TW,P07_RSI超賣量縮,63,80.95,11.45,-11.38,7.94
3588.TW,P05_連跌反轉紅K,31,80.65,11.52,-12.77,7.94
1513.TW,P01_量縮價穩,84,69.05,14.64,-6.84,7.94
6890.TW,P09_量縮後爆量紅K,3,100.0,7.92,-14.91,7.92
3515.TW,P12_多頭回檔,31,83.87,10.77,-11.96,7.9
8110.TW,P01_量縮價穩,70,65.71,15.66,-10.56,7.89
4977.TW,P09_量縮後爆量紅K,7,85.71,10.36,-11.21,7.88
6706.TW,P07_RSI超賣量縮,66,57.58,18.84,-15.99,7.88
6743.TW,P01_量縮價穩,109,66.06,15.52,-13.9,7.87
2424.TW,P10_組合訊號,59,61.02,17.31,-9.93,7.83
5906.TW,P07_RSI超賣量縮,62,67.74,14.88,-11.95,7.82
3035.TW,P07_RSI超賣量縮,36,63.89,16.2,-18.58,7.82
1525.TW,P11_多頭排列紅K,27,66.67,15.21,-8.08,7.81
2330.TW,P08_黃金交叉量增,5,80.0,11.5,-7.89,7.8
2379.TW,P10_組合訊號,34,79.41,11.64,-7.9,7.8
6239.TW,P07_RSI超賣量縮,42,76.19,12.42,-8.63,7.8
2344.TW,P06_價量背離,44,75.0,12.74,-13.07,7.8
2376.TW,P02_量增紅K,7,85.71,10.23,-9.43,7.77
2049.TW,P09_量縮後爆量紅K,7,71.43,13.68,-8.39,7.77
2414.TW,P08_黃金交叉量增,4,100.0,7.76,-1.1,7.76
9955.TW,P12_多頭回檔,33,63.64,16.19,-11.04,7.76
2375.TW,P11_多頭排列紅K,37,62.16,16.75,-15.91,7.76
3025.TW,P06_價量背離,47,78.72,11.73,-14.67,7.75
4566.TW,P09_量縮後爆量紅K,8,75.0,12.65,-6.81,7.74
8374.TW,P11_多頭排列紅K,35,71.43,13.64,-9.73,7.74
5222.TW,P12_多頭回檔,33,63.64,16.16,-10.17,7.74
2540.TW,P07_RSI超賣量縮,71,67.61,14.74,-8.0,7.7
1773.TW,P09_量縮後爆量紅K,10,70.0,13.98,-7.26,7.68
2331.TW,P12_多頭回檔,41,70.73,13.73,-8.98,7.67
2406.TW,P04_長下影線放量,27,70.37,13.85,-14.52,7.67
5906.TW,P12_多頭回檔,68,69.12,14.22,-7.25,7.67
1795.TW,P05_連跌反轉紅K,27,81.48,10.97,-12.67,7.64
2646.TW,P09_量縮後爆量紅K,1,100.0,7.63,-0.62,7.63
1616.TW,P09_量縮後爆量紅K,19,78.95,11.52,-7.49,7.62
6139.TW,P11_多頭排列紅K,51,76.47,12.11,-10.84,7.62
5521.TW,P07_RSI超賣量縮,90,58.89,17.83,-10.78,7.62
2344.TW,P01_量縮價穩,59,77.97,11.74,-12.0,7.61
2436.TW,P08_黃金交叉量增,9,77.78,11.77,-10.48,7.6
6215.TW,P05_連跌反轉紅K,23,73.91,12.75,-11.81,7.6
2408.TW,P01_量縮價穩,48,68.75,14.24,-13.0,7.6
6515.TW,P02_量增紅K,12,75.0,12.45,-13.63,7.59
2753.TW,P09_量縮後爆量紅K,10,90.0,9.2,-4.37,7.58
2460.TW,P02_量增紅K,39,79.49,11.34,-11.95,7.58
8467.TW,P01_量縮價穩,212,66.98,14.76,-8.41,7.58
2613.TW,P09_量縮後爆量紅K,6,66.67,14.85,-6.16,7.57
3051.TW,P07_RSI超賣量縮,71,69.01,14.1,-13.36,7.56
3090.TW,P08_黃金交叉量增,2,100.0,7.55,-3.29,7.55
2029.TW,P09_量縮後爆量紅K,2,100.0,7.54,-7.41,7.54
1519.TW,P03_均線支撐放量,23,86.96,9.72,-12.22,7.54
2471.TW,P05_連跌反轉紅K,20,70.0,13.77,-8.03,7.54
9103.TW,P10_組合訊號,35,48.57,22.94,-11.44,7.54
1210.TW,P09_量縮後爆量紅K,2,100.0,7.53,-0.35,7.53
3665.TW,P11_多頭排列紅K,61,68.85,14.11,-10.18,7.53
2636.TW,P11_多頭排列紅K,37,56.76,18.6,-11.12,7.53
6955.TW,P10_組合訊號,33,78.79,11.43,-4.26,7.52
3189.TW,P05_連跌反轉紅K,31,83.87,10.3,-12.66,7.51
1795.TW,P06_價量背離,38,76.32,12.01,-11.86,7.51
5234.TW,P10_組合訊號,41,73.17,12.83,-8.48,7.51
4545.TW,P08_黃金交叉量增,9,66.67,14.76,-6.15,7.51
3450.TW,P02_量增紅K,23,73.91,12.61,-8.84,7.5
2404.TW,P10_組合訊號,27,81.48,10.79,-7.91,7.49
2383.TW,P01_量縮價穩,43,76.74,11.88,-15.34,7.49
6443.TW,P05_連跌反轉紅K,38,63.16,15.93,-13.61,7.48
2360.TW,P11_多頭排列紅K,76,75.0,12.3,-10.53,7.47
2515.TW,P02_量增紅K,10,80.0,11.07,-9.28,7.46
3665.TW,P07_RSI超賣量縮,24,70.83,13.42,-11.74,7.46
2485.TW,P09_量縮後爆量紅K,9,66.67,14.69,-7.34,7.46
3450.TW,P11_多頭排列紅K,48,77.08,11.75,-15.16,7.45
8070.TW,P03_均線支撐放量,37,75.68,12.1,-8.12,7.45
6873.TW,P03_均線支撐放量,27,62.96,15.95,-7.65,7.45
6409.TW,P06_價量背離,31,87.1,9.57,-10.18,7.44
3050.TW,P08_黃金交叉量增,6,83.33,10.32,-6.26,7.43
2010.TW,P07_RSI超賣量縮,64,70.31,13.52,-5.91,7.43
2374.TW,P11_多頭排列紅K,38,65.79,14.91,-7.34,7.42
3042.TW,P09_量縮後爆量紅K,7,85.71,9.81,-9.77,7.41
3138.TW,P12_多頭回檔,36,80.56,10.88,-15.2,7.41
1434.TW,P09_量縮後爆量紅K,1,100.0,7.4,-0.57,7.4
2429.TW,P11_多頭排列紅K,44,77.27,11.63,-15.44,7.4
6443.TW,P02_量增紅K,28,50.0,21.78,-16.3,7.39
6005.TW,P09_量縮後爆量紅K,6,83.33,10.25,-5.83,7.38
2348.TW,P04_長下影線放量,38,73.68,12.52,-8.46,7.38
6139.TW,P12_多頭回檔,51,62.75,15.93,-7.28,7.38
3027.TW,P12_多頭回檔,26,61.54,16.35,-14.25,7.37
3665.TW,P06_價量背離,32,75.0,12.15,-10.41,7.36
8039.TW,P09_量縮後爆量紅K,12,75.0,12.15,-5.14,7.36
5234.TW,P05_連跌反轉紅K,31,67.74,14.19,-10.43,7.36
5434.TW,P02_量增紅K,10,80.0,10.94,-4.2,7.35
1609.TW,P05_連跌反轉紅K,23,73.91,12.42,-10.13,7.35
1235.TW,P04_長下影線放量,65,72.31,12.85,-6.04,7.35
2428.TW,P04_長下影線放量,31,77.42,11.51,-9.7,7.33
6426.TW,P07_RSI超賣量縮,60,80.0,10.9,-14.44,7.32
6472.TW,P06_價量背離,31,77.42,11.49,-8.98,7.31
4766.TW,P02_量增紅K,15,80.0,10.88,-4.04,7.3
5906.TW,P03_均線支撐放量,87,71.26,13.06,-7.03,7.3
8438.TW,P11_多頭排列紅K,36,55.56,18.7,-7.8,7.28
6451.TW,P06_價量背離,50,72.0,12.81,-11.56,7.26
1616.TW,P11_多頭排列紅K,54,74.07,12.23,-10.18,7.25
8478.TW,P02_量增紅K,20,65.0,14.93,-12.17,7.25
2308.TW,P04_長下影線放量,52,69.23,13.56,-8.18,7.24
3017.TW,P01_量縮價穩,46,80.43,10.69,-13.25,7.23
1225.TW,P11_多頭排列紅K,54,72.22,12.7,-10.98,7.23
6753.TW,P07_RSI超賣量縮,31,70.97,13.05,-13.13,7.23
3708.TW,P11_多頭排列紅K,32,71.88,12.78,-13.46,7.22
6205.TW,P07_RSI超賣量縮,41,60.98,16.31,-12.71,7.21
6531.TW,P03_均線支撐放量,20,65.0,14.84,-16.55,7.2
6446.TW,P05_連跌反轉紅K,36,72.22,12.63,-17.01,7.18
3135.TW,P05_連跌反轉紅K,20,65.0,14.82,-9.52,7.18
8438.TW,P08_黃金交叉量增,10,60.0,16.63,-8.47,7.18
5258.TW,P04_長下影線放量,28,85.71,9.53,-13.47,7.17
3563.TW,P02_量增紅K,27,62.96,15.5,-12.79,7.17
1215.TW,P07_RSI超賣量縮,26,76.92,11.41,-2.75,7.16
2331.TW,P10_組合訊號,27,74.07,12.11,-8.54,7.15
4770.TW,P01_量縮價穩,82,78.05,11.12,-8.61,7.14
6807.TW,P11_多頭排列紅K,23,69.57,13.32,-9.91,7.14
9906.TW,P03_均線支撐放量,52,71.15,12.84,-11.11,7.12
5608.TW,P11_多頭排列紅K,26,73.08,12.3,-14.55,7.11
2611.TW,P09_量縮後爆量紅K,9,66.67,14.16,-9.01,7.11
9103.TW,P03_均線支撐放量,34,44.12,24.96,-12.0,7.1
3305.TW,P11_多頭排列紅K,41,73.17,12.26,-10.58,7.09
6805.TW,P12_多頭回檔,8,75.0,11.77,-20.82,7.08
2468.TW,P05_連跌反轉紅K,21,71.43,12.71,-7.93,7.08
2401.TW,P09_量縮後爆量紅K,11,81.82,10.19,-9.63,7.07
2535.TW,P08_黃金交叉量增,7,85.71,9.39,-2.31,7.05
1721.TW,P07_RSI超賣量縮,95,77.89,11.04,-9.44,7.05
8454.TW,P11_多頭排列紅K,53,71.7,12.57,-10.41,7.03
8467.TW,P02_量增紅K,31,67.74,13.7,-8.77,7.03
2363.TW,P08_黃金交叉量增,5,60.0,16.34,-9.92,7.01
911868.TW,P08_黃金交叉量增,10,60.0,16.35,-6.51,7.01
4960.TW,P05_連跌反轉紅K,31,77.42,11.08,-10.67,7.0
5292.TW,P12_多頭回檔,28,82.14,10.03,-7.11,6.99
3014.TW,P02_量增紅K,25,76.0,11.41,-9.15,6.99
1514.TW,P05_連跌反轉紅K,15,73.33,12.08,-9.47,6.99
8210.TW,P08_黃金交叉量增,8,62.5,15.38,-10.54,6.99
6405.TW,P07_RSI超賣量縮,93,75.27,11.57,-9.12,6.98
3055.TW,P10_組合訊號,44,72.73,12.2,-5.92,6.97
4142.TW,P08_黃金交叉量增,10,60.0,16.29,-9.14,6.97
2481.TW,P08_黃金交叉量增,9,55.56,18.15,-14.06,6.97
3665.TW,P12_多頭回檔,27,70.37,12.83,-11.85,6.96
5234.TW,P08_黃金交叉量增,8,50.0,20.92,-12.17,6.96
6695.TW,P02_量增紅K,32,75.0,11.6,-14.0,6.95
3312.TW,P05_連跌反轉紅K,19,68.42,13.39,-11.74,6.95
2248.TW,P02_量增紅K,6,83.33,9.71,-4.83,6.93
6451.TW,P07_RSI超賣量縮,52,69.23,13.13,-12.14,6.93
4588.TW,P04_長下影線放量,17,58.82,16.68,-12.1,6.93
8070.TW,P06_價量背離,53,81.13,10.13,-7.32,6.9
3665.TW,P03_均線支撐放量,23,69.57,12.98,-8.42,6.9
1560.TW,P11_多頭排列紅K,49,81.63,10.01,-9.87,6.89
3504.TW,P05_連跌反轉紅K,31,80.65,10.22,-10.37,6.89
2025.TW,P05_連跌反轉紅K,54,75.93,11.29,-12.83,6.89
2540.TW,P09_量縮後爆量紅K,19,78.95,10.58,-6.28,6.88
3704.TW,P09_量縮後爆量紅K,14,71.43,12.44,-11.61,6.88
6937.TW,P04_長下影線放量,10,70.0,12.82,-6.34,6.88
3545.TW,P03_均線支撐放量,20,70.0,12.82,-15.12,6.88
5607.TW,P02_量增紅K,25,76.0,11.25,-7.79,6.87
3006.TW,P01_量縮價穩,62,74.19,11.69,-12.27,6.87
4935.TW,P11_多頭排列紅K,33,69.7,12.91,-12.05,6.87
8210.TW,P01_量縮價穩,76,68.42,13.28,-9.81,6.87
8046.TW,P07_RSI超賣量縮,40,72.5,12.12,-13.07,6.86
8467.TW,P04_長下影線放量,32,68.75,13.16,-10.11,6.86
8996.TW,P12_多頭回檔,29,65.52,14.16,-21.29,6.86
2481.TW,P05_連跌反轉紅K,31,83.87,9.52,-14.8,6.85
5434.TW,P05_連跌反轉紅K,14,78.57,10.63,-8.06,6.85
1616.TW,P06_價量背離,99,73.74,11.79,-6.39,6.85
3694.TW,P04_長下影線放量,23,65.22,14.23,-14.32,6.85
3443.TW,P09_量縮後爆量紅K,3,66.67,13.76,-15.91,6.84
3046.TW,P09_量縮後爆量紅K,11,54.55,18.38,-13.63,6.84
2302.TW,P05_連跌反轉紅K,39,74.36,11.6,-11.8,6.83
2429.TW,P09_量縮後爆量紅K,19,63.16,14.9,-11.16,6.83
2345.TW,P01_量縮價穩,45,73.33,11.84,-10.72,6.82
3704.TW,P12_多頭回檔,27,66.67,13.74,-10.13,6.82
2364.TW,P06_價量背離,90,62.22,15.21,-15.62,6.82
2617.TW,P02_量增紅K,13,69.23,12.94,-8.27,6.8
1513.TW,P04_長下影線放量,30,63.33,14.78,-5.48,6.79
2545.TW,P03_均線支撐放量,90,75.56,11.23,-4.52,6.78
6669.TW,P02_量增紅K,15,73.33,11.78,-13.46,6.77
1235.TW,P05_連跌反轉紅K,26,65.38,14.06,-10.21,6.77
5225.TW,P01_量縮價穩,118,68.64,13.05,-13.5,6.76
5469.TW,P07_RSI超賣量縮,44,84.09,9.35,-7.08,6.75
6183.TW,P08_黃金交叉量增,13,84.62,9.24,-2.42,6.74
2617.TW,P06_價量背離,78,69.23,12.85,-6.92,6.74
3023.TW,P09_量縮後爆量紅K,7,85.71,9.01,-10.18,6.73
2368.TW,P12_多頭回檔,36,80.56,10.05,-14.55,6.73
2453.TW,P07_RSI超賣量縮,43,79.07,10.36,-7.35,6.73
3135.TW,P02_量增紅K,17,64.71,14.22,-13.48,6.73
2364.TW,P07_RSI超賣量縮,101,61.39,15.36,-15.48,6.73
3532.TW,P05_連跌反轉紅K,28,85.71,8.99,-13.35,6.71
5225.TW,P06_價量背離,69,72.46,11.93,-15.46,6.71
6139.TW,P04_長下影線放量,25,72.0,12.05,-7.51,6.71
2236.TW,P06_價量背離,102,68.63,12.97,-9.79,6.71
1514.TW,P08_黃金交叉量增,3,66.67,13.57,-15.39,6.71
6742.TW,P06_價量背離,29,68.97,12.86,-12.21,6.7
2449.TW,P11_多頭排列紅K,58,72.41,11.9,-9.69,6.69
3346.TW,P12_多頭回檔,21,71.43,12.17,-9.4,6.69
3032.TW,P12_多頭回檔,44,63.64,14.52,-7.13,6.69
5243.TW,P09_量縮後爆量紅K,8,87.5,8.64,-12.79,6.68
5258.TW,P01_量縮價穩,89,77.53,10.64,-12.13,6.68
6605.TW,P08_黃金交叉量增,4,100.0,6.67,-5.82,6.67
8467.TW,P05_連跌反轉紅K,33,69.7,12.61,-10.3,6.67
8454.TW,P12_多頭回檔,48,64.58,14.15,-6.88,6.66
2368.TW,P03_均線支撐放量,25,88.0,8.5,-10.75,6.64
1736.TW,P11_多頭排列紅K,46,69.57,12.6,-11.2,6.64
3055.TW,P06_價量背離,85,67.06,13.34,-8.19,6.64
6669.TW,P04_長下影線放量,36,83.33,9.36,-14.04,6.63
3583.TW,P06_價量背離,35,71.43,12.08,-11.44,6.63
2449.TW,P04_長下影線放量,40,67.5,13.16,-11.36,6.61
7750.TW,P06_價量背離,2,100.0,6.6,-14.62,6.6
3711.TW,P03_均線支撐放量,40,87.5,8.55,-7.5,6.6
1533.TW,P08_黃金交叉量增,4,100.0,6.59,-6.87,6.59
6112.TW,P02_量增紅K,23,82.61,9.46,-9.87,6.59
2236.TW,P09_量縮後爆量紅K,16,68.75,12.77,-7.6,6.59
6133.TW,P04_長下影線放量,40,52.5,18.88,-10.7,6.59
6285.TW,P05_連跌反轉紅K,28,82.14,9.54,-6.29,6.58
3443.TW,P08_黃金交叉量增,12,75.0,11.11,-16.67,6.58
3029.TW,P12_多頭回檔,37,70.27,12.33,-7.24,6.58
3450.TW,P06_價量背離,46,67.39,13.13,-9.26,6.57
5292.TW,P03_均線支撐放量,40,77.5,10.5,-7.68,6.56
4977.TW,P01_量縮價穩,75,72.0,11.84,-11.34,6.56
6196.TW,P11_多頭排列紅K,30,66.67,13.35,-10.92,6.56
6757.TW,P05_連跌反轉紅K,15,60.0,15.6,-9.63,6.56
6914.TW,P08_黃金交叉量增,1,100.0,6.55,-4.14,6.55
8487.TW,P07_RSI超賣量縮,13,100.0,6.55,-2.93,6.55
5434.TW,P06_價量背離,47,72.34,11.72,-5.14,6.55
5484.TW,P10_組合訊號,66,62.12,14.82,-10.25,6.55
2382.TW,P04_長下影線放量,50,70.0,12.34,-8.53,6.54
2387.TW,P07_RSI超賣量縮,58,56.9,16.79,-10.62,6.54
3702.TW,P09_量縮後爆量紅K,2,50.0,20.08,-3.68,6.54
2543.TW,P09_量縮後爆量紅K,14,50.0,20.09,-5.59,6.54
2338.TW,P02_量增紅K,24,75.0,11.02,-12.77,6.52
2449.TW,P01_量縮價穩,57,73.68,11.35,-8.99,6.52
7730.TW,P12_多頭回檔,7,71.43,11.92,-13.34,6.52
8104.TW,P08_黃金交叉量增,10,70.0,12.31,-10.61,6.52
2359.TW,P12_多頭回檔,36,69.44,12.45,-10.87,6.51
2457.TW,P09_量縮後爆量紅K,13,69.23,12.51,-8.84,6.51
3376.TW,P07_RSI超賣量縮,42,76.19,10.73,-8.02,6.5
6799.TW,P06_價量背離,32,75.0,11.01,-15.21,6.5
3031.TW,P04_長下影線放量,25,84.0,9.06,-8.97,6.49
8028.TW,P03_均線支撐放量,27,77.78,10.34,-8.62,6.49
6931.TW,P11_多頭排列紅K,11,63.64,14.19,-7.12,6.49
3168.TW,P11_多頭排列紅K,41,78.05,10.27,-6.03,6.48
3006.TW,P05_連跌反轉紅K,32,71.88,11.76,-14.28,6.48
1809.TW,P10_組合訊號,29,79.31,9.99,-7.84,6.47
4960.TW,P07_RSI超賣量縮,69,79.71,9.89,-9.93,6.46
8033.TW,P08_黃金交叉量增,16,68.75,12.58,-14.45,6.46
2211.TW,P01_量縮價穩,111,77.48,10.36,-6.07,6.45
3665.TW,P01_量縮價穩,47,74.47,11.06,-10.44,6.45
2313.TW,P04_長下影線放量,24,83.33,9.13,-11.87,6.44
3622.TW,P08_黃金交叉量增,10,70.0,12.2,-10.62,6.44
2402.TW,P12_多頭回檔,26,69.23,12.42,-7.86,6.44
6230.TW,P05_連跌反轉紅K,28,67.86,12.81,-11.81,6.44
8271.TW,P11_多頭排列紅K,56,73.21,11.35,-7.61,6.43
6442.TW,P01_量縮價穩,178,68.54,12.59,-6.63,6.43
3032.TW,P11_多頭排列紅K,43,67.44,12.92,-10.45,6.43
3622.TW,P07_RSI超賣量縮,46,80.43,9.67,-8.95,6.41
1472.TW,P11_多頭排列紅K,33,75.76,10.7,-11.48,6.41
2543.TW,P05_連跌反轉紅K,29,65.52,13.46,-6.93,6.41
9939.TW,P08_黃金交叉量增,7,85.71,8.64,-5.66,6.4
3037.TW,P12_多頭回檔,31,77.42,10.31,-15.27,6.4
6209.TW,P03_均線支撐放量,30,70.0,12.13,-9.11,6.39
3406.TW,P07_RSI超賣量縮,38,71.05,11.83,-14.13,6.38
1436.TW,P12_多頭回檔,90,70.0,12.11,-3.26,6.38
2028.TW,P04_長下影線放量,59,55.93,16.88,-6.95,6.36
3588.TW,P12_多頭回檔,23,78.26,10.06,-12.91,6.35
1231.TW,P04_長下影線放量,38,76.32,10.5,-4.38,6.35
6757.TW,P01_量縮價穩,33,66.67,13.03,-7.98,6.35
1717.TW,P10_組合訊號,44,75.0,10.79,-7.51,6.34
2417.TW,P04_長下影線放量,29,72.41,11.42,-13.06,6.34
2059.TW,P01_量縮價穩,24,66.67,13.02,-9.07,6.34
8081.TW,P08_黃金交叉量增,5,80.0,9.66,-11.0,6.33
2303.TW,P01_量縮價穩,40,67.5,12.73,-6.21,6.32
3034.TW,P02_量增紅K,4,75.0,10.75,-8.39,6.31
6446.TW,P10_組合訊號,32,71.88,11.52,-15.49,6.31
2211.TW,P10_組合訊號,40,77.5,10.17,-6.94,6.3
4722.TW,P02_量增紅K,28,64.29,13.69,-7.22,6.3
6591.TW,P10_組合訊號,31,87.1,8.26,-8.97,6.29
3596.TW,P08_黃金交叉量增,7,85.71,-5.36,-16.28,6.29
3605.TW,P08_黃金交叉量增,7,85.71,-5.35,-17.3,6.29
8473.TW,P08_黃金交叉量增,7,85.71,-2.72,-10.64,6.29
3011.TW,P09_量縮後爆量紅K,7,85.71,-1.6,-14.73,6.29
4722.TW,P05_連跌反轉紅K,15,80.0,9.61,-6.73,6.29
3189.TW,P08_黃金交叉量增,8,62.5,14.26,-10.41,6.29
1615.TW,P03_均線支撐放量,55,81.82,9.23,-3.78,6.28
3622.TW,P04_長下影線放量,27,81.48,9.3,-9.32,6.28
6605.TW,P11_多頭排列紅K,44,77.27,10.19,-9.21,6.28
3149.TW,P05_連跌反轉紅K,47,61.7,14.51,-17.79,6.27
8463.TW,P08_黃金交叉量增,7,57.14,16.22,-5.23,6.27
3036.TW,P08_黃金交叉量增,4,75.0,10.68,-11.48,6.26
3406.TW,P04_長下影線放量,24,75.0,10.69,-14.41,6.26
2031.TW,P07_RSI超賣量縮,69,69.57,12.07,-9.68,6.26
2356.TW,P05_連跌反轉紅K,20,65.0,13.39,-6.08,6.26
3545.TW,P04_長下影線放量,29,72.41,11.29,-15.77,6.25
4770.TW,P03_均線支撐放量,20,75.0,10.65,-9.44,6.24
2630.TW,P10_組合訊號,35,60.0,15.06,-8.69,6.24
3135.TW,P11_多頭排列紅K,26,57.69,15.94,-14.12,6.24
2486.TW,P05_連跌反轉紅K,35,74.29,10.8,-12.22,6.23
2313.TW,P10_組合訊號,33,72.73,11.2,-9.69,6.23
6191.TW,P04_長下影線放量,23,69.57,12.02,-9.94,6.23
5519.TW,P03_均線支撐放量,40,72.5,11.22,-4.51,6.21
2630.TW,P07_RSI超賣量縮,63,74.6,10.69,-9.85,6.2
3035.TW,P05_連跌反轉紅K,30,73.33,11.0,-14.58,6.2
3035.TW,P01_量縮價穩,35,74.29,10.76,-10.08,6.19
2301.TW,P04_長下影線放量,66,69.7,11.92,-7.11,6.19
2415.TW,P11_多頭排列紅K,31,67.74,12.47,-14.28,6.19
4746.TW,P09_量縮後爆量紅K,6,66.67,12.79,-12.8,6.19
2356.TW,P12_多頭回檔,61,62.3,14.17,-6.43,6.19
2357.TW,P07_RSI超賣量縮,36,80.56,9.36,-8.41,6.18
6183.TW,P09_量縮後爆量紅K,5,80.0,9.48,-2.04,6.18
6781.TW,P05_連跌反轉紅K,15,73.33,10.98,-16.24,6.18
6669.TW,P03_均線支撐放量,26,73.08,11.03,-15.5,6.18
2504.TW,P06_價量背離,66,65.15,13.22,-4.92,6.18
6781.TW,P01_量縮價穩,22,54.55,17.16,-14.57,6.18
3189.TW,P04_長下影線放量,40,75.0,10.56,-10.71,6.17
8374.TW,P09_量縮後爆量紅K,18,55.56,16.7,-9.88,6.17
8478.TW,P05_連跌反轉紅K,43,65.12,13.21,-13.89,6.16
6658.TW,P10_組合訊號,6,50.0,19.32,-13.35,6.16
6669.TW,P01_量縮價穩,38,78.95,9.66,-12.66,6.15
2425.TW,P07_RSI超賣量縮,70,74.29,10.71,-10.38,6.15
8249.TW,P07_RSI超賣量縮,59,69.49,11.92,-9.06,6.15
3060.TW,P09_量縮後爆量紅K,8,62.5,14.04,-10.48,6.15
3014.TW,P05_連跌反轉紅K,21,71.43,11.39,-7.79,6.14
2603.TW,P04_長下影線放量,38,71.05,11.5,-12.11,6.14
2376.TW,P05_連跌反轉紅K,41,70.73,11.58,-12.28,6.14
6477.TW,P05_連跌反轉紅K,30,73.33,10.91,-12.19,6.13
3714.TW,P10_組合訊號,26,84.62,-0.73,-11.7,6.12
1471.TW,P08_黃金交叉量增,13,84.62,-0.11,-11.4,6.12
6443.TW,P10_組合訊號,32,78.12,9.8,-15.15,6.12
2535.TW,P07_RSI超賣量縮,43,76.74,10.09,-3.03,6.12
6781.TW,P06_價量背離,15,73.33,10.89,-7.7,6.12
5258.TW,P08_黃金交叉量增,10,60.0,14.87,-10.94,6.12
1721.TW,P04_長下影線放量,29,58.62,15.39,-8.66,6.12
2363.TW,P10_組合訊號,19,47.37,20.7,-11.52,6.12
4770.TW,P04_長下影線放量,39,76.92,10.04,-9.15,6.11
3376.TW,P10_組合訊號,30,70.0,11.73,-6.11,6.11
1414.TW,P07_RSI超賣量縮,41,65.85,12.91,-9.89,6.11
9906.TW,P12_多頭回檔,40,62.5,13.97,-9.98,6.11
6271.TW,P08_黃金交叉量增,7,85.71,8.27,-12.18,6.09
6271.TW,P07_RSI超賣量縮,31,80.65,9.24,-13.58,6.09
6426.TW,P05_連跌反轉紅K,32,78.12,9.75,-14.41,6.09
1459.TW,P05_連跌反轉紅K,43,69.77,11.76,-7.16,6.09
1519.TW,P06_價量背離,40,72.5,11.04,-9.56,6.08
1617.TW,P05_連跌反轉紅K,18,72.22,11.11,-6.76,6.08
4763.TW,P07_RSI超賣量縮,31,64.52,13.26,-10.45,6.07
6205.TW,P04_長下影線放量,36,61.11,14.4,-10.58,6.07
6533.TW,P05_連跌反轉紅K,31,70.97,11.4,-14.36,6.06
3447.TW,P05_連跌反轉紅K,22,68.18,12.16,-10.01,6.06
2467.TW,P05_連跌反轉紅K,28,67.86,12.24,-11.27,6.06
3312.TW,P02_量增紅K,20,60.0,14.77,-12.22,6.06
3588.TW,P02_量增紅K,27,88.89,7.68,-11.77,6.05
6282.TW,P04_長下影線放量,29,75.86,10.21,-9.02,6.05
2465.TW,P05_連跌反轉紅K,39,69.23,11.84,-15.6,6.05
2313.TW,P05_連跌反轉紅K,28,71.43,11.25,-10.84,6.04
1560.TW,P10_組合訊號,24,70.83,11.41,-9.26,6.04
3025.TW,P12_多頭回檔,24,62.5,13.87,-14.02,6.04
2349.TW,P05_連跌反轉紅K,30,60.0,14.74,-9.75,6.04
2449.TW,P07_RSI超賣量縮,32,71.88,11.12,-9.09,6.03
6890.TW,P05_連跌反轉紅K,5,100.0,6.02,-13.81,6.02
3532.TW,P03_均線支撐放量,25,84.0,-1.8,-14.54,6.02
3015.TW,P05_連跌反轉紅K,24,79.17,9.45,-7.08,6.02
2337.TW,P11_多頭排列紅K,35,57.14,15.79,-14.22,6.02
1513.TW,P09_量縮後爆量紅K,10,80.0,9.26,-12.1,6.01
6799.TW,P04_長下影線放量,18,77.78,9.73,-17.05,6.01
6955.TW,P09_量縮後爆量紅K,11,63.64,13.44,-5.2,6.01
2387.TW,P03_均線支撐放量,50,62.0,13.98,-9.66,6.01
2344.TW,P11_多頭排列紅K,43,76.74,9.92,-12.81,5.99
2429.TW,P06_價量背離,114,72.81,10.84,-8.8,5.99
2497.TW,P05_連跌反轉紅K,36,72.22,10.99,-11.6,5.99
2344.TW,P05_連跌反轉紅K,17,52.94,17.54,-11.41,5.99
9103.TW,P02_量增紅K,26,34.62,30.53,-22.81,5.99
4566.TW,P08_黃金交叉量增,6,83.33,8.56,-13.07,5.97
6197.TW,P06_價量背離,48,70.83,11.31,-9.89,5.97
2429.TW,P04_長下影線放量,57,66.67,12.46,-12.74,5.97
3035.TW,P10_組合訊號,25,84.0,8.43,-12.85,5.96
4976.TW,P04_長下影線放量,31,64.52,13.09,-15.33,5.96
3037.TW,P06_價量背離,21,76.19,10.0,-16.35,5.95
3622.TW,P03_均線支撐放量,38,84.21,8.36,-6.97,5.93
9958.TW,P12_多頭回檔,32,75.0,10.25,-11.13,5.93
1477.TW,P12_多頭回檔,46,73.91,10.5,-10.17,5.93
5225.TW,P02_量增紅K,30,63.33,13.42,-11.56,5.93
6669.TW,P10_組合訊號,15,60.0,14.55,-13.81,5.93
6890.TW,P03_均線支撐放量,6,83.33,-6.51,-14.45,5.92
3450.TW,P08_黃金交叉量增,6,83.33,-3.51,-13.37,5.92
6706.TW,P09_量縮後爆量紅K,6,83.33,-1.48,-16.8,5.92
8261.TW,P03_均線支撐放量,20,80.0,9.16,-8.59,5.92
2611.TW,P11_多頭排列紅K,34,61.76,13.9,-9.87,5.91
2476.TW,P05_連跌反轉紅K,25,68.0,11.97,-9.48,5.9
5222.TW,P01_量縮價穩,149,64.43,13.03,-9.04,5.9
6706.TW,P01_量縮價穩,73,64.38,13.01,-14.44,5.89
6799.TW,P09_量縮後爆量紅K,5,80.0,9.1,-13.11,5.88
3002.TW,P03_均線支撐放量,50,88.0,7.63,-3.31,5.87
3048.TW,P07_RSI超賣量縮,53,75.47,10.05,-7.28,5.87
1231.TW,P02_量增紅K,15,86.67,7.84,-6.63,5.86
5469.TW,P08_黃金交叉量增,7,85.71,8.0,-11.02,5.86
6414.TW,P07_RSI超賣量縮,27,70.37,11.27,-8.7,5.86
4583.TW,P11_多頭排列紅K,27,66.67,12.29,-10.08,5.86
2236.TW,P02_量增紅K,34,70.59,11.21,-8.78,5.85
3060.TW,P08_黃金交叉量增,9,66.67,12.26,-7.96,5.84
8011.TW,P07_RSI超賣量縮,48,85.42,8.02,-11.54,5.83
6196.TW,P04_長下影線放量,28,64.29,12.96,-9.17,5.83
6658.TW,P11_多頭排列紅K,11,63.64,13.16,-15.14,5.83
2618.TW,P07_RSI超賣量縮,34,58.82,14.81,-9.4,5.83
8210.TW,P12_多頭回檔,38,73.68,10.39,-10.97,5.82
9939.TW,P09_量縮後爆量紅K,8,87.5,7.63,-5.71,5.81
2327.TW,P11_多頭排列紅K,40,67.5,11.98,-14.68,5.81
4930.TW,P02_量增紅K,24,66.67,12.22,-10.59,5.81
9955.TW,P09_量縮後爆量紅K,16,75.0,10.06,-12.27,5.8
1475.TW,P11_多頭排列紅K,32,65.62,12.51,-17.87,5.8
2454.TW,P10_組合訊號,16,93.75,6.64,-11.65,5.79
6781.TW,P12_多頭回檔,10,80.0,8.99,-12.14,5.79
6191.TW,P02_量增紅K,22,72.73,10.59,-12.41,5.79
6937.TW,P12_多頭回檔,7,71.43,10.91,-8.87,5.79
2634.TW,P08_黃金交叉量增,3,66.67,12.19,-4.23,5.79
5243.TW,P01_量縮價穩,73,65.75,12.45,-9.66,5.79
5244.TW,P10_組合訊號,36,61.11,13.93,-10.32,5.79
9946.TW,P12_多頭回檔,42,66.67,12.17,-5.89,5.78
8112.TW,P11_多頭排列紅K,36,69.44,11.38,-6.83,5.77
3138.TW,P11_多頭排列紅K,29,48.28,19.46,-18.22,5.77
4977.TW,P07_RSI超賣量縮,48,79.17,9.11,-10.37,5.76
4915.TW,P07_RSI超賣量縮,25,72.0,10.73,-10.96,5.76
1615.TW,P05_連跌反轉紅K,25,72.0,10.72,-4.17,5.76
2059.TW,P08_黃金交叉量增,3,66.67,12.14,-7.04,5.76
1308.TW,P09_量縮後爆量紅K,5,60.0,14.26,-7.83,5.76
4958.TW,P07_RSI超賣量縮,31,74.19,10.19,-8.31,5.75
2406.TW,P11_多頭排列紅K,39,66.67,12.13,-16.03,5.75
2376.TW,P03_均線支撐放量,29,62.07,13.55,-11.84,5.75
2421.TW,P11_多頭排列紅K,39,61.54,13.71,-12.62,5.75
2236.TW,P08_黃金交叉量增,10,60.0,14.24,-7.2,5.74
4720.TW,P07_RSI超賣量縮,39,84.62,8.04,-4.8,5.73
6937.TW,P03_均線支撐放量,16,81.25,8.67,-9.68,5.73
3711.TW,P11_多頭排列紅K,72,75.0,9.94,-8.82,5.71
6742.TW,P07_RSI超賣量縮,54,74.07,10.15,-14.05,5.7
3543.TW,P02_量增紅K,22,68.18,11.62,-11.05,5.7
3694.TW,P07_RSI超賣量縮,71,66.2,12.19,-12.28,5.7
2543.TW,P06_價量背離,66,65.15,12.49,-5.01,5.7
7730.TW,P09_量縮後爆量紅K,5,80.0,8.86,-7.39,5.69
3583.TW,P07_RSI超賣量縮,47,82.98,8.28,-10.57,5.68
2472.TW,P06_價量背離,53,81.13,8.63,-9.14,5.68
2059.TW,P03_均線支撐放量,30,70.0,11.12,-10.76,5.68
2497.TW,P01_量縮價穩,88,63.64,12.91,-11.87,5.67
1466.TW,P07_RSI超賣量縮,60,58.33,14.72,-8.82,5.67
6230.TW,P12_多頭回檔,27,55.56,15.79,-13.94,5.66
3019.TW,P06_價量背離,62,77.42,9.35,-7.91,5.65
3006.TW,P09_量縮後爆量紅K,3,66.67,11.98,-15.21,5.65
8438.TW,P03_均線支撐放量,45,64.44,12.63,-6.41,5.65
3032.TW,P05_連跌反轉紅K,30,76.67,9.49,-8.84,5.64
1712.TW,P07_RSI超賣量縮,41,75.61,9.72,-3.97,5.64
3305.TW,P04_長下影線放量,40,75.0,9.86,-10.22,5.64
1513.TW,P06_價量背離,66,60.61,13.86,-5.84,5.64
4562.TW,P05_連跌反轉紅K,29,51.72,17.45,-12.69,5.64
5244.TW,P07_RSI超賣量縮,72,76.39,9.54,-9.03,5.63
3518.TW,P12_多頭回檔,39,76.92,9.41,-11.43,5.62
9906.TW,P09_量縮後爆量紅K,14,71.43,10.66,-11.58,5.62
6165.TW,P10_組合訊號,48,56.25,15.43,-10.27,5.62
1210.TW,P08_黃金交叉量增,5,100.0,5.61,-3.33,5.61
6120.TW,P08_黃金交叉量增,7,85.71,7.71,-13.43,5.61
2603.TW,P07_RSI超賣量縮,56,69.64,11.11,-12.65,5.61
8046.TW,P01_量縮價穩,32,65.62,12.21,-15.14,5.61
6139.TW,P10_組合訊號,33,63.64,12.82,-5.38,5.61
1615.TW,P06_價量背離,67,62.69,13.11,-3.9,5.61
3665.TW,P10_組合訊號,23,73.91,10.05,-8.22,5.6
2428.TW,P05_連跌反轉紅K,25,72.0,10.49,-8.59,5.6
1615.TW,P07_RSI超賣量縮,40,70.0,11.0,-4.23,5.6
6533.TW,P10_組合訊號,19,68.42,11.41,-15.86,5.6
2330.TW,P02_量增紅K,3,66.67,11.9,-5.29,5.6
2233.TW,P09_量縮後爆量紅K,9,66.67,11.91,-8.41,5.6
1525.TW,P08_黃金交叉量增,6,83.33,8.11,-7.23,5.59
6691.TW,P12_多頭回檔,62,69.35,11.15,-9.1,5.59
2618.TW,P09_量縮後爆量紅K,9,66.67,11.88,-9.45,5.59
2025.TW,P07_RSI超賣量縮,86,75.58,9.65,-12.12,5.58
8110.TW,P12_多頭回檔,27,51.85,17.26,-11.9,5.58
3017.TW,P05_連跌反轉紅K,22,81.82,8.37,-15.85,5.57
6152.TW,P03_均線支撐放量,61,60.66,13.72,-11.83,5.57
1435.TW,P08_黃金交叉量增,10,60.0,13.96,-11.55,5.57
2539.TW,P09_量縮後爆量紅K,8,87.5,7.36,-6.8,5.56
6533.TW,P11_多頭排列紅K,44,65.91,12.05,-18.59,5.56
9105.TW,P08_黃金交叉量增,5,60.0,13.93,-9.81,5.56
6446.TW,P01_量縮價穩,68,52.94,16.73,-16.64,5.56
3443.TW,P06_價量背離,19,73.68,10.03,-21.73,5.55
3665.TW,P04_長下影線放量,31,74.19,9.9,-10.91,5.54
3617.TW,P07_RSI超賣量縮,47,70.21,10.87,-6.39,5.54
1609.TW,P02_量增紅K,24,54.17,16.15,-11.62,5.54
6235.TW,P07_RSI超賣量縮,70,71.43,10.54,-13.9,5.53
3257.TW,P04_長下影線放量,32,65.62,12.09,-10.28,5.53
1514.TW,P02_量增紅K,21,61.9,13.24,-11.5,5.53
2399.TW,P02_量增紅K,37,78.38,8.97,-13.4,5.52
2480.TW,P05_連跌反轉紅K,26,69.23,11.09,-5.56,5.52
8103.TW,P05_連跌反轉紅K,25,80.0,8.64,-11.06,5.51
3413.TW,P05_連跌反轉紅K,26,76.92,9.25,-10.19,5.5
6706.TW,P11_多頭排列紅K,51,70.59,10.71,-16.35,5.5
1504.TW,P10_組合訊號,42,57.14,14.88,-7.32,5.5
3029.TW,P01_量縮價穩,82,73.17,10.07,-7.38,5.49
2374.TW,P04_長下影線放量,33,63.64,12.63,-8.58,5.49
2467.TW,P11_多頭排列紅K,41,63.41,12.69,-8.64,5.49
9958.TW,P04_長下影線放量,31,80.65,8.48,-13.14,5.48
2449.TW,P09_量縮後爆量紅K,4,75.0,9.65,-10.69,5.48
1616.TW,P01_量縮價穩,129,71.32,10.49,-8.49,5.47
3034.TW,P04_長下影線放量,48,70.83,10.6,-11.25,5.47
2236.TW,P04_長下影線放量,34,70.59,10.67,-10.14,5.47
1514.TW,P12_多頭回檔,33,60.61,13.57,-10.97,5.47
1515.TW,P09_量縮後爆量紅K,6,83.33,7.95,-13.09,5.46
1590.TW,P06_價量背離,18,72.22,10.25,-11.53,5.46
6550.TW,P06_價量背離,60,45.0,20.69,-16.96,5.46
2367.TW,P06_價量背離,48,72.92,10.07,-6.59,5.45
6715.TW,P07_RSI超賣量縮,71,69.01,11.04,-13.81,5.45
3706.TW,P05_連跌反轉紅K,19,68.42,11.2,-8.42,5.45
6449.TW,P02_量增紅K,26,65.38,12.04,-10.77,5.45
2009.TW,P04_長下影線放量,33,63.64,12.55,-13.24,5.44
4569.TW,P09_量縮後爆量紅K,4,50.0,17.88,-12.89,5.44
3305.TW,P01_量縮價穩,95,78.95,8.75,-7.96,5.43
911622.TW,P07_RSI超賣量縮,120,62.5,12.89,-8.51,5.43
2024.TW,P07_RSI超賣量縮,64,76.56,9.22,-5.44,5.42
8499.TW,P07_RSI超賣量縮,42,73.81,9.83,-7.55,5.42
3622.TW,P01_量縮價穩,95,73.68,9.85,-8.68,5.42
2101.TW,P02_量增紅K,26,73.08,9.99,-5.64,5.42
3712.TW,P03_均線支撐放量,19,63.16,12.67,-11.79,5.42
2302.TW,P07_RSI超賣量縮,58,81.03,8.31,-10.23,5.41
3060.TW,P07_RSI超賣量縮,66,69.7,10.8,-8.71,5.41
1319.TW,P01_量縮價穩,63,68.25,11.18,-7.77,5.41
2328.TW,P02_量增紅K,28,67.86,11.28,-11.37,5.41
6526.TW,P04_長下影線放量,5,80.0,-1.81,-13.36,5.4
6863.TW,P09_量縮後爆量紅K,5,80.0,-6.9,-27.05,5.4
6933.TW,P01_量縮價穩,15,80.0,-0.39,-19.57,5.4
6756.TW,P09_量縮後爆量紅K,5,80.0,-4.2,-14.55,5.4
6928.TW,P10_組合訊號,5,80.0,-11.59,-17.6,5.4
4590.TW,P04_長下影線放量,5,80.0,-6.46,-24.81,5.4
6689.TW,P08_黃金交叉量增,5,80.0,-14.24,-20.46,5.4
6952.TW,P09_量縮後爆量紅K,5,80.0,-0.15,-8.74,5.4
2546.TW,P05_連跌反轉紅K,30,76.67,9.18,-4.58,5.4
1809.TW,P06_價量背離,104,75.0,9.53,-9.46,5.4
9958.TW,P02_量增紅K,14,71.43,10.37,-14.93,5.4
1325.TW,P12_多頭回檔,29,55.17,15.48,-5.41,5.4
6438.TW,P01_量縮價穩,83,81.93,8.12,-10.54,5.39
2360.TW,P06_價量背離,25,72.0,10.2,-13.13,5.39
7795.TW,P07_RSI超賣量縮,25,60.0,13.65,-11.13,5.39
4569.TW,P11_多頭排列紅K,12,58.33,14.24,-11.74,5.39
2404.TW,P01_量縮價穩,68,73.53,9.84,-9.29,5.38
8045.TW,P07_RSI超賣量縮,44,72.73,10.02,-9.2,5.38
3701.TW,P12_多頭回檔,58,63.79,12.4,-7.35,5.38
5906.TW,P06_價量背離,54,55.56,15.28,-8.09,5.38
3447.TW,P02_量增紅K,25,76.0,9.27,-14.89,5.37
3168.TW,P09_量縮後爆量紅K,16,68.75,10.99,-5.88,5.37
3055.TW,P03_均線支撐放量,42,61.9,12.99,-6.27,5.37
1435.TW,P03_均線支撐放量,69,57.97,14.33,-7.78,5.37
5434.TW,P09_量縮後爆量紅K,4,75.0,9.49,-8.42,5.36
2009.TW,P09_量縮後爆量紅K,11,45.45,20.18,-18.13,5.36
9906.TW,P01_量縮價穩,141,70.92,10.42,-9.78,5.35
2528.TW,P09_量縮後爆量紅K,18,66.67,11.53,-5.8,5.35
4912.TW,P05_連跌反轉紅K,35,74.29,9.61,-9.75,5.34
9802.TW,P07_RSI超賣量縮,42,73.81,9.73,-9.26,5.34
2606.TW,P04_長下影線放量,38,71.05,10.37,-11.45,5.34
6449.TW,P01_量縮價穩,124,63.71,12.36,-9.08,5.34
3535.TW,P02_量增紅K,32,53.12,16.22,-16.72,5.34
3413.TW,P12_多頭回檔,30,86.67,7.23,-8.24,5.33
8081.TW,P11_多頭排列紅K,46,80.43,8.33,-8.87,5.33
6526.TW,P02_量增紅K,6,66.67,11.49,-7.07,5.33
6589.TW,P06_價量背離,4,100.0,5.32,-3.04,5.32
6431.TW,P07_RSI超賣量縮,84,71.43,10.25,-10.6,5.32
6278.TW,P08_黃金交叉量增,5,80.0,8.39,-8.08,5.31
6197.TW,P12_多頭回檔,32,75.0,9.41,-8.57,5.31
3047.TW,P11_多頭排列紅K,46,58.7,13.98,-11.47,5.31
2027.TW,P02_量增紅K,14,71.43,10.22,-8.12,5.3
2472.TW,P08_黃金交叉量增,12,75.0,9.39,-8.79,5.29
2493.TW,P11_多頭排列紅K,62,74.19,9.57,-5.96,5.29
6415.TW,P11_多頭排列紅K,48,72.92,9.85,-16.78,5.29
4746.TW,P07_RSI超賣量縮,38,68.42,10.96,-8.12,5.29
2360.TW,P08_黃金交叉量增,6,66.67,11.41,-9.58,5.28
3450.TW,P01_量縮價穩,40,65.0,11.9,-10.56,5.28
2399.TW,P05_連跌反轉紅K,27,74.07,9.57,-11.38,5.27
8045.TW,P04_長下影線放量,72,75.0,9.35,-10.72,5.26
1342.TW,P12_多頭回檔,37,70.27,10.45,-8.97,5.26
2453.TW,P08_黃金交叉量增,5,100.0,5.25,-5.4,5.25
2362.TW,P08_黃金交叉量增,10,70.0,10.5,-8.7,5.25
6753.TW,P05_連跌反轉紅K,23,60.87,13.13,-11.46,5.25
2387.TW,P11_多頭排列紅K,39,56.41,14.72,-11.04,5.25
6933.TW,P09_量縮後爆量紅K,2,50.0,17.49,-29.97,5.25
3515.TW,P03_均線支撐放量,19,78.95,-4.63,-18.28,5.24
1612.TW,P06_價量背離,90,75.56,9.2,-5.52,5.24
2465.TW,P12_多頭回檔,29,72.41,9.9,-16.62,5.24
3030.TW,P04_長下影線放量,34,58.82,13.8,-7.99,5.24
6449.TW,P05_連跌反轉紅K,34,58.82,13.8,-11.9,5.24
1514.TW,P06_價量背離,46,78.26,8.63,-8.19,5.23
2331.TW,P11_多頭排列紅K,42,66.67,11.34,-10.62,5.23
5906.TW,P02_量增紅K,54,66.67,11.34,-8.58,5.23
2316.TW,P04_長下影線放量,29,62.07,12.71,-9.35,5.23
3010.TW,P06_價量背離,56,71.43,10.1,-5.72,5.22
3661.TW,P05_連跌反轉紅K,25,68.0,10.97,-20.06,5.22
2630.TW,P02_量增紅K,32,62.5,12.55,-10.14,5.22
2402.TW,P11_多頭排列紅K,41,73.17,9.68,-10.18,5.21
2059.TW,P10_組合訊號,16,68.75,10.75,-13.01,5.21
3060.TW,P02_量增紅K,28,67.86,10.99,-13.05,5.21
6933.TW,P12_多頭回檔,2,100.0,5.2,-18.29,5.2
6197.TW,P11_多頭排列紅K,47,82.98,7.7,-9.42,5.2
2351.TW,P09_量縮後爆量紅K,10,70.0,10.43,-13.99,5.2
6526.TW,P11_多頭排列紅K,12,75.0,9.25,-9.18,5.19
2645.TW,P01_量縮價穩,58,67.24,11.13,-7.64,5.19
3090.TW,P07_RSI超賣量縮,42,71.43,10.06,-7.28,5.18
8046.TW,P12_多頭回檔,32,65.62,11.56,-15.55,5.18
1108.TW,P07_RSI超賣量縮,70,60.0,13.3,-6.25,5.18
3015.TW,P06_價量背離,85,81.18,8.0,-5.52,5.17
2233.TW,P03_均線支撐放量,21,71.43,10.04,-6.06,5.17
4968.TW,P12_多頭回檔,28,64.29,11.92,-21.33,5.16
2449.TW,P12_多頭回檔,36,61.11,12.9,-10.16,5.16
1414.TW,P09_量縮後爆量紅K,9,55.56,14.89,-6.43,5.16
6579.TW,P09_量縮後爆量紅K,11,90.91,6.36,-7.73,5.15
6830.TW,P04_長下影線放量,20,85.0,7.3,-10.28,5.15
6257.TW,P06_價量背離,47,76.6,8.87,-6.64,5.15
5519.TW,P07_RSI超賣量縮,44,72.73,9.71,-5.86,5.15
1809.TW,P07_RSI超賣量縮,61,78.69,8.43,-8.58,5.14
2303.TW,P03_均線支撐放量,41,75.61,9.05,-6.42,5.14
2301.TW,P11_多頭排列紅K,92,60.87,12.94,-6.86,5.14
7631.TW,P03_均線支撐放量,37,72.97,9.63,-6.96,5.13
8476.TW,P11_多頭排列紅K,34,58.82,13.62,-27.69,5.13
3034.TW,P03_均線支撐放量,43,67.44,10.98,-9.52,5.12
9906.TW,P02_量增紅K,38,63.16,12.19,-10.97,5.12
3037.TW,P07_RSI超賣量縮,39,82.05,7.76,-14.61,5.11
2603.TW,P06_價量背離,39,69.23,10.49,-9.24,5.11
2645.TW,P04_長下影線放量,11,72.73,9.63,-6.64,5.1
2368.TW,P01_量縮價穩,47,72.34,9.72,-13.53,5.1
1783.TW,P10_組合訊號,38,76.32,8.84,-7.68,5.09
2486.TW,P08_黃金交叉量增,8,75.0,9.11,-11.0,5.08
2337.TW,P06_價量背離,39,71.79,9.82,-10.64,5.08
2360.TW,P07_RSI超賣量縮,31,61.29,12.71,-13.34,5.08
6753.TW,P01_量縮價穩,88,54.55,15.14,-11.8,5.08
2436.TW,P07_RSI超賣量縮,66,80.3,8.03,-11.52,5.07
3443.TW,P05_連跌反轉紅K,25,76.0,8.88,-17.06,5.07
3044.TW,P02_量增紅K,19,68.42,10.64,-8.94,5.07
6152.TW,P07_RSI超賣量縮,103,66.99,11.02,-12.36,5.07
5522.TW,P06_價量背離,59,79.66,8.14,-4.78,5.06
2344.TW,P09_量縮後爆量紅K,9,77.78,-1.02,-15.49,5.06
9938.TW,P09_量縮後爆量紅K,9,77.78,-0.68,-15.3,5.06
6994.TW,P07_RSI超賣量縮,18,77.78,-3.7,-19.52,5.06
6933.TW,P05_連跌反轉紅K,9,77.78,-2.6,-22.29,5.06
1519.TW,P02_量增紅K,29,75.86,8.9,-13.9,5.06
2031.TW,P05_連跌反轉紅K,26,76.92,8.66,-9.01,5.05
5292.TW,P04_長下影線放量,60,71.67,9.81,-9.06,5.05
2597.TW,P03_均線支撐放量,53,62.26,12.35,-5.33,5.05
8081.TW,P06_價量背離,40,80.0,8.05,-9.89,5.04
2645.TW,P12_多頭回檔,23,60.87,12.78,-6.9,5.04
6216.TW,P08_黃金交叉量增,9,77.78,8.46,-2.92,5.03
8261.TW,P07_RSI超賣量縮,65,76.92,8.64,-11.38,5.03
2504.TW,P11_多頭排列紅K,55,74.55,9.14,-7.87,5.03
2615.TW,P12_多頭回檔,30,63.33,11.99,-12.31,5.03
1529.TW,P03_均線支撐放量,24,95.83,5.54,-8.41,5.02
3607.TW,P03_均線支撐放量,39,74.36,9.16,-6.21,5.02
1612.TW,P01_量縮價穩,103,67.96,10.68,-6.81,5.02
1471.TW,P05_連跌反轉紅K,57,64.91,11.51,-15.45,5.02
1435.TW,P04_長下影線放量,51,62.75,12.16,-10.43,5.02
1316.TW,P05_連跌反轉紅K,23,82.61,7.54,-10.43,5.01
3530.TW,P09_量縮後爆量紅K,17,76.47,8.71,-11.76,5.01
3149.TW,P11_多頭排列紅K,58,68.97,10.42,-17.78,5.01
2236.TW,P07_RSI超賣量縮,71,77.46,8.5,-11.76,5.0
2371.TW,P11_多頭排列紅K,38,76.32,8.73,-8.13,5.0
2883.TW,P05_連跌反轉紅K,25,72.0,9.66,-5.64,5.0
5284.TW,P04_長下影線放量,46,69.57,10.25,-7.62,5.0
8110.TW,P07_RSI超賣量縮,44,68.18,10.6,-10.13,5.0
5434.TW,P10_組合訊號,44,72.73,9.49,-6.26,4.99
6582.TW,P11_多頭排列紅K,33,63.64,11.84,-11.57,4.99
6782.TW,P02_量增紅K,20,80.0,7.97,-11.18,4.98
2597.TW,P07_RSI超賣量縮,35,77.14,8.53,-4.82,4.98
8070.TW,P12_多頭回檔,36,69.44,10.26,-8.17,4.98
6139.TW,P06_價量背離,61,59.02,13.31,-6.34,4.98
2882.TW,P02_量增紅K,6,83.33,7.37,-4.81,4.97
2374.TW,P02_量增紅K,44,70.45,9.99,-9.67,4.97
6854.TW,P05_連跌反轉紅K,18,61.11,12.58,-16.34,4.96
5222.TW,P05_連跌反轉紅K,26,69.23,10.25,-10.22,4.95
6854.TW,P07_RSI超賣量縮,40,65.0,11.38,-12.23,4.95
3338.TW,P04_長下影線放量,22,77.27,8.45,-12.79,4.94
4755.TW,P07_RSI超賣量縮,62,75.81,8.75,-11.57,4.94
1514.TW,P01_量縮價穩,77,72.73,9.42,-9.25,4.94
3413.TW,P06_價量背離,45,66.67,10.91,-10.28,4.94
2374.TW,P12_多頭回檔,39,66.67,10.91,-8.01,4.94
1603.TW,P06_價量背離,55,65.45,11.24,-6.23,4.94
3380.TW,P07_RSI超賣量縮,44,84.09,7.17,-9.38,4.92
2360.TW,P04_長下影線放量,45,80.0,7.89,-9.38,4.92
2605.TW,P06_價量背離,80,80.0,7.9,-10.16,4.92
6451.TW,P02_量增紅K,26,76.92,-0.45,-12.07,4.92
6257.TW,P05_連跌反轉紅K,25,76.0,8.68,-5.75,4.92
3450.TW,P03_均線支撐放量,24,75.0,8.89,-9.47,4.92
2365.TW,P04_長下影線放量,27,70.37,9.94,-9.66,4.92
2010.TW,P09_量縮後爆量紅K,7,57.14,13.86,-7.8,4.92
4739.TW,P05_連跌反轉紅K,30,73.33,9.24,-15.71,4.91
6591.TW,P07_RSI超賣量縮,41,68.29,10.44,-13.3,4.91
4989.TW,P11_多頭排列紅K,38,63.16,11.86,-13.04,4.91
5243.TW,P05_連跌反轉紅K,25,80.0,7.88,-9.64,4.9
2460.TW,P08_黃金交叉量增,10,80.0,7.87,-11.68,4.9
2423.TW,P02_量增紅K,9,77.78,8.3,-3.48,4.9
2312.TW,P04_長下影線放量,25,72.0,9.53,-8.33,4.9
3050.TW,P12_多頭回檔,36,66.67,10.85,-9.77,4.9
2206.TW,P02_量增紅K,18,55.56,14.42,-5.9,4.9
3622.TW,P12_多頭回檔,39,76.92,8.46,-8.25,4.89
8467.TW,P12_多頭回檔,41,73.17,9.24,-7.31,4.89
3048.TW,P06_價量背離,93,58.06,13.49,-8.62,4.89
1467.TW,P02_量增紅K,44,54.55,14.79,-8.28,4.89
8271.TW,P12_多頭回檔,36,75.0,8.85,-8.89,4.88
5515.TW,P11_多頭排列紅K,72,69.44,10.1,-3.85,4.88
2493.TW,P10_組合訊號,51,68.63,10.31,-5.51,4.88
2611.TW,P02_量增紅K,24,62.5,12.02,-8.63,4.88
2495.TW,P05_連跌反轉紅K,21,71.43,9.62,-9.83,4.87
1736.TW,P05_連跌反轉紅K,19,68.42,10.35,-10.33,4.87
5292.TW,P10_組合訊號,29,68.97,10.19,-10.29,4.86
6442.TW,P04_長下影線放量,43,65.12,11.21,-7.79,4.86
912000.TW,P02_量增紅K,36,58.33,13.31,-13.81,4.85
2890.TW,P07_RSI超賣量縮,15,80.0,7.8,-5.99,4.84
3533.TW,P01_量縮價穩,45,77.78,8.22,-10.26,4.84
2316.TW,P12_多頭回檔,37,54.05,14.9,-8.85,4.84
4526.TW,P02_量增紅K,32,71.88,9.45,-12.6,4.82
3679.TW,P09_量縮後爆量紅K,11,63.64,11.58,-6.08,4.82
1529.TW,P11_多頭排列紅K,41,60.98,12.39,-12.25,4.82
1762.TW,P02_量增紅K,21,76.19,-0.27,-10.45,4.81
2340.TW,P07_RSI超賣量縮,65,72.31,9.34,-12.55,4.81
1473.TW,P08_黃金交叉量增,13,69.23,10.06,-6.87,4.81
1432.TW,P07_RSI超賣量縮,117,70.94,9.64,-8.82,4.8
3135.TW,P03_均線支撐放量,16,62.5,11.88,-9.79,4.8
2329.TW,P01_量縮價穩,70,60.0,12.66,-12.03,4.8
3002.TW,P05_連跌反轉紅K,12,83.33,7.15,-5.44,4.79
1529.TW,P05_連跌反轉紅K,18,77.78,8.16,-8.97,4.79
8467.TW,P07_RSI超賣量縮,58,68.97,10.1,-10.74,4.79
3189.TW,P01_量縮價穩,59,66.1,10.84,-13.05,4.79
3515.TW,P02_量增紅K,24,70.83,9.64,-15.95,4.78
6239.TW,P04_長下影線放量,51,70.59,9.69,-9.86,4.78
1231.TW,P03_均線支撐放量,59,69.49,9.95,-4.5,4.78
1475.TW,P09_量縮後爆量紅K,24,62.5,11.84,-14.46,4.78
4968.TW,P11_多頭排列紅K,38,63.16,11.64,-19.22,4.77
6133.TW,P02_量增紅K,41,46.34,18.39,-10.46,4.77
8464.TW,P09_量縮後爆量紅K,8,87.5,6.44,-10.9,4.76
8464.TW,P07_RSI超賣量縮,29,82.76,7.21,-9.1,4.76
2009.TW,P03_均線支撐放量,36,52.78,15.28,-10.55,4.76
2753.TW,P08_黃金交叉量增,6,83.33,7.1,-8.03,4.75
2442.TW,P04_長下影線放量,23,78.26,8.01,-6.23,4.75
1618.TW,P11_多頭排列紅K,39,69.23,9.97,-9.79,4.75
5234.TW,P01_量縮價穩,107,66.36,10.7,-10.66,4.75
3031.TW,P08_黃金交叉量增,4,100.0,4.74,-7.78,4.74
2031.TW,P10_組合訊號,33,75.76,-0.36,-9.65,4.74
2387.TW,P05_連跌反轉紅K,24,62.5,11.78,-10.56,4.74
7730.TW,P02_量增紅K,16,62.5,11.79,-10.31,4.74
6426.TW,P09_量縮後爆量紅K,15,60.0,12.57,-13.34,4.74
2379.TW,P08_黃金交叉量增,6,83.33,7.08,-10.12,4.73
6166.TW,P08_黃金交叉量增,8,75.0,8.63,-7.11,4.73
8046.TW,P05_連跌反轉紅K,21,71.43,9.42,-18.48,4.73
2233.TW,P07_RSI超賣量縮,62,64.52,11.19,-10.26,4.73
3038.TW,P09_量縮後爆量紅K,4,75.0,8.63,-8.16,4.72
6197.TW,P10_組合訊號,47,68.09,10.21,-8.46,4.72
2038.TW,P05_連跌反轉紅K,28,64.29,11.23,-14.17,4.72
2429.TW,P01_量縮價穩,225,62.67,11.7,-10.54,4.72
6598.TW,P08_黃金交叉量增,15,60.0,12.54,-16.64,4.72
8996.TW,P09_量縮後爆量紅K,7,85.71,6.66,-19.02,4.71
1615.TW,P12_多頭回檔,64,81.25,7.41,-4.66,4.71
1235.TW,P12_多頭回檔,125,67.2,10.43,-5.05,4.71
2461.TW,P03_均線支撐放量,42,78.57,7.9,-8.31,4.7
2546.TW,P10_組合訊號,66,74.24,8.76,-3.79,4.7
3596.TW,P03_均線支撐放量,31,74.19,8.77,-10.54,4.7
6165.TW,P06_價量背離,34,73.53,8.91,-9.16,4.7
3694.TW,P12_多頭回檔,22,72.73,9.08,-13.79,4.7
3576.TW,P08_黃金交叉量增,14,64.29,11.2,-14.18,4.7
5225.TW,P08_黃金交叉量增,11,63.64,11.38,-14.58,4.7
6005.TW,P02_量增紅K,22,77.27,8.11,-5.37,4.68
2855.TW,P02_量增紅K,14,64.29,11.18,-4.38,4.68
3380.TW,P05_連跌反轉紅K,23,86.96,6.43,-10.03,4.67
6205.TW,P11_多頭排列紅K,44,65.91,10.69,-10.28,4.66
3189.TW,P06_價量背離,38,84.21,6.84,-8.05,4.65
2233.TW,P06_價量背離,56,69.64,9.73,-7.11,4.65
3168.TW,P02_量增紅K,48,66.67,10.48,-6.22,4.65
6515.TW,P04_長下影線放量,32,65.62,10.75,-22.4,4.65
2630.TW,P06_價量背離,121,64.46,11.07,-9.16,4.65
5243.TW,P07_RSI超賣量縮,33,78.79,7.77,-11.55,4.64
2603.TW,P10_組合訊號,32,75.0,8.51,-8.99,4.64
5234.TW,P12_多頭回檔,40,67.5,10.24,-10.66,4.64
1560.TW,P02_量增紅K,21,76.19,8.26,-9.44,4.63
2540.TW,P01_量縮價穩,190,67.89,10.13,-7.64,4.63
3019.TW,P03_均線支撐放量,23,65.22,10.83,-8.8,4.63
1590.TW,P02_量增紅K,12,75.0,-1.69,-14.21,4.62
1229.TW,P09_量縮後爆量紅K,4,75.0,-0.36,-7.12,4.62
6854.TW,P09_量縮後爆量紅K,8,75.0,-0.93,-10.16,4.62
5306.TW,P09_量縮後爆量紅K,4,75.0,-6.18,-12.39,4.62
1702.TW,P09_量縮後爆量紅K,4,75.0,-0.06,-4.82,4.62
2406.TW,P08_黃金交叉量增,8,75.0,-3.86,-21.42,4.62
2369.TW,P08_黃金交叉量增,4,75.0,-5.03,-12.6,4.62
6862.TW,P05_連跌反轉紅K,4,75.0,-2.12,-17.48,4.62
6994.TW,P04_長下影線放量,16,75.0,-1.56,-15.63,4.62
6933.TW,P10_組合訊號,4,75.0,-18.48,-24.74,4.62
5706.TW,P08_黃金交叉量增,4,75.0,-0.67,-15.23,4.62
2109.TW,P09_量縮後爆量紅K,4,75.0,-0.27,-6.53,4.62
6283.TW,P08_黃金交叉量增,8,75.0,-1.64,-16.79,4.62
2302.TW,P09_量縮後爆量紅K,16,75.0,-0.74,-11.93,4.62
7721.TW,P04_長下影線放量,12,75.0,-1.25,-8.96,4.62
5215.TW,P09_量縮後爆量紅K,8,75.0,-1.24,-10.56,4.62
8487.TW,P05_連跌反轉紅K,4,75.0,-2.73,-9.88,4.62
4763.TW,P10_組合訊號,28,71.43,9.27,-10.5,4.62
8150.TW,P02_量增紅K,16,68.75,9.9,-10.28,4.62
8028.TW,P02_量增紅K,23,65.22,10.82,-12.93,4.62
2029.TW,P07_RSI超賣量縮,71,59.15,12.65,-6.67,4.62
3022.TW,P08_黃金交叉量增,4,75.0,8.47,-7.14,4.61
1513.TW,P05_連跌反轉紅K,23,73.91,8.71,-10.31,4.61
3014.TW,P12_多頭回檔,29,65.52,10.72,-10.13,4.61
6139.TW,P01_量縮價穩,89,61.8,11.79,-7.58,4.61
2421.TW,P10_組合訊號,32,62.5,11.56,-15.91,4.6
8261.TW,P10_組合訊號,23,78.26,7.81,-7.08,4.59
9105.TW,P03_均線支撐放量,31,70.97,9.33,-6.28,4.59
3305.TW,P03_均線支撐放量,36,66.67,10.38,-7.29,4.59
2472.TW,P04_長下影線放量,17,64.71,10.91,-8.79,4.59
3051.TW,P03_均線支撐放量,35,74.29,8.59,-10.76,4.58
8016.TW,P09_量縮後爆量紅K,6,66.67,10.37,-14.08,4.58
2375.TW,P03_均線支撐放量,20,65.0,10.82,-10.42,4.58
2013.TW,P07_RSI超賣量縮,65,61.54,11.82,-7.99,4.58
2454.TW,P03_均線支撐放量,22,77.27,7.97,-10.25,4.57
2345.TW,P10_組合訊號,34,76.47,8.13,-15.3,4.57
6794.TW,P07_RSI超賣量縮,19,63.16,11.32,-6.11,4.57
6668.TW,P03_均線支撐放量,24,83.33,6.87,-11.21,4.56
3027.TW,P08_黃金交叉量增,6,66.67,10.35,-13.62,4.56
4938.TW,P07_RSI超賣量縮,40,85.0,6.59,-4.91,4.55
2597.TW,P08_黃金交叉量增,9,77.78,7.85,-5.27,4.55
3047.TW,P02_量增紅K,32,62.5,11.49,-11.91,4.55
6955.TW,P07_RSI超賣量縮,3,100.0,4.54,-3.79,4.54
6451.TW,P01_量縮價穩,75,77.33,7.93,-13.81,4.54
6155.TW,P07_RSI超賣量縮,82,74.39,8.52,-7.71,4.54
6451.TW,P09_量縮後爆量紅K,15,73.33,8.73,-14.4,4.54
3622.TW,P11_多頭排列紅K,36,72.22,8.98,-9.11,4.54
2471.TW,P12_多頭回檔,37,54.05,14.34,-7.62,4.54
2458.TW,P08_黃金交叉量增,10,80.0,7.41,-8.15,4.53
2727.TW,P02_量增紅K,10,70.0,9.48,-9.62,4.53
1435.TW,P02_量增紅K,56,64.29,10.94,-10.18,4.53
3312.TW,P10_組合訊號,25,64.0,11.01,-10.67,4.53
3031.TW,P03_均線支撐放量,23,78.26,7.71,-8.14,4.52
2327.TW,P09_量縮後爆量紅K,4,75.0,8.36,-16.07,4.52
2404.TW,P11_多頭排列紅K,54,59.26,12.43,-9.97,4.52
6213.TW,P05_連跌反轉紅K,29,79.31,7.51,-11.79,4.51
6698.TW,P04_長下影線放量,52,75.0,8.34,-15.24,4.51
2540.TW,P06_價量背離,72,70.83,9.26,-7.93,4.51
3167.TW,P02_量增紅K,22,68.18,9.89,-12.15,4.51
6719.TW,P07_RSI超賣量縮,32,84.38,6.63,-11.48,4.5
3535.TW,P01_量縮價穩,90,64.44,10.85,-13.86,4.5
6165.TW,P01_量縮價穩,117,62.39,11.43,-10.81,4.5
6796.TW,P01_量縮價穩,94,58.51,12.65,-10.9,4.5
1313.TW,P02_量增紅K,16,62.5,11.38,-10.07,4.49
2382.TW,P12_多頭回檔,53,60.38,12.03,-7.22,4.49
6438.TW,P05_連跌反轉紅K,20,85.0,6.5,-14.79,4.48
9105.TW,P07_RSI超賣量縮,50,76.0,8.1,-8.78,4.48
2385.TW,P04_長下影線放量,59,72.88,8.75,-6.31,4.48
3011.TW,P05_連跌反轉紅K,55,70.91,9.19,-11.51,4.48
3701.TW,P05_連跌反轉紅K,26,69.23,9.59,-11.3,4.48
8105.TW,P07_RSI超賣量縮,61,68.85,9.68,-10.3,4.48
5292.TW,P05_連跌反轉紅K,19,68.42,9.78,-8.29,4.48
3052.TW,P09_量縮後爆量紅K,8,62.5,11.35,-3.91,4.47
6449.TW,P12_多頭回檔,51,64.71,10.71,-9.31,4.46
2359.TW,P02_量增紅K,21,66.67,10.17,-10.97,4.45
2727.TW,P04_長下影線放量,36,66.67,10.18,-9.77,4.45
3040.TW,P08_黃金交叉量增,7,57.14,13.03,-10.75,4.45
6525.TW,P09_量縮後爆量紅K,5,80.0,7.3,-6.55,4.44
3002.TW,P06_價量背離,62,82.26,6.89,-5.85,4.43
3607.TW,P07_RSI超賣量縮,48,81.25,7.07,-9.59,4.43
2359.TW,P10_組合訊號,22,72.73,8.71,-9.55,4.43
3025.TW,P03_均線支撐放量,21,71.43,9.0,-13.31,4.43
1504.TW,P06_價量背離,74,55.41,13.63,-7.08,4.43
4958.TW,P02_量增紅K,12,83.33,6.7,-9.55,4.42
6670.TW,P07_RSI超賣量縮,28,82.14,6.9,-4.82,4.42
1907.TW,P07_RSI超賣量縮,55,74.55,8.31,-4.39,4.42
6515.TW,P12_多頭回檔,19,73.68,-3.33,-19.16,4.42
2401.TW,P04_長下影線放量,19,73.68,-0.72,-13.3,4.42
2312.TW,P01_量縮價穩,66,71.21,9.04,-7.9,4.42
2850.TW,P09_量縮後爆量紅K,3,66.67,10.13,-1.45,4.42
4755.TW,P08_黃金交叉量增,8,62.5,11.28,-4.08,4.42
6206.TW,P05_連跌反轉紅K,21,57.14,12.99,-8.27,4.42
1307.TW,P09_量縮後爆量紅K,7,85.71,6.31,-4.02,4.41
6197.TW,P05_連跌反轉紅K,23,73.91,8.44,-8.12,4.41
2436.TW,P01_量縮價穩,87,72.41,8.76,-9.79,4.41
3622.TW,P05_連跌反轉紅K,25,72.0,8.84,-9.84,4.41
2059.TW,P07_RSI超賣量縮,27,74.07,8.39,-9.0,4.4
3149.TW,P07_RSI超賣量縮,124,64.52,10.66,-14.11,4.4
2025.TW,P11_多頭排列紅K,28,60.71,11.78,-14.21,4.4
6139.TW,P09_量縮後爆量紅K,7,42.86,19.59,-10.17,4.4
2236.TW,P01_量縮價穩,194,64.43,10.67,-9.35,4.39
6757.TW,P12_多頭回檔,10,70.0,9.26,-10.22,4.38
3356.TW,P03_均線支撐放量,19,89.47,5.71,-11.64,4.37
6691.TW,P02_量增紅K,27,81.48,6.96,-7.81,4.37
2427.TW,P08_黃金交叉量增,15,73.33,-0.38,-10.45,4.37
2402.TW,P04_長下影線放量,26,80.77,7.06,-10.69,4.36
6782.TW,P03_均線支撐放量,24,70.83,9.04,-15.01,4.36
2497.TW,P02_量增紅K,29,58.62,12.37,-13.89,4.36
8478.TW,P12_多頭回檔,30,56.67,13.04,-9.58,4.36
1590.TW,P07_RSI超賣量縮,30,80.0,7.19,-9.37,4.35
1477.TW,P10_組合訊號,39,71.79,8.81,-9.25,4.35
4766.TW,P05_連跌反轉紅K,31,67.74,9.76,-7.81,4.35
2059.TW,P06_價量背離,30,60.0,11.92,-8.42,4.35
6834.TW,P08_黃金交叉量增,4,50.0,15.7,-18.2,4.35
3002.TW,P04_長下影線放量,55,85.45,6.27,-6.89,4.34
2727.TW,P07_RSI超賣量縮,47,76.6,7.8,-7.63,4.34
3557.TW,P12_多頭回檔,55,69.09,9.42,-8.72,4.34
6191.TW,P11_多頭排列紅K,39,66.67,10.01,-10.23,4.34
2468.TW,P03_均線支撐放量,39,64.1,10.69,-6.5,4.34
8222.TW,P02_量增紅K,26,73.08,8.51,-13.59,4.33
1475.TW,P01_量縮價穩,267,53.93,14.0,-15.61,4.33
9902.TW,P05_連跌反轉紅K,28,75.0,8.09,-6.55,4.32
3443.TW,P11_多頭排列紅K,49,61.22,11.49,-16.96,4.32
2399.TW,P10_組合訊號,17,64.71,10.48,-13.28,4.31
2548.TW,P02_量增紅K,10,70.0,9.15,-6.51,4.3
2402.TW,P09_量縮後爆量紅K,10,70.0,9.14,-12.85,4.3
2356.TW,P07_RSI超賣量縮,31,74.19,8.22,-6.5,4.29
3530.TW,P08_黃金交叉量增,6,83.33,6.53,-11.67,4.28
3711.TW,P07_RSI超賣量縮,33,72.73,8.51,-9.82,4.28
4989.TW,P03_均線支撐放量,32,71.88,8.69,-12.65,4.28
1231.TW,P08_黃金交叉量增,10,70.0,9.11,-5.21,4.28
3037.TW,P11_多頭排列紅K,38,68.42,9.48,-15.97,4.28
8021.TW,P01_量縮價穩,90,67.78,9.64,-8.14,4.28
3704.TW,P05_連跌反轉紅K,23,65.22,10.29,-13.91,4.28
6591.TW,P03_均線支撐放量,23,78.26,7.4,-10.13,4.27
6515.TW,P10_組合訊號,11,72.73,-3.22,-22.44,4.27
5388.TW,P08_黃金交叉量增,11,72.73,-1.86,-10.77,4.27
2406.TW,P09_量縮後爆量紅K,11,72.73,-3.92,-19.31,4.27
6957.TW,P04_長下影線放量,11,72.73,-1.71,-16.5,4.27
2332.TW,P12_多頭回檔,33,72.73,-0.11,-14.79,4.27
2453.TW,P04_長下影線放量,22,72.73,8.5,-8.85,4.27
6155.TW,P08_黃金交叉量增,11,72.73,-1.91,-11.75,4.27
2379.TW,P05_連跌反轉紅K,29,72.41,8.56,-12.39,4.27
1727.TW,P05_連跌反轉紅K,27,70.37,9.01,-12.54,4.27
6165.TW,P09_量縮後爆量紅K,6,66.67,9.91,-8.35,4.27
5434.TW,P11_多頭排列紅K,64,71.88,8.66,-5.31,4.26
6285.TW,P11_多頭排列紅K,32,68.75,9.38,-8.89,4.26
9935.TW,P11_多頭排列紅K,41,60.98,11.47,-9.31,4.26
3413.TW,P04_長下影線放量,29,58.62,12.21,-12.05,4.26
2605.TW,P07_RSI超賣量縮,67,82.09,6.71,-10.22,4.25
3029.TW,P10_組合訊號,40,72.5,8.51,-7.94,4.25
6937.TW,P01_量縮價穩,46,71.74,8.68,-9.51,4.25
5515.TW,P05_連跌反轉紅K,24,70.83,8.89,-5.47,4.25
3006.TW,P12_多頭回檔,30,66.67,9.88,-15.24,4.25
3481.TW,P10_組合訊號,22,59.09,12.03,-13.73,4.25
4770.TW,P06_價量背離,43,69.77,9.11,-12.11,4.24
2327.TW,P04_長下影線放量,26,65.38,10.2,-8.91,4.24
6869.TW,P05_連跌反轉紅K,10,50.0,15.49,-16.34,4.24
3046.TW,P02_量增紅K,22,63.64,10.64,-15.42,4.23
6869.TW,P01_量縮價穩,43,62.79,10.88,-12.46,4.23
6863.TW,P01_量縮價穩,29,72.41,-0.05,-15.37,4.22
3504.TW,P12_多頭回檔,29,72.41,-7.17,-22.56,4.22
2453.TW,P01_量縮價穩,117,71.79,8.63,-7.9,4.22
6205.TW,P06_價量背離,59,67.8,9.54,-13.36,4.22
6235.TW,P06_價量背離,45,64.44,10.41,-14.87,4.22
3535.TW,P06_價量背離,47,74.47,8.05,-10.87,4.21
3305.TW,P12_多頭回檔,43,67.44,9.62,-7.98,4.21
2390.TW,P11_多頭排列紅K,40,50.0,15.41,-13.43,4.21
8016.TW,P06_價量背離,30,80.0,7.0,-9.15,4.2
6937.TW,P08_黃金交叉量增,5,80.0,7.0,-10.75,4.2
2317.TW,P07_RSI超賣量縮,23,65.22,10.17,-5.47,4.2
3167.TW,P10_組合訊號,43,60.47,11.52,-7.86,4.2
8021.TW,P04_長下影線放量,41,56.1,12.96,-13.14,4.2
2637.TW,P05_連跌反轉紅K,36,55.56,13.16,-9.73,4.2
3533.TW,P04_長下影線放量,29,79.31,7.11,-14.87,4.19
2375.TW,P08_黃金交叉量增,7,71.43,8.67,-14.32,4.19
2317.TW,P08_黃金交叉量增,7,57.14,12.58,-4.32,4.19
3005.TW,P10_組合訊號,22,77.27,7.46,-6.75,4.18
2059.TW,P12_多頭回檔,26,65.38,10.1,-8.34,4.18
6416.TW,P12_多頭回檔,30,83.33,6.41,-13.61,4.17
1720.TW,P09_量縮後爆量紅K,6,66.67,9.75,-3.7,4.17
2024.TW,P05_連跌反轉紅K,25,72.0,-0.42,-9.06,4.16
8422.TW,P02_量增紅K,18,66.67,9.73,-5.07,4.16
2392.TW,P12_多頭回檔,39,64.1,10.4,-7.97,4.16
3583.TW,P02_量增紅K,21,61.9,11.03,-12.64,4.16
3042.TW,P04_長下影線放量,36,75.0,7.86,-9.82,4.15
6585.TW,P11_多頭排列紅K,42,73.81,8.11,-11.43,4.15
3305.TW,P05_連跌反轉紅K,33,66.67,9.73,-10.63,4.15
2329.TW,P06_價量背離,41,60.98,11.29,-12.23,4.15
3596.TW,P05_連跌反轉紅K,25,76.0,7.66,-8.68,4.14
2385.TW,P11_多頭排列紅K,79,75.95,7.67,-6.57,4.14
1725.TW,P09_量縮後爆量紅K,11,72.73,8.32,-9.76,4.14
3060.TW,P06_價量背離,67,67.16,9.58,-8.21,4.14
1604.TW,P08_黃金交叉量增,6,83.33,6.36,-1.52,4.13
1560.TW,P03_均線支撐放量,29,75.86,7.67,-10.45,4.13
2471.TW,P07_RSI超賣量縮,38,73.68,8.11,-5.56,4.13
1611.TW,P12_多頭回檔,30,70.0,8.9,-6.7,4.13
5484.TW,P01_量縮價穩,208,51.44,14.63,-11.65,4.13
9103.TW,P06_價量背離,124,48.39,16.01,-11.06,4.13
2923.TW,P06_價量背離,55,81.82,6.59,-6.44,4.12
1783.TW,P07_RSI超賣量縮,61,77.05,7.43,-8.44,4.12
1476.TW,P07_RSI超賣量縮,24,75.0,7.82,-8.22,4.12
5434.TW,P07_RSI超賣量縮,25,72.0,8.45,-10.21,4.12
2328.TW,P01_量縮價穩,77,67.53,9.46,-8.9,4.12
3563.TW,P11_多頭排列紅K,49,67.35,9.51,-16.15,4.12
3376.TW,P12_多頭回檔,44,65.91,9.87,-9.29,4.12
6414.TW,P08_黃金交叉量增,12,75.0,7.81,-8.95,4.11
3605.TW,P07_RSI超賣量縮,54,70.37,8.78,-10.46,4.11
5469.TW,P05_連跌反轉紅K,15,73.33,8.13,-9.98,4.1
6442.TW,P06_價量背離,80,65.0,10.08,-7.55,4.1
4989.TW,P12_多頭回檔,32,62.5,10.76,-15.69,4.1
2371.TW,P08_黃金交叉量增,9,77.78,7.26,-11.34,4.09
2382.TW,P01_量縮價穩,32,75.0,7.78,-7.22,4.09
1210.TW,P05_連跌反轉紅K,24,75.0,7.78,-6.24,4.09
3014.TW,P04_長下影線放量,31,70.97,8.62,-9.61,4.09
2497.TW,P07_RSI超賣量縮,79,69.62,8.92,-12.8,4.09
3168.TW,P04_長下影線放量,73,63.01,10.6,-7.04,4.09
6166.TW,P11_多頭排列紅K,27,81.48,6.6,-9.37,4.08
2855.TW,P05_連跌反轉紅K,28,75.0,7.77,-4.95,4.08
2359.TW,P03_均線支撐放量,29,72.41,8.3,-8.01,4.08
6477.TW,P09_量縮後爆量紅K,15,66.67,9.61,-15.16,4.08
8028.TW,P11_多頭排列紅K,35,65.71,9.86,-15.38,4.08
9921.TW,P05_連跌反轉紅K,40,62.5,10.72,-12.69,4.08
6789.TW,P09_量縮後爆量紅K,4,75.0,7.76,-13.43,4.07
1603.TW,P07_RSI超賣量縮,35,74.29,7.9,-5.33,4.07
2645.TW,P10_組合訊號,14,71.43,8.49,-3.4,4.07
4583.TW,P08_黃金交叉量增,7,71.43,-4.14,-14.36,4.07
3515.TW,P08_黃金交叉量增,7,71.43,-5.79,-19.82,4.07
2428.TW,P08_黃金交叉量增,7,71.43,-2.81,-13.28,4.07
4536.TW,P08_黃金交叉量增,7,71.43,-1.17,-12.55,4.07
2231.TW,P11_多頭排列紅K,35,71.43,-2.21,-12.96,4.07
6914.TW,P03_均線支撐放量,7,71.43,-5.47,-12.25,4.07
2527.TW,P04_長下影線放量,49,71.43,8.5,-7.0,4.07
6756.TW,P03_均線支撐放量,14,71.43,-6.6,-19.23,4.07
2030.TW,P09_量縮後爆量紅K,7,71.43,-4.01,-11.49,4.07
6695.TW,P08_黃金交叉量增,7,71.43,-5.07,-18.07,4.07
1783.TW,P09_量縮後爆量紅K,7,71.43,-9.09,-17.89,4.07
2611.TW,P08_黃金交叉量增,7,71.43,-1.75,-8.81,4.07
9955.TW,P01_量縮價穩,153,69.28,8.98,-8.12,4.07
6442.TW,P10_組合訊號,52,67.31,9.45,-6.01,4.07
2442.TW,P12_多頭回檔,46,76.09,7.54,-9.25,4.06
6756.TW,P01_量縮價穩,75,54.67,13.24,-15.51,4.06
2413.TW,P05_連跌反轉紅K,30,83.33,6.26,-11.85,4.05
1808.TW,P12_多頭回檔,57,73.68,8.0,-6.11,4.05
3048.TW,P09_量縮後爆量紅K,13,61.54,10.96,-9.57,4.05
6409.TW,P04_長下影線放量,57,80.7,6.69,-10.96,4.04
2028.TW,P05_連跌反轉紅K,45,60.0,11.4,-9.04,4.04
2329.TW,P11_多頭排列紅K,49,69.39,8.9,-11.7,4.03
2471.TW,P10_組合訊號,52,63.46,10.37,-6.42,4.03
1717.TW,P06_價量背離,91,62.64,10.61,-6.2,4.03
2516.TW,P08_黃金交叉量增,9,44.44,17.82,-5.15,4.03
2303.TW,P08_黃金交叉量增,8,87.5,5.59,-4.99,4.02
8467.TW,P03_均線支撐放量,46,60.87,11.11,-6.69,4.02
3006.TW,P06_價量背離,33,78.79,6.98,-13.45,4.01
3011.TW,P07_RSI超賣量縮,103,72.82,8.13,-13.95,4.01
3038.TW,P11_多頭排列紅K,38,65.79,9.74,-9.53,4.01
1304.TW,P11_多頭排列紅K,39,64.1,10.17,-10.43,4.01
2417.TW,P10_組合訊號,44,63.64,10.3,-11.2,4.01
6449.TW,P03_均線支撐放量,49,59.18,11.61,-8.26,4.01
3046.TW,P12_多頭回檔,34,58.82,11.71,-13.39,4.01
9955.TW,P08_黃金交叉量增,8,75.0,7.66,-10.19,4.0
2006.TW,P06_價量背離,55,74.55,7.76,-5.66,4.0
6405.TW,P05_連跌反轉紅K,34,73.53,7.97,-11.2,4.0
1616.TW,P10_組合訊號,57,66.67,9.5,-7.63,4.0
8021.TW,P07_RSI超賣量縮,48,64.58,10.04,-9.49,4.0
2516.TW,P11_多頭排列紅K,63,60.32,11.24,-9.86,4.0
4935.TW,P02_量增紅K,15,53.33,13.63,-9.51,4.0
2025.TW,P04_長下影線放量,53,69.81,8.74,-13.72,3.99
8105.TW,P06_價量背離,52,69.23,8.87,-10.47,3.99
1713.TW,P07_RSI超賣量縮,61,68.85,8.96,-5.74,3.99
3406.TW,P03_均線支撐放量,26,76.92,7.27,-12.04,3.98
2316.TW,P10_組合訊號,32,71.88,8.27,-12.1,3.98
1522.TW,P05_連跌反轉紅K,26,69.23,8.86,-8.9,3.98
2440.TW,P08_黃金交叉量增,16,68.75,8.97,-9.46,3.98
3047.TW,P05_連跌反轉紅K,22,63.64,10.25,-13.26,3.98
1721.TW,P05_連跌反轉紅K,30,63.33,10.34,-10.83,3.98
6165.TW,P04_長下影線放量,49,67.35,9.28,-11.43,3.97
3029.TW,P11_多頭排列紅K,45,66.67,9.45,-7.83,3.97
2363.TW,P03_均線支撐放量,32,59.38,11.48,-11.49,3.97
2515.TW,P05_連跌反轉紅K,13,76.92,7.25,-8.37,3.96
3030.TW,P07_RSI超賣量縮,29,75.86,7.44,-6.91,3.96
8476.TW,P02_量增紅K,24,54.17,13.24,-26.41,3.96
5522.TW,P09_量縮後爆量紅K,4,50.0,14.93,-6.65,3.96
2601.TW,P08_黃金交叉量增,6,50.0,14.92,-12.61,3.96
5284.TW,P05_連跌反轉紅K,27,77.78,7.08,-12.87,3.95
1760.TW,P02_量增紅K,20,55.0,12.91,-16.9,3.95
3002.TW,P10_組合訊號,35,82.86,6.2,-6.47,3.94
3044.TW,P11_多頭排列紅K,72,75.0,7.59,-8.5,3.94
5519.TW,P11_多頭排列紅K,53,71.7,8.26,-8.23,3.94
3062.TW,P12_多頭回檔,17,70.59,-0.81,-15.34,3.94
3504.TW,P04_長下影線放量,17,70.59,-3.04,-21.34,3.94
3231.TW,P12_多頭回檔,40,65.0,9.83,-7.05,3.94
6196.TW,P02_量增紅K,17,52.94,13.66,-12.23,3.94
1504.TW,P11_多頭排列紅K,60,65.0,9.81,-5.54,3.93
2228.TW,P02_量增紅K,17,70.59,8.47,-6.97,3.92
2431.TW,P11_多頭排列紅K,44,70.45,-0.2,-11.43,3.92
1215.TW,P10_組合訊號,61,67.21,9.25,-3.3,3.92
6658.TW,P06_價量背離,15,66.67,9.38,-14.56,3.92
2329.TW,P07_RSI超賣量縮,37,59.46,11.37,-12.69,3.92
5906.TW,P01_量縮價穩,305,59.34,11.4,-8.48,3.92
6585.TW,P09_量縮後爆量紅K,10,70.0,8.59,-10.61,3.91
6531.TW,P02_量增紅K,17,58.82,11.54,-14.33,3.91
3044.TW,P06_價量背離,28,78.57,6.87,-8.45,3.9
2484.TW,P07_RSI超賣量縮,58,68.97,8.81,-9.28,3.9
1504.TW,P04_長下影線放量,47,51.06,14.35,-6.71,3.9
4934.TW,P07_RSI超賣量縮,85,69.41,8.68,-18.22,3.89
3004.TW,P04_長下影線放量,28,85.71,5.7,-10.04,3.88
2204.TW,P08_黃金交叉量增,7,71.43,8.23,-6.72,3.88
3588.TW,P06_價量背離,54,70.37,8.46,-13.12,3.88
2481.TW,P09_量縮後爆量紅K,5,60.0,11.13,-20.84,3.88
6282.TW,P05_連跌反轉紅K,25,76.0,7.3,-9.78,3.87
2454.TW,P05_連跌反轉紅K,32,75.0,7.49,-12.01,3.87
6491.TW,P04_長下影線放量,51,64.71,9.79,-8.79,3.87
6117.TW,P10_組合訊號,45,57.78,11.81,-8.09,3.87
7631.TW,P09_量縮後爆量紅K,11,72.73,7.93,-6.44,3.86
2327.TW,P02_量增紅K,11,63.64,10.07,-12.21,3.86
6155.TW,P05_連跌反轉紅K,22,77.27,7.05,-7.5,3.85
2458.TW,P03_均線支撐放量,38,73.68,7.72,-9.75,3.85
6213.TW,P10_組合訊號,30,70.0,-0.1,-13.33,3.85
6271.TW,P10_組合訊號,20,70.0,-0.7,-13.4,3.85
6719.TW,P04_長下影線放量,10,70.0,-4.16,-19.3,3.85
2617.TW,P03_均線支撐放量,20,70.0,-0.9,-11.58,3.85
3356.TW,P10_組合訊號,20,70.0,-3.17,-15.68,3.85
6742.TW,P03_均線支撐放量,10,70.0,-5.69,-16.94,3.85
3437.TW,P10_組合訊號,30,70.0,-0.08,-15.31,3.85
1231.TW,P12_多頭回檔,80,67.5,9.08,-4.96,3.85
1773.TW,P10_組合訊號,43,67.44,9.08,-7.79,3.85
1436.TW,P03_均線支撐放量,94,65.96,9.45,-3.63,3.85
1417.TW,P12_多頭回檔,30,63.33,10.14,-7.29,3.85
2606.TW,P07_RSI超賣量縮,43,86.05,5.59,-8.33,3.84
2535.TW,P05_連跌反轉紅K,28,75.0,7.45,-4.53,3.84
2472.TW,P12_多頭回檔,19,68.42,8.84,-10.58,3.84
1235.TW,P11_多頭排列紅K,69,62.32,10.4,-6.67,3.84
2348.TW,P12_多頭回檔,53,75.47,7.35,-5.89,3.83
1475.TW,P08_黃金交叉量增,7,71.43,8.17,-17.48,3.83
3311.TW,P07_RSI超賣量縮,84,69.05,8.69,-6.65,3.83
1608.TW,P05_連跌反轉紅K,25,68.0,8.93,-12.59,3.83
2009.TW,P10_組合訊號,42,57.14,11.95,-11.26,3.83
6589.TW,P07_RSI超賣量縮,3,100.0,3.82,-5.47,3.82
1560.TW,P06_價量背離,30,76.67,7.11,-11.23,3.82
2636.TW,P05_連跌反轉紅K,17,70.59,8.32,-13.05,3.81
8478.TW,P07_RSI超賣量縮,44,63.64,9.99,-12.86,3.81
3231.TW,P01_量縮價穩,62,59.68,11.11,-6.69,3.81
5521.TW,P04_長下影線放量,58,56.9,11.99,-9.31,3.81
2707.TW,P09_量縮後爆量紅K,4,75.0,7.4,-4.07,3.8
4968.TW,P09_量縮後爆量紅K,4,75.0,7.4,-11.96,3.8
3019.TW,P10_組合訊號,35,68.57,8.75,-10.22,3.8
1717.TW,P04_長下影線放量,32,65.62,9.45,-7.53,3.8
5608.TW,P02_量增紅K,21,57.14,11.9,-16.18,3.8
6931.TW,P03_均線支撐放量,35,57.14,11.89,-8.94,3.8
912000.TW,P09_量縮後爆量紅K,15,73.33,7.71,-13.32,3.79
2303.TW,P04_長下影線放量,34,70.59,8.29,-8.21,3.79
2330.TW,P03_均線支撐放量,33,69.7,8.48,-8.19,3.79
4536.TW,P07_RSI超賣量縮,37,67.57,8.97,-8.68,3.79
3557.TW,P08_黃金交叉量增,12,66.67,9.18,-19.13,3.79
5292.TW,P06_價量背離,77,64.94,9.62,-10.31,3.79
8996.TW,P03_均線支撐放量,24,58.33,11.49,-13.07,3.79
7711.TW,P07_RSI超賣量縮,15,53.33,13.23,-22.32,3.79
6658.TW,P05_連跌反轉紅K,11,72.73,7.83,-21.11,3.78
2617.TW,P11_多頭排列紅K,24,70.83,8.23,-11.4,3.78
3714.TW,P11_多頭排列紅K,23,69.57,-2.66,-14.15,3.78
3167.TW,P07_RSI超賣量縮,85,64.71,9.66,-10.79,3.78
8374.TW,P01_量縮價穩,196,59.18,11.22,-8.48,3.78
8476.TW,P01_量縮價穩,153,56.86,11.96,-23.87,3.78
5244.TW,P06_價量背離,66,68.18,8.79,-9.51,3.77
3055.TW,P08_黃金交叉量增,9,66.67,9.15,-10.11,3.77
2429.TW,P07_RSI超賣量縮,91,62.64,10.19,-11.36,3.77
2606.TW,P10_組合訊號,40,75.0,7.34,-9.07,3.76
5225.TW,P07_RSI超賣量縮,67,71.64,8.02,-16.09,3.76
3036.TW,P10_組合訊號,31,67.74,8.89,-7.78,3.76
2440.TW,P06_價量背離,106,64.15,9.77,-9.37,3.76
1590.TW,P05_連跌反轉紅K,33,72.73,7.79,-11.75,3.75
1514.TW,P10_組合訊號,25,68.0,8.81,-10.65,3.75
1711.TW,P07_RSI超賣量縮,42,66.67,9.12,-5.61,3.75
3035.TW,P03_均線支撐放量,11,63.64,9.89,-13.28,3.75
3138.TW,P02_量增紅K,26,53.85,12.96,-20.25,3.75
8210.TW,P04_長下影線放量,35,60.0,10.9,-13.19,3.74
2634.TW,P04_長下影線放量,26,69.23,-1.17,-8.63,3.73
6994.TW,P05_連跌反轉紅K,13,69.23,-6.1,-16.68,3.73
1521.TW,P09_量縮後爆量紅K,13,69.23,-3.85,-8.89,3.73
3712.TW,P05_連跌反轉紅K,33,66.67,9.09,-12.47,3.73
3032.TW,P10_組合訊號,39,64.1,9.73,-7.58,3.73
6191.TW,P05_連跌反轉紅K,23,73.91,7.51,-9.64,3.72
2546.TW,P07_RSI超賣量縮,38,73.68,7.54,-4.16,3.72
3711.TW,P04_長下影線放量,45,73.33,7.62,-9.16,3.72
2545.TW,P12_多頭回檔,92,71.74,7.94,-5.92,3.72
3583.TW,P12_多頭回檔,29,58.62,11.28,-14.83,3.72
2630.TW,P12_多頭回檔,38,50.0,14.44,-10.14,3.72
4722.TW,P09_量縮後爆量紅K,11,72.73,7.72,-6.42,3.71
5292.TW,P01_量縮價穩,247,72.47,7.78,-7.91,3.71
9955.TW,P06_價量背離,127,69.29,8.45,-8.54,3.71
5243.TW,P04_長下影線放量,19,63.16,9.95,-12.03,3.71
6695.TW,P01_量縮價穩,164,70.12,8.24,-12.56,3.69
3376.TW,P01_量縮價穩,66,69.7,8.33,-8.29,3.69
6278.TW,P10_組合訊號,29,68.97,-1.36,-13.19,3.69
3025.TW,P11_多頭排列紅K,29,68.97,-0.62,-16.9,3.69
2371.TW,P02_量增紅K,17,64.71,9.53,-9.62,3.69
6215.TW,P01_量縮價穩,116,64.66,9.53,-10.6,3.69
3305.TW,P06_價量背離,40,70.0,8.25,-11.03,3.67
3665.TW,P02_量增紅K,16,68.75,8.52,-7.53,3.67
6873.TW,P01_量縮價穩,83,67.47,8.81,-9.57,3.67
2597.TW,P05_連跌反轉紅K,25,72.0,7.81,-8.55,3.66
2377.TW,P07_RSI超賣量縮,48,68.75,-0.17,-12.51,3.66
4906.TW,P12_多頭回檔,32,68.75,-0.05,-9.43,3.66
2399.TW,P09_量縮後爆量紅K,16,68.75,-4.49,-17.84,3.66
4956.TW,P11_多頭排列紅K,32,68.75,-0.15,-16.09,3.66
2441.TW,P02_量增紅K,13,61.54,10.33,-5.11,3.66
2028.TW,P10_組合訊號,55,52.73,13.22,-7.17,3.66
9103.TW,P09_量縮後爆量紅K,15,33.33,24.98,-20.23,3.66
3605.TW,P12_多頭回檔,33,75.76,7.05,-12.61,3.65
1736.TW,P06_價量背離,39,71.79,7.84,-11.16,3.65
4968.TW,P02_量增紅K,14,78.57,6.54,-15.82,3.64
2405.TW,P06_價量背離,63,77.78,6.69,-8.03,3.64
1442.TW,P09_量縮後爆量紅K,12,75.0,7.18,-7.67,3.64
7730.TW,P08_黃金交叉量增,5,60.0,10.74,-14.05,3.64
1615.TW,P01_量縮價穩,142,66.9,8.89,-4.95,3.63
4545.TW,P10_組合訊號,98,66.33,9.02,-6.62,3.63
4958.TW,P05_連跌反轉紅K,27,59.26,10.94,-10.96,3.63
3543.TW,P11_多頭排列紅K,41,58.54,11.16,-8.82,3.63
2059.TW,P05_連跌反轉紅K,13,61.54,10.25,-12.32,3.62
6426.TW,P12_多頭回檔,19,68.42,-2.2,-20.41,3.61
2401.TW,P02_量增紅K,36,66.67,8.92,-12.58,3.61
5484.TW,P06_價量背離,114,64.04,9.56,-10.05,3.61
6165.TW,P07_RSI超賣量縮,47,61.7,10.19,-10.92,3.61
2645.TW,P06_價量背離,39,51.28,13.7,-7.52,3.61
2485.TW,P03_均線支撐放量,38,76.32,6.89,-10.39,3.6
2612.TW,P06_價量背離,81,72.84,7.55,-9.26,3.6
6834.TW,P05_連跌反轉紅K,19,68.42,8.5,-11.2,3.6
2731.TW,P10_組合訊號,41,80.49,6.16,-9.29,3.59
3006.TW,P07_RSI超賣量縮,60,75.0,7.12,-13.57,3.59
5519.TW,P10_組合訊號,44,68.18,8.53,-4.64,3.59
2208.TW,P07_RSI超賣量縮,78,83.33,5.7,-8.01,3.58
3416.TW,P10_組合訊號,34,73.53,7.39,-4.2,3.58
2731.TW,P05_連跌反轉紅K,29,72.41,7.61,-11.03,3.58
5906.TW,P11_多頭排列紅K,40,67.5,8.67,-8.74,3.58
4581.TW,P04_長下影線放量,26,57.69,11.34,-3.79,3.58
1503.TW,P04_長下影線放量,51,49.02,14.58,-6.83,3.58
2454.TW,P02_量增紅K,12,75.0,7.09,-10.84,3.57
2731.TW,P08_黃金交叉量增,8,75.0,7.09,-14.25,3.57
6605.TW,P12_多頭回檔,56,71.43,7.8,-7.74,3.57
2404.TW,P03_均線支撐放量,22,68.18,8.5,-10.22,3.57
6789.TW,P04_長下影線放量,22,68.18,-0.66,-17.52,3.57
1709.TW,P09_量縮後爆量紅K,9,66.67,8.85,-4.54,3.57
5234.TW,P07_RSI超賣量縮,48,62.5,9.91,-15.51,3.57
2409.TW,P09_量縮後爆量紅K,4,100.0,3.56,-15.54,3.56
3011.TW,P12_多頭回檔,38,76.32,6.83,-13.56,3.56
8039.TW,P07_RSI超賣量縮,26,69.23,8.26,-7.73,3.56
2345.TW,P12_多頭回檔,36,63.89,9.53,-11.89,3.56
8103.TW,P06_價量背離,86,62.79,9.82,-9.78,3.56
2493.TW,P05_連跌反轉紅K,27,59.26,10.82,-8.57,3.56
2363.TW,P11_多頭排列紅K,40,55.0,12.2,-13.92,3.56
6155.TW,P03_均線支撐放量,32,71.88,7.68,-10.0,3.55
2419.TW,P06_價量背離,62,66.13,8.96,-12.46,3.55
1608.TW,P02_量增紅K,32,56.25,11.76,-8.72,3.55
1519.TW,P10_組合訊號,28,82.14,5.83,-13.37,3.54
2402.TW,P03_均線支撐放量,21,80.95,6.02,-9.03,3.54
4551.TW,P07_RSI超賣量縮,64,75.0,7.05,-12.58,3.54
3024.TW,P08_黃金交叉量增,12,75.0,7.05,-8.45,3.54
2337.TW,P10_組合訊號,25,68.0,-0.0,-15.05,3.54
2642.TW,P04_長下影線放量,27,59.26,10.78,-8.04,3.54
2375.TW,P12_多頭回檔,31,54.84,12.21,-15.42,3.54
2885.TW,P07_RSI超賣量縮,9,77.78,6.54,-6.33,3.53
3015.TW,P03_均線支撐放量,62,72.58,7.51,-4.77,3.53
3515.TW,P11_多頭排列紅K,42,78.57,6.39,-14.52,3.52
6451.TW,P04_長下影線放量,28,67.86,-0.52,-14.0,3.52
3015.TW,P04_長下影線放量,35,65.71,9.01,-4.33,3.52
2211.TW,P12_多頭回檔,48,64.58,9.29,-9.23,3.52
9103.TW,P05_連跌反轉紅K,29,44.83,16.47,-13.08,3.52
6257.TW,P01_量縮價穩,64,70.31,7.94,-7.97,3.51
2360.TW,P10_組合訊號,31,64.52,9.29,-15.01,3.51
3029.TW,P09_量縮後爆量紅K,11,72.73,7.44,-7.86,3.5
2546.TW,P06_價量背離,66,72.73,7.43,-4.41,3.5
9802.TW,P04_長下影線放量,39,71.79,7.62,-11.51,3.5
3706.TW,P07_RSI超賣量縮,40,70.0,8.0,-9.6,3.5
6658.TW,P02_量增紅K,10,70.0,8.0,-19.91,3.5
2408.TW,P11_多頭排列紅K,48,62.5,9.8,-14.86,3.5
3711.TW,P08_黃金交叉量增,9,88.89,4.81,-7.73,3.49
6695.TW,P07_RSI超賣量縮,69,82.61,5.7,-11.4,3.49
1321.TW,P08_黃金交叉量增,10,80.0,6.11,-4.96,3.49
6706.TW,P04_長下影線放量,44,63.64,9.48,-12.51,3.49
6768.TW,P06_價量背離,51,62.75,9.71,-5.47,3.49
2471.TW,P08_黃金交叉量增,8,62.5,9.78,-9.57,3.49
2375.TW,P02_量增紅K,19,57.89,11.12,-15.25,3.49
3013.TW,P09_量縮後爆量紅K,16,75.0,6.97,-10.6,3.48
2451.TW,P07_RSI超賣量縮,34,73.53,7.25,-5.07,3.48
1587.TW,P09_量縮後爆量紅K,10,70.0,7.97,-7.6,3.48
6152.TW,P11_多頭排列紅K,73,69.86,8.0,-14.07,3.48
6278.TW,P09_量縮後爆量紅K,5,60.0,10.47,-8.43,3.48
2727.TW,P08_黃金交叉量增,9,55.56,11.87,-8.01,3.48
2408.TW,P02_量增紅K,9,44.44,16.57,-12.53,3.48
3059.TW,P10_組合訊號,37,67.57,-0.4,-12.88,3.47
6957.TW,P01_量縮價穩,37,67.57,-1.11,-15.97,3.47
8463.TW,P06_價量背離,124,66.13,8.84,-6.13,3.47
4967.TW,P05_連跌反轉紅K,27,59.26,10.67,-13.74,3.47
2402.TW,P10_組合訊號,35,71.43,7.64,-9.62,3.46
2239.TW,P12_多頭回檔,40,67.5,-1.57,-12.84,3.46
5522.TW,P07_RSI超賣量縮,42,66.67,8.69,-6.44,3.46
2025.TW,P03_均線支撐放量,57,56.14,11.64,-13.8,3.46
1414.TW,P05_連跌反轉紅K,13,69.23,8.1,-11.03,3.45
6155.TW,P09_量縮後爆量紅K,16,75.0,6.92,-11.02,3.44
6579.TW,P05_連跌反轉紅K,28,67.86,8.39,-7.31,3.44
3035.TW,P11_多頭排列紅K,50,66.0,8.81,-14.68,3.44
1309.TW,P09_量縮後爆量紅K,9,55.56,11.8,-8.68,3.44
6909.TW,P07_RSI超賣量縮,6,50.0,13.87,-15.28,3.44
2885.TW,P05_連跌反轉紅K,28,75.0,6.9,-5.78,3.43
6409.TW,P03_均線支撐放量,45,68.89,8.14,-10.68,3.43
4770.TW,P07_RSI超賣量縮,39,66.67,8.65,-11.94,3.43
1225.TW,P12_多頭回檔,78,55.13,11.91,-8.1,3.43
8081.TW,P10_組合訊號,40,80.0,6.03,-11.13,3.42
8028.TW,P06_價量背離,40,77.5,6.44,-11.73,3.42
1436.TW,P06_價量背離,116,69.83,7.92,-3.27,3.42
2486.TW,P01_量縮價穩,69,63.77,9.34,-15.18,3.42
6409.TW,P10_組合訊號,40,80.0,6.01,-12.34,3.41
3037.TW,P10_組合訊號,28,78.57,6.25,-15.61,3.41
3209.TW,P07_RSI超賣量縮,54,68.52,8.19,-7.63,3.41
3168.TW,P08_黃金交叉量增,18,66.67,8.61,-8.21,3.41
2421.TW,P12_多頭回檔,40,60.0,10.36,-13.62,3.41
2387.TW,P10_組合訊號,56,58.93,10.66,-10.6,3.41
1104.TW,P07_RSI超賣量縮,50,68.0,8.3,-6.31,3.4
8070.TW,P11_多頭排列紅K,50,66.0,8.75,-8.95,3.4
2637.TW,P11_多頭排列紅K,46,63.04,9.49,-12.22,3.4
2387.TW,P04_長下影線放量,40,57.5,11.09,-8.62,3.4
3312.TW,P08_黃金交叉量增,7,42.86,17.27,-11.83,3.4
6215.TW,P07_RSI超賣量縮,49,65.31,8.91,-12.97,3.39
2493.TW,P12_多頭回檔,63,63.49,9.37,-5.72,3.39
6625.TW,P05_連跌反轉紅K,36,52.78,12.69,-14.39,3.39
1514.TW,P04_長下影線放量,30,70.0,7.83,-11.88,3.38
6792.TW,P12_多頭回檔,21,57.14,11.16,-13.5,3.38
9939.TW,P12_多頭回檔,78,73.08,7.18,-5.12,3.37
1108.TW,P08_黃金交叉量增,13,69.23,7.97,-5.76,3.37
4961.TW,P01_量縮價穩,82,62.2,9.68,-13.94,3.37
1609.TW,P08_黃金交叉量增,10,60.0,10.28,-11.77,3.37
3413.TW,P03_均線支撐放量,25,76.0,6.63,-12.26,3.36
2402.TW,P02_量增紅K,26,69.23,7.97,-12.58,3.36
4994.TW,P12_多頭回檔,34,67.65,8.32,-6.58,3.36
1616.TW,P03_均線支撐放量,54,64.81,8.98,-6.17,3.36
1783.TW,P02_量增紅K,25,64.0,9.19,-13.74,3.36
3167.TW,P06_價量背離,70,60.0,10.26,-10.58,3.36
1560.TW,P01_量縮價穩,90,75.56,6.7,-9.75,3.35
2606.TW,P05_連跌反轉紅K,21,71.43,7.49,-9.57,3.35
3545.TW,P02_量增紅K,20,65.0,8.92,-14.97,3.35
3708.TW,P01_量縮價穩,79,64.56,9.04,-13.33,3.35
6668.TW,P12_多頭回檔,32,81.25,5.73,-12.45,3.34
2388.TW,P03_均線支撐放量,13,76.92,6.44,-21.14,3.34
2399.TW,P07_RSI超賣量縮,46,71.74,7.41,-15.67,3.34
6168.TW,P10_組合訊號,40,67.5,8.32,-10.99,3.34
2303.TW,P05_連跌反轉紅K,31,64.52,9.03,-7.39,3.34
2301.TW,P05_連跌反轉紅K,35,62.86,9.46,-6.38,3.34
9939.TW,P03_均線支撐放量,55,76.36,6.52,-6.43,3.33
3037.TW,P08_黃金交叉量增,9,66.67,-5.9,-19.63,3.33
2379.TW,P07_RSI超賣量縮,27,66.67,-1.78,-15.17,3.33
3481.TW,P02_量增紅K,15,66.67,-0.4,-11.9,3.33
6781.TW,P08_黃金交叉量增,6,66.67,-0.98,-16.52,3.33
6789.TW,P08_黃金交叉量增,9,66.67,-1.38,-18.56,3.33
6789.TW,P11_多頭排列紅K,21,66.67,-2.83,-16.56,3.33
6409.TW,P09_量縮後爆量紅K,3,66.67,-1.85,-14.75,3.33
6213.TW,P06_價量背離,24,66.67,-0.9,-15.29,3.33
1907.TW,P09_量縮後爆量紅K,3,66.67,-0.5,-10.53,3.33
3035.TW,P08_黃金交叉量增,12,66.67,-5.47,-16.07,3.33
2352.TW,P08_黃金交叉量增,3,66.67,-2.95,-15.3,3.33
6412.TW,P08_黃金交叉量增,9,66.67,-0.21,-9.88,3.33
3413.TW,P08_黃金交叉量增,6,66.67,-2.87,-13.21,3.33
8110.TW,P08_黃金交叉量增,6,66.67,-4.01,-15.06,3.33
6214.TW,P09_量縮後爆量紅K,6,66.67,-0.84,-9.9,3.33
6269.TW,P08_黃金交叉量增,6,66.67,-4.22,-12.93,3.33
7780.TW,P03_均線支撐放量,6,66.67,-0.05,-11.71,3.33
6719.TW,P05_連跌反轉紅K,21,66.67,-2.21,-14.51,3.33
6719.TW,P09_量縮後爆量紅K,6,66.67,-0.69,-12.86,3.33
6962.TW,P03_均線支撐放量,3,66.67,-10.06,-28.13,3.33
6962.TW,P07_RSI超賣量縮,6,66.67,-0.64,-16.6,3.33
4441.TW,P12_多頭回檔,3,66.67,-5.13,-13.98,3.33
6806.TW,P05_連跌反轉紅K,21,66.67,-6.2,-18.27,3.33
3545.TW,P08_黃金交叉量增,9,66.67,-1.46,-15.25,3.33
2546.TW,P08_黃金交叉量增,3,66.67,-0.58,-9.28,3.33
3701.TW,P07_RSI超賣量縮,57,66.67,-0.12,-16.95,3.33
6782.TW,P09_量縮後爆量紅K,6,66.67,-0.03,-10.31,3.33
6957.TW,P12_多頭回檔,6,66.67,-0.99,-13.62,3.33
4137.TW,P09_量縮後爆量紅K,6,66.67,-0.78,-9.76,3.33
7740.TW,P12_多頭回檔,3,66.67,-19.49,-22.57,3.33
6863.TW,P08_黃金交叉量增,3,66.67,-19.37,-27.22,3.33
3049.TW,P09_量縮後爆量紅K,9,66.67,-1.69,-14.36,3.33
1225.TW,P08_黃金交叉量增,6,66.67,-7.84,-17.65,3.33
3504.TW,P09_量縮後爆量紅K,6,66.67,-12.13,-21.18,3.33
6994.TW,P06_價量背離,9,66.67,-2.43,-15.81,3.33
6416.TW,P08_黃金交叉量增,9,66.67,-0.02,-14.83,3.33
6756.TW,P08_黃金交叉量增,9,66.67,-4.3,-19.81,3.33
9946.TW,P08_黃金交叉量增,6,66.67,-0.92,-9.93,3.33
2413.TW,P10_組合訊號,24,66.67,-1.89,-14.64,3.33
1515.TW,P11_多頭排列紅K,33,66.67,-5.1,-14.91,3.33
3338.TW,P02_量增紅K,21,66.67,-0.01,-14.91,3.33
4569.TW,P08_黃金交叉量增,3,66.67,-7.46,-16.26,3.33
1528.TW,P08_黃金交叉量增,9,66.67,-3.51,-13.74,3.33
6657.TW,P05_連跌反轉紅K,12,66.67,-2.18,-11.27,3.33
1587.TW,P08_黃金交叉量增,6,66.67,-3.22,-12.49,3.33
6861.TW,P08_黃金交叉量增,6,66.67,-7.48,-16.62,3.33
6861.TW,P09_量縮後爆量紅K,6,66.67,-7.47,-18.07,3.33
3588.TW,P08_黃金交叉量增,12,66.67,-2.41,-17.22,3.33
6216.TW,P09_量縮後爆量紅K,3,66.67,-7.64,-14.44,3.33
3092.TW,P07_RSI超賣量縮,78,66.67,-1.01,-13.54,3.33
5215.TW,P08_黃金交叉量增,6,66.67,-1.1,-15.7,3.33
2390.TW,P10_組合訊號,48,66.67,-1.71,-13.18,3.33
1442.TW,P12_多頭回檔,73,64.38,9.05,-5.99,3.33
8110.TW,P06_價量背離,45,77.78,6.27,-9.93,3.32
5607.TW,P06_價量背離,61,73.77,6.99,-6.99,3.32
5706.TW,P06_價量背離,79,73.42,7.06,-8.87,3.32
8070.TW,P01_量縮價穩,106,68.87,7.99,-7.88,3.32
6533.TW,P04_長下影線放量,26,65.38,8.78,-16.64,3.32
4916.TW,P12_多頭回檔,31,61.29,9.84,-10.49,3.32
2316.TW,P01_量縮價穩,98,56.12,11.39,-13.1,3.32
1721.TW,P09_量縮後爆量紅K,11,54.55,11.91,-10.36,3.32
3004.TW,P07_RSI超賣量縮,63,77.78,6.25,-10.68,3.31
8070.TW,P04_長下影線放量,40,72.5,7.23,-6.83,3.31
3034.TW,P01_量縮價穩,37,67.57,8.26,-10.51,3.31
6869.TW,P07_RSI超賣量縮,35,65.71,8.69,-10.2,3.31
1708.TW,P10_組合訊號,33,63.64,9.21,-6.68,3.31
2017.TW,P02_量增紅K,25,56.0,11.42,-13.56,3.31
2467.TW,P09_量縮後爆量紅K,11,54.55,11.9,-9.38,3.31
6191.TW,P06_價量背離,56,66.07,8.59,-9.31,3.3
5258.TW,P10_組合訊號,23,78.26,6.15,-10.75,3.29
2613.TW,P03_均線支撐放量,44,77.27,6.32,-8.21,3.29
2545.TW,P06_價量背離,99,66.67,8.43,-5.31,3.29
2301.TW,P02_量增紅K,20,65.0,8.83,-8.3,3.29
5525.TW,P09_量縮後爆量紅K,11,63.64,9.18,-2.95,3.29
3443.TW,P12_多頭回檔,26,84.62,5.15,-15.15,3.28
6414.TW,P03_均線支撐放量,26,80.77,5.72,-9.28,3.28
2402.TW,P05_連跌反轉紅K,17,70.59,7.56,-11.01,3.28
1605.TW,P05_連跌反轉紅K,24,66.67,8.42,-10.67,3.28
2313.TW,P03_均線支撐放量,24,62.5,9.45,-12.58,3.28
4976.TW,P10_組合訊號,28,60.71,9.93,-14.94,3.28
6133.TW,P11_多頭排列紅K,37,48.65,14.14,-13.02,3.28
8374.TW,P10_組合訊號,52,55.77,11.42,-7.26,3.27
4576.TW,P04_長下影線放量,48,72.92,7.08,-12.03,3.26
5203.TW,P06_價量背離,84,72.62,7.12,-5.66,3.26
2382.TW,P07_RSI超賣量縮,22,68.18,8.05,-6.95,3.26
6168.TW,P07_RSI超賣量縮,51,64.71,8.85,-10.94,3.26
3051.TW,P10_組合訊號,45,64.44,8.93,-11.86,3.26
1810.TW,P07_RSI超賣量縮,79,60.76,9.89,-8.81,3.26
6239.TW,P01_量縮價穩,58,72.41,7.16,-8.59,3.25
5521.TW,P06_價量背離,118,51.69,12.82,-9.89,3.25
3715.TW,P01_量縮價穩,18,50.0,13.5,-18.28,3.25
2342.TW,P07_RSI超賣量縮,64,73.44,6.94,-10.46,3.24
3010.TW,P09_量縮後爆量紅K,7,71.43,7.34,-6.63,3.24
4976.TW,P07_RSI超賣量縮,109,66.06,-2.62,-16.04,3.24
1476.TW,P05_連跌反轉紅K,36,66.67,8.34,-9.58,3.23
2440.TW,P11_多頭排列紅K,50,66.0,-0.25,-13.91,3.23
2344.TW,P07_RSI超賣量縮,39,64.1,8.95,-15.63,3.23
4956.TW,P06_價量背離,73,72.6,7.07,-10.69,3.22
2006.TW,P10_組合訊號,41,68.29,7.97,-5.37,3.22
4968.TW,P06_價量背離,41,65.85,-0.74,-18.85,3.21
8454.TW,P01_量縮價穩,84,64.29,8.87,-8.72,3.21
4916.TW,P05_連跌反轉紅K,18,77.78,6.12,-12.79,3.2
8081.TW,P03_均線支撐放量,41,68.29,7.93,-12.05,3.2
3037.TW,P05_連跌反轉紅K,25,68.0,8.0,-19.11,3.2
6770.TW,P08_黃金交叉量增,6,66.67,8.3,-15.58,3.2
9927.TW,P09_量縮後爆量紅K,9,66.67,8.31,-4.37,3.2
3376.TW,P05_連跌反轉紅K,29,65.52,8.57,-12.18,3.2
2528.TW,P02_量增紅K,28,57.14,10.85,-6.35,3.2
3535.TW,P10_組合訊號,22,68.18,7.94,-12.12,3.19
2421.TW,P03_均線支撐放量,26,65.38,8.58,-11.95,3.19
1235.TW,P01_量縮價穩,311,64.63,8.76,-5.94,3.19
3040.TW,P02_量增紅K,21,61.9,9.46,-11.79,3.19
2404.TW,P02_量增紅K,18,61.11,9.67,-11.61,3.19
2360.TW,P03_均線支撐放量,46,78.26,6.0,-11.33,3.18
8011.TW,P10_組合訊號,31,74.19,6.73,-9.89,3.18
6861.TW,P05_連跌反轉紅K,23,69.57,7.64,-13.02,3.18
1736.TW,P08_黃金交叉量增,13,69.23,7.7,-11.26,3.18
6443.TW,P07_RSI超賣量縮,57,57.89,10.58,-12.23,3.18
1590.TW,P01_量縮價穩,51,76.47,6.3,-10.85,3.17
6283.TW,P07_RSI超賣量縮,101,71.29,7.26,-11.91,3.17
2406.TW,P10_組合訊號,23,69.57,7.62,-13.57,3.17
3037.TW,P01_量縮價穩,39,69.23,7.69,-17.01,3.17
2923.TW,P09_量縮後爆量紅K,32,65.62,-0.78,-11.4,3.17
2415.TW,P05_連跌反轉紅K,29,62.07,9.39,-11.15,3.17
3030.TW,P12_多頭回檔,49,57.14,10.8,-6.53,3.17
5222.TW,P08_黃金交叉量增,8,50.0,13.34,-13.31,3.17
1590.TW,P04_長下影線放量,42,83.33,5.19,-10.67,3.16
6224.TW,P02_量增紅K,21,76.19,6.34,-10.76,3.16
2408.TW,P08_黃金交叉量增,12,66.67,8.23,-12.08,3.16
3027.TW,P04_長下影線放量,35,65.71,8.46,-12.35,3.16
3092.TW,P05_連跌反轉紅K,29,65.52,-3.1,-15.7,3.16
3036.TW,P12_多頭回檔,47,59.57,10.05,-9.59,3.16
1802.TW,P02_量增紅K,22,59.09,10.19,-12.99,3.16
6757.TW,P07_RSI超賣量縮,29,58.62,10.33,-9.54,3.16
2540.TW,P02_量增紅K,44,65.91,8.4,-8.97,3.15
1618.TW,P05_連跌反轉紅K,20,60.0,9.92,-10.13,3.15
6438.TW,P10_組合訊號,20,85.0,4.93,-10.52,3.14
3533.TW,P02_量增紅K,13,84.62,4.98,-10.76,3.14
5434.TW,P01_量縮價穩,78,76.92,6.19,-6.63,3.14
2540.TW,P12_多頭回檔,52,53.85,11.82,-7.51,3.14
2390.TW,P02_量增紅K,52,53.85,11.83,-14.12,3.14
3051.TW,P04_長下影線放量,48,75.0,6.5,-14.67,3.13
2401.TW,P03_均線支撐放量,26,65.38,-6.17,-17.73,3.13
6426.TW,P10_組合訊號,26,65.38,-1.36,-16.99,3.13
6928.TW,P01_量縮價穩,26,65.38,-3.87,-19.96,3.13
6807.TW,P08_黃金交叉量增,5,60.0,9.88,-15.19,3.13
6670.TW,P06_價量背離,50,82.0,5.34,-6.04,3.12
4148.TW,P08_黃金交叉量增,4,75.0,6.49,-4.96,3.12
1504.TW,P05_連跌反轉紅K,31,51.61,12.61,-6.16,3.12
2312.TW,P03_均線支撐放量,25,76.0,6.3,-8.28,3.11
4919.TW,P03_均線支撐放量,26,73.08,6.84,-12.67,3.11
2613.TW,P04_長下影線放量,51,72.55,6.93,-12.48,3.11
2330.TW,P05_連跌反轉紅K,25,72.0,7.04,-8.65,3.11
3014.TW,P08_黃金交叉量增,7,71.43,7.15,-8.82,3.11
1795.TW,P11_多頭排列紅K,23,65.22,-2.85,-17.09,3.11
6120.TW,P10_組合訊號,23,65.22,-0.87,-14.1,3.11
2305.TW,P02_量增紅K,23,65.22,-5.36,-16.07,3.11
3014.TW,P11_多頭排列紅K,62,64.52,8.65,-10.82,3.1
2615.TW,P01_量縮價穩,50,58.0,10.41,-11.14,3.1
2465.TW,P01_量縮價穩,101,57.43,10.6,-16.42,3.1
3135.TW,P09_量縮後爆量紅K,6,83.33,5.11,-7.36,3.09
1605.TW,P07_RSI超賣量縮,46,76.09,6.26,-9.94,3.09
6806.TW,P07_RSI超賣量縮,43,65.12,-0.3,-16.75,3.09
3029.TW,P02_量增紅K,28,67.86,7.86,-7.53,3.08
5269.TW,P01_量縮價穩,18,66.67,8.12,-19.35,3.08
6541.TW,P08_黃金交叉量增,20,65.0,-6.16,-17.7,3.08
4960.TW,P04_長下影線放量,40,65.0,-1.19,-16.87,3.08
3004.TW,P11_多頭排列紅K,40,65.0,-0.18,-12.11,3.08
8011.TW,P09_量縮後爆量紅K,20,65.0,-3.8,-14.17,3.08
2353.TW,P04_長下影線放量,39,61.54,9.38,-8.33,3.08
6209.TW,P11_多頭排列紅K,46,58.7,10.18,-13.92,3.08
8463.TW,P12_多頭回檔,40,55.0,11.33,-7.68,3.08
7740.TW,P11_多頭排列紅K,1,100.0,3.07,-9.43,3.07
3004.TW,P03_均線支撐放量,30,83.33,5.08,-11.32,3.07
2546.TW,P12_多頭回檔,67,67.16,7.99,-5.16,3.07
1316.TW,P08_黃金交叉量增,6,66.67,8.11,-15.01,3.07
2427.TW,P05_連跌反轉紅K,26,84.62,4.89,-8.39,3.06
3591.TW,P03_均線支撐放量,44,75.0,6.41,-9.74,3.06
1235.TW,P08_黃金交叉量增,13,69.23,7.53,-5.74,3.06
2330.TW,P04_長下影線放量,58,68.97,7.59,-6.82,3.06
2630.TW,P03_均線支撐放量,56,62.5,9.09,-9.0,3.06
3515.TW,P04_長下影線放量,27,59.26,9.98,-14.29,3.06
6196.TW,P05_連跌反轉紅K,12,75.0,6.4,-8.15,3.05
2489.TW,P02_量增紅K,27,62.96,8.97,-8.22,3.05
1229.TW,P08_黃金交叉量增,7,71.43,7.06,-4.06,3.04
2427.TW,P10_組合訊號,78,64.1,8.67,-4.65,3.04
3708.TW,P08_黃金交叉量增,5,60.0,9.73,-16.53,3.04
5484.TW,P04_長下影線放量,75,57.33,10.5,-11.47,3.04
2597.TW,P09_量縮後爆量紅K,8,50.0,13.09,-9.36,3.04
6901.TW,P07_RSI超賣量縮,17,64.71,-11.81,-15.87,3.03
7765.TW,P04_長下影線放量,17,64.71,-1.67,-10.69,3.03
6863.TW,P11_多頭排列紅K,17,64.71,-11.01,-28.12,3.03
2702.TW,P11_多頭排列紅K,34,64.71,-4.12,-14.33,3.03
6209.TW,P07_RSI超賣量縮,65,61.54,9.29,-11.47,3.03
8478.TW,P01_量縮價穩,113,59.29,9.92,-12.67,3.03
9902.TW,P09_量縮後爆量紅K,17,76.47,6.1,-4.77,3.02
1711.TW,P09_量縮後爆量紅K,9,66.67,8.03,-8.9,3.02
2429.TW,P02_量增紅K,50,64.0,8.65,-14.77,3.02
2704.TW,P09_量縮後爆量紅K,11,63.64,8.74,-6.35,3.02
2606.TW,P11_多頭排列紅K,40,62.5,9.04,-11.24,3.02
5607.TW,P04_長下影線放量,23,52.17,12.21,-6.41,3.02
6239.TW,P12_多頭回檔,47,74.47,6.44,-8.68,3.01
2597.TW,P02_量增紅K,19,68.42,7.62,-8.12,3.0
3532.TW,P06_價量背離,59,67.8,7.75,-13.23,3.0
2204.TW,P12_多頭回檔,39,66.67,7.99,-10.08,3.0
2399.TW,P11_多頭排列紅K,32,65.62,8.24,-14.06,3.0
2388.TW,P11_多頭排列紅K,31,64.52,-1.18,-19.37,3.0
6153.TW,P02_量增紅K,31,64.52,-0.53,-14.58,3.0
2431.TW,P12_多頭回檔,31,64.52,-0.83,-11.91,3.0
6861.TW,P04_長下影線放量,37,56.76,10.62,-14.0,3.0
3583.TW,P08_黃金交叉量增,10,80.0,5.49,-10.66,2.99
1316.TW,P01_量縮價穩,119,73.11,6.66,-9.39,2.99
3588.TW,P01_量縮價穩,69,68.12,7.66,-11.81,2.99
5234.TW,P04_長下影線放量,31,67.74,7.75,-11.56,2.99
2027.TW,P04_長下影線放量,34,67.65,7.77,-9.06,2.99
6412.TW,P10_組合訊號,49,65.31,8.3,-7.69,2.99
1513.TW,P10_組合訊號,32,62.5,8.99,-5.59,2.99
8103.TW,P01_量縮價穩,109,62.39,9.01,-10.23,2.99
2344.TW,P03_均線支撐放量,32,56.25,10.75,-13.79,2.99
8464.TW,P12_多頭回檔,59,64.41,-0.08,-12.2,2.98
2492.TW,P06_價量背離,39,64.1,8.56,-11.32,2.98
4583.TW,P02_量增紅K,28,53.57,11.63,-10.97,2.98
4562.TW,P11_多頭排列紅K,25,44.0,15.67,-13.24,2.98
3023.TW,P06_價量背離,29,82.76,5.05,-8.63,2.97
4566.TW,P04_長下影線放量,25,72.0,6.84,-9.7,2.97
6189.TW,P10_組合訊號,47,59.57,9.73,-5.47,2.97
3535.TW,P04_長下影線放量,28,57.14,10.46,-15.15,2.97
2006.TW,P08_黃金交叉量增,7,85.71,4.62,-7.61,2.96
3031.TW,P06_價量背離,62,70.97,7.03,-10.23,2.96
4968.TW,P05_連跌反轉紅K,32,68.75,7.48,-19.16,2.96
8114.TW,P05_連跌反轉紅K,25,68.0,7.64,-9.18,2.96
2723.TW,P02_量增紅K,14,64.29,-8.66,-19.31,2.96
2332.TW,P10_組合訊號,28,64.29,-1.69,-12.86,2.96
3504.TW,P03_均線支撐放量,28,64.29,-1.04,-16.88,2.96
1611.TW,P09_量縮後爆量紅K,14,64.29,-4.77,-13.58,2.96
3025.TW,P02_量增紅K,14,64.29,-2.57,-17.08,2.96
2314.TW,P08_黃金交叉量增,14,64.29,-9.69,-19.83,2.96
3419.TW,P10_組合訊號,28,64.29,-2.31,-14.86,2.96
4557.TW,P09_量縮後爆量紅K,10,60.0,9.6,-4.06,2.96
8114.TW,P12_多頭回檔,48,56.25,10.7,-10.21,2.96
6196.TW,P01_量縮價穩,95,76.84,5.94,-10.49,2.95
3047.TW,P07_RSI超賣量縮,51,70.59,7.1,-13.77,2.95
2426.TW,P10_組合訊號,30,76.67,5.97,-10.61,2.94
2377.TW,P05_連跌反轉紅K,30,73.33,6.56,-9.61,2.94
2546.TW,P03_均線支撐放量,65,70.77,7.05,-4.85,2.94
6449.TW,P04_長下影線放量,31,54.84,11.13,-12.05,2.94
2014.TW,P07_RSI超賣量縮,81,54.32,11.3,-12.73,2.94
5288.TW,P07_RSI超賣量縮,57,80.7,5.3,-6.17,2.93
3041.TW,P10_組合訊號,31,74.19,6.38,-16.2,2.93
3005.TW,P05_連跌反轉紅K,26,73.08,6.58,-6.34,2.93
1524.TW,P05_連跌反轉紅K,26,69.23,7.35,-6.75,2.93
6224.TW,P12_多頭回檔,35,68.57,7.48,-8.91,2.93
3312.TW,P01_量縮價穩,92,64.13,8.48,-10.46,2.93
1609.TW,P11_多頭排列紅K,36,61.11,9.24,-11.95,2.93
1587.TW,P12_多頭回檔,51,52.94,11.75,-8.32,2.93
6796.TW,P05_連跌反轉紅K,24,66.67,7.88,-15.72,2.92
1712.TW,P01_量縮價穩,136,64.71,8.32,-2.93,2.92
1442.TW,P02_量增紅K,23,73.91,6.41,-8.63,2.91
3702.TW,P07_RSI超賣量縮,26,73.08,6.56,-4.03,2.91
3029.TW,P03_均線支撐放量,36,66.67,7.85,-6.37,2.9
1809.TW,P11_多頭排列紅K,44,65.91,8.02,-12.16,2.9
6799.TW,P11_多頭排列紅K,36,63.89,-0.16,-23.38,2.9
1445.TW,P07_RSI超賣量縮,66,66.67,7.83,-7.84,2.89
3090.TW,P05_連跌反轉紅K,20,65.0,8.22,-6.32,2.89
2850.TW,P06_價量背離,67,62.69,8.77,-3.85,2.89
1783.TW,P05_連跌反轉紅K,22,54.55,11.12,-10.43,2.89
2603.TW,P02_量增紅K,12,50.0,12.77,-11.05,2.89
1712.TW,P06_價量背離,129,68.99,7.32,-2.75,2.88
1532.TW,P08_黃金交叉量增,9,66.67,7.82,-6.46,2.88
5203.TW,P07_RSI超賣量縮,54,66.67,7.83,-5.92,2.88
6689.TW,P04_長下影線放量,51,74.51,6.25,-12.94,2.87
3167.TW,P01_量縮價穩,130,66.92,7.74,-9.73,2.87
8499.TW,P02_量增紅K,21,66.67,7.81,-9.41,2.87
6209.TW,P05_連跌反轉紅K,22,54.55,11.1,-11.61,2.87
2348.TW,P02_量增紅K,17,76.47,5.9,-9.24,2.86
2442.TW,P10_組合訊號,45,71.11,6.87,-10.23,2.86
6770.TW,P03_均線支撐放量,22,63.64,-0.01,-12.61,2.86
6409.TW,P02_量增紅K,11,63.64,-0.12,-11.22,2.86
6451.TW,P03_均線支撐放量,22,63.64,-1.04,-19.41,2.86
3673.TW,P08_黃金交叉量增,11,63.64,-3.08,-12.43,2.86
4927.TW,P09_量縮後爆量紅K,11,63.64,-10.41,-21.49,2.86
6534.TW,P07_RSI超賣量縮,11,63.64,-1.26,-7.4,2.86
7791.TW,P11_多頭排列紅K,11,63.64,-1.72,-10.39,2.86
2254.TW,P05_連跌反轉紅K,11,63.64,-2.5,-10.66,2.86
6165.TW,P08_黃金交叉量增,11,63.64,-0.96,-9.19,2.86
9919.TW,P05_連跌反轉紅K,33,63.64,-1.98,-14.11,2.86
6558.TW,P08_黃金交叉量增,11,63.64,-4.84,-15.09,2.86
6909.TW,P01_量縮價穩,11,63.64,-7.31,-17.54,2.86
1231.TW,P05_連跌反轉紅K,27,62.96,8.66,-5.67,2.86
3017.TW,P09_量縮後爆量紅K,5,80.0,5.31,-16.11,2.85
5222.TW,P07_RSI超賣量縮,55,67.27,7.64,-10.71,2.85
6957.TW,P03_均線支撐放量,6,66.67,7.78,-12.02,2.85
2248.TW,P09_量縮後爆量紅K,3,66.67,7.76,-4.41,2.84
5607.TW,P07_RSI超賣量縮,47,65.96,7.92,-9.35,2.84
1522.TW,P11_多頭排列紅K,31,64.52,8.25,-10.33,2.84
2480.TW,P11_多頭排列紅K,64,64.06,8.36,-6.85,2.84
6592.TW,P04_長下影線放量,76,61.84,8.91,-9.46,2.84
4746.TW,P03_均線支撐放量,36,75.0,6.1,-12.04,2.83
3008.TW,P05_連跌反轉紅K,17,70.59,6.93,-11.54,2.83
6005.TW,P11_多頭排列紅K,77,68.83,7.28,-6.37,2.83
2028.TW,P09_量縮後爆量紅K,13,46.15,14.3,-11.38,2.83
6239.TW,P05_連跌反轉紅K,26,80.77,5.16,-10.13,2.82
2436.TW,P05_連跌反轉紅K,35,68.57,7.33,-13.6,2.82
4927.TW,P01_量縮價穩,71,63.38,-0.28,-14.25,2.82
2426.TW,P04_長下影線放量,30,63.33,-0.73,-15.37,2.82
1762.TW,P11_多頭排列紅K,30,63.33,-1.62,-13.59,2.82
2236.TW,P11_多頭排列紅K,45,60.0,9.37,-9.39,2.82
1802.TW,P05_連跌反轉紅K,28,57.14,10.18,-11.09,2.82
9906.TW,P06_價量背離,62,67.74,7.49,-10.89,2.81
2421.TW,P02_量增紅K,18,66.67,7.72,-13.99,2.81
1504.TW,P02_量增紅K,21,57.14,10.17,-6.68,2.81
2468.TW,P10_組合訊號,49,55.1,10.8,-6.64,2.81
5469.TW,P06_價量背離,55,74.55,6.15,-9.17,2.8
8249.TW,P04_長下影線放量,42,69.05,7.19,-9.42,2.8
2006.TW,P05_連跌反轉紅K,24,66.67,7.7,-7.22,2.8
5284.TW,P09_量縮後爆量紅K,8,62.5,8.68,-9.46,2.8
5607.TW,P10_組合訊號,44,61.36,8.97,-10.14,2.8
1615.TW,P10_組合訊號,43,60.47,9.22,-5.06,2.8
4104.TW,P02_量增紅K,5,60.0,9.34,-2.26,2.8
2458.TW,P10_組合訊號,38,63.16,-2.29,-13.33,2.79
2392.TW,P04_長下影線放量,19,63.16,-0.88,-9.37,2.79
6830.TW,P03_均線支撐放量,19,63.16,-2.46,-13.49,2.79
7721.TW,P01_量縮價穩,38,63.16,-3.0,-14.78,2.79
3168.TW,P12_多頭回檔,61,62.3,8.72,-7.89,2.79
3704.TW,P03_均線支撐放量,29,62.07,8.77,-13.91,2.79
3030.TW,P11_多頭排列紅K,47,48.94,13.0,-9.07,2.79
2431.TW,P04_長下影線放量,43,79.07,5.36,-9.27,2.78
2515.TW,P03_均線支撐放量,26,73.08,6.39,-7.59,2.78
2365.TW,P05_連跌反轉紅K,25,64.0,8.28,-10.79,2.78
1519.TW,P08_黃金交叉量增,7,57.14,10.11,-11.56,2.78
1727.TW,P09_量縮後爆量紅K,12,41.67,16.48,-9.54,2.78
7750.TW,P02_量增紅K,1,100.0,2.77,-15.9,2.77
6409.TW,P01_量縮價穩,67,74.63,6.09,-10.93,2.77
4739.TW,P09_量縮後爆量紅K,7,71.43,6.68,-11.91,2.77
5258.TW,P12_多頭回檔,33,69.7,7.02,-13.45,2.77
3094.TW,P07_RSI超賣量縮,50,68.0,7.36,-11.29,2.77
3591.TW,P04_長下影線放量,28,67.86,7.4,-11.27,2.77
6215.TW,P09_量縮後爆量紅K,14,64.29,8.2,-9.94,2.77
2049.TW,P04_長下影線放量,46,63.04,-0.44,-15.23,2.77
6691.TW,P06_價量背離,45,62.22,8.7,-8.81,2.77
3704.TW,P04_長下影線放量,27,74.07,6.17,-15.44,2.76
6928.TW,P07_RSI超賣量縮,27,62.96,-2.14,-14.85,2.76
2424.TW,P03_均線支撐放量,64,62.5,8.62,-13.19,2.76
3048.TW,P02_量增紅K,29,62.07,8.72,-8.45,2.76
3711.TW,P06_價量背離,31,74.19,6.15,-9.06,2.75
2382.TW,P08_黃金交叉量增,6,66.67,7.63,-8.02,2.75
6165.TW,P11_多頭排列紅K,40,65.0,7.99,-14.28,2.75
3138.TW,P06_價量背離,37,64.86,8.03,-16.65,2.75
2645.TW,P03_均線支撐放量,17,58.82,9.58,-7.68,2.75
6789.TW,P05_連跌反轉紅K,21,76.19,5.78,-11.47,2.74
1712.TW,P10_組合訊號,74,67.57,7.41,-2.62,2.74
2408.TW,P10_組合訊號,35,62.86,-0.84,-14.3,2.74
3038.TW,P04_長下影線放量,31,58.06,9.77,-9.59,2.74
2390.TW,P12_多頭回檔,23,52.17,11.67,-13.29,2.74
2419.TW,P12_多頭回檔,45,71.11,6.69,-9.95,2.73
8438.TW,P01_量縮價穩,405,53.33,11.25,-6.05,2.73
2881.TW,P07_RSI超賣量縮,19,73.68,6.19,-4.24,2.72
2546.TW,P04_長下影線放量,44,68.18,7.25,-4.97,2.72
2891.TW,P07_RSI超賣量縮,21,66.67,7.58,-6.43,2.72
8476.TW,P07_RSI超賣量縮,59,62.71,-9.82,-23.1,2.72
3528.TW,P04_長下影線放量,59,61.02,8.94,-4.45,2.72
2441.TW,P08_黃金交叉量增,5,60.0,9.2,-7.69,2.72
2467.TW,P07_RSI超賣量縮,47,59.57,9.32,-7.55,2.72
8072.TW,P12_多頭回檔,44,54.55,10.81,-6.43,2.72
2472.TW,P11_多頭排列紅K,50,72.0,6.49,-9.52,2.71
6405.TW,P12_多頭回檔,71,70.42,6.79,-7.26,2.71
8499.TW,P05_連跌反轉紅K,22,68.18,7.24,-11.67,2.71
3038.TW,P12_多頭回檔,33,63.64,8.26,-8.17,2.71
4576.TW,P09_量縮後爆量紅K,5,60.0,9.18,-12.99,2.71
3031.TW,P12_多頭回檔,35,85.71,4.31,-10.49,2.7
1616.TW,P02_量增紅K,40,70.0,6.86,-10.1,2.7
8271.TW,P06_價量背離,74,67.57,7.36,-8.29,2.7
4912.TW,P02_量增紅K,21,66.67,7.54,-13.14,2.7
3046.TW,P06_價量背離,76,61.84,8.68,-14.32,2.7
2449.TW,P05_連跌反轉紅K,13,61.54,8.76,-10.33,2.7
6873.TW,P04_長下影線放量,34,55.88,10.37,-11.54,2.7
4536.TW,P09_量縮後爆量紅K,10,80.0,5.11,-7.2,2.69
4590.TW,P06_價量背離,15,80.0,5.12,-10.14,2.69
2495.TW,P12_多頭回檔,35,68.57,7.13,-7.99,2.69
2313.TW,P11_多頭排列紅K,42,64.29,8.07,-11.45,2.69
2329.TW,P10_組合訊號,22,63.64,8.23,-13.85,2.69
1795.TW,P02_量增紅K,8,62.5,-1.84,-23.66,2.69
2492.TW,P02_量增紅K,16,62.5,-0.7,-13.17,2.69
3019.TW,P08_黃金交叉量增,8,62.5,-7.12,-18.07,2.69
2498.TW,P05_連跌反轉紅K,32,62.5,-0.99,-12.86,2.69
2498.TW,P07_RSI超賣量縮,56,62.5,-1.54,-12.95,2.69
7722.TW,P11_多頭排列紅K,8,62.5,-8.78,-24.44,2.69
2439.TW,P08_黃金交叉量增,8,62.5,-0.93,-13.69,2.69
6491.TW,P03_均線支撐放量,32,62.5,-3.02,-13.6,2.69
7711.TW,P12_多頭回檔,8,62.5,-5.86,-24.44,2.69
6901.TW,P03_均線支撐放量,8,62.5,-11.97,-17.57,2.69
6541.TW,P09_量縮後爆量紅K,8,62.5,-1.32,-20.43,2.69
1563.TW,P11_多頭排列紅K,8,62.5,-9.42,-20.94,2.69
1563.TW,P12_多頭回檔,8,62.5,-2.9,-17.97,2.69
3504.TW,P02_量增紅K,32,62.5,-0.43,-16.42,2.69
3504.TW,P06_價量背離,72,62.5,-0.15,-15.33,2.69
3712.TW,P09_量縮後爆量紅K,8,62.5,-0.28,-12.48,2.69
4590.TW,P07_RSI超賣量縮,8,62.5,-3.48,-17.84,2.69
6743.TW,P09_量縮後爆量紅K,8,62.5,-8.67,-22.24,2.69
3557.TW,P09_量縮後爆量紅K,8,62.5,-1.93,-15.98,2.69
2615.TW,P04_長下影線放量,44,61.36,8.79,-15.03,2.69
3443.TW,P07_RSI超賣量縮,22,59.09,9.4,-17.33,2.69
1454.TW,P05_連跌反轉紅K,15,86.67,4.17,-4.5,2.68
2371.TW,P06_價量背離,65,73.85,6.11,-11.58,2.68
2436.TW,P11_多頭排列紅K,37,72.97,6.27,-12.65,2.68
2312.TW,P07_RSI超賣量縮,45,71.11,6.62,-8.63,2.68
2049.TW,P06_價量背離,30,66.67,7.52,-10.19,2.68
5284.TW,P06_價量背離,73,69.86,6.84,-9.61,2.67
2382.TW,P05_連跌反轉紅K,29,68.97,7.02,-9.17,2.67
9955.TW,P10_組合訊號,38,68.42,7.13,-9.1,2.67
7631.TW,P12_多頭回檔,30,66.67,7.51,-7.27,2.67
5434.TW,P03_均線支撐放量,49,63.27,8.29,-6.63,2.67
3416.TW,P01_量縮價穩,122,63.11,8.32,-4.73,2.67
6205.TW,P02_量增紅K,27,62.96,8.34,-11.26,2.66
1473.TW,P03_均線支撐放量,82,62.2,8.53,-4.5,2.66
2731.TW,P07_RSI超賣量縮,59,59.32,9.28,-11.06,2.66
6957.TW,P06_價量背離,8,87.5,4.03,-10.27,2.65
3209.TW,P10_組合訊號,50,74.0,6.04,-6.25,2.65
3023.TW,P07_RSI超賣量縮,30,70.0,6.79,-7.58,2.65
4763.TW,P06_價量背離,42,69.05,6.97,-10.74,2.65
3679.TW,P06_價量背離,94,68.09,7.17,-6.24,2.65
2451.TW,P06_價量背離,80,66.25,7.56,-3.56,2.65
2360.TW,P02_量增紅K,14,64.29,8.0,-12.3,2.65
2486.TW,P06_價量背離,46,60.87,8.86,-11.9,2.65
1783.TW,P03_均線支撐放量,33,60.61,8.92,-12.74,2.65
3703.TW,P07_RSI超賣量縮,53,60.38,8.99,-7.25,2.65
6598.TW,P03_均線支撐放量,46,50.0,12.31,-10.17,2.65
1712.TW,P08_黃金交叉量增,4,75.0,5.86,-3.19,2.64
4994.TW,P03_均線支撐放量,45,62.22,-1.68,-11.49,2.64
4540.TW,P11_多頭排列紅K,37,62.16,-5.2,-14.26,2.64
2025.TW,P10_組合訊號,51,58.82,9.4,-15.04,2.64
6670.TW,P03_均線支撐放量,55,80.0,5.03,-7.19,2.63
3312.TW,P07_RSI超賣量縮,34,73.53,6.1,-9.48,2.63
2006.TW,P01_量縮價穩,89,70.79,6.61,-5.72,2.63
6806.TW,P09_量縮後爆量紅K,7,57.14,9.85,-12.7,2.63
6215.TW,P06_價量背離,56,57.14,9.86,-9.61,2.63
6923.TW,P11_多頭排列紅K,6,50.0,12.26,-12.75,2.63
6213.TW,P08_黃金交叉量增,9,77.78,5.37,-12.43,2.62
4960.TW,P10_組合訊號,39,74.36,5.93,-8.83,2.62
6491.TW,P10_組合訊號,29,62.07,-1.53,-13.88,2.62
1305.TW,P12_多頭回檔,29,62.07,-2.03,-14.64,2.62
8476.TW,P06_價量背離,58,62.07,-1.93,-23.06,2.62
3003.TW,P04_長下影線放量,24,75.0,5.82,-7.6,2.61
5519.TW,P09_量縮後爆量紅K,4,75.0,5.81,-7.97,2.61
2454.TW,P01_量縮價穩,34,73.53,6.07,-11.54,2.61
6215.TW,P11_多頭排列紅K,41,70.73,6.58,-14.19,2.61
3041.TW,P07_RSI超賣量縮,88,70.45,6.64,-13.77,2.61
3029.TW,P05_連跌反轉紅K,18,66.67,7.42,-7.64,2.61
910322.TW,P11_多頭排列紅K,71,61.97,-0.34,-9.65,2.61
2546.TW,P01_量縮價穩,143,67.83,7.15,-4.7,2.6
3008.TW,P11_多頭排列紅K,42,61.9,-0.87,-13.22,2.6
6781.TW,P11_多頭排列紅K,21,61.9,-2.34,-18.34,2.6
2031.TW,P04_長下影線放量,21,61.9,-2.17,-14.58,2.6
2369.TW,P10_組合訊號,21,61.9,-1.91,-12.76,2.6
6863.TW,P07_RSI超賣量縮,21,61.9,-3.22,-15.11,2.6
4572.TW,P05_連跌反轉紅K,21,61.9,-1.81,-13.56,2.6
4770.TW,P12_多頭回檔,32,59.38,9.17,-13.13,2.6
6873.TW,P02_量增紅K,19,52.63,11.24,-11.28,2.6
2605.TW,P05_連跌反轉紅K,23,69.57,6.78,-12.76,2.59
8028.TW,P12_多頭回檔,25,68.0,7.11,-13.21,2.59
6753.TW,P11_多頭排列紅K,39,66.67,7.38,-16.02,2.59
2480.TW,P04_長下影線放量,37,64.86,7.78,-5.39,2.59
1446.TW,P04_長下影線放量,41,58.54,9.36,-6.1,2.58
6753.TW,P10_組合訊號,25,44.0,14.78,-8.9,2.58
6722.TW,P09_量縮後爆量紅K,8,75.0,5.77,-4.54,2.57
1817.TW,P08_黃金交叉量增,8,75.0,5.75,-3.01,2.57
2923.TW,P03_均線支撐放量,72,73.61,6.01,-8.41,2.57
1618.TW,P01_量縮價穩,126,62.7,8.27,-8.66,2.57
3583.TW,P01_量縮價穩,72,62.5,8.31,-12.61,2.57
5388.TW,P11_多頭排列紅K,34,61.76,-1.1,-13.17,2.57
4551.TW,P03_均線支撐放量,34,61.76,-1.44,-15.62,2.57
4739.TW,P11_多頭排列紅K,34,61.76,-4.09,-18.45,2.57
2337.TW,P05_連跌反轉紅K,26,61.54,8.55,-9.77,2.57
2889.TW,P02_量增紅K,14,57.14,9.76,-3.64,2.57
6695.TW,P06_價量背離,69,72.46,6.19,-11.11,2.56
3533.TW,P05_連跌反轉紅K,27,70.37,6.58,-11.59,2.56
3704.TW,P01_量縮價穩,79,68.35,6.98,-12.34,2.56
5243.TW,P06_價量背離,44,61.36,8.58,-10.15,2.56
2108.TW,P09_量縮後爆量紅K,5,40.0,16.89,-8.08,2.56
3035.TW,P04_長下影線放量,26,69.23,6.79,-19.51,2.55
2303.TW,P06_價量背離,38,68.42,6.96,-6.96,2.55
1231.TW,P01_量縮價穩,118,65.25,7.63,-4.89,2.55
2020.TW,P01_量縮價穩,159,59.75,8.99,-5.93,2.55
1524.TW,P04_長下影線放量,43,55.81,10.1,-5.15,2.55
7711.TW,P10_組合訊號,4,100.0,2.54,-15.86,2.54
6224.TW,P04_長下影線放量,29,72.41,6.18,-11.35,2.54
1736.TW,P02_量增紅K,21,61.9,8.41,-11.9,2.54
3443.TW,P02_量增紅K,13,61.54,-4.45,-24.17,2.54
3406.TW,P02_量增紅K,13,61.54,-2.75,-14.25,2.54
6112.TW,P09_量縮後爆量紅K,13,61.54,-1.98,-11.3,2.54
6416.TW,P11_多頭排列紅K,39,61.54,-1.2,-16.57,2.54
2509.TW,P08_黃金交叉量增,13,61.54,-1.15,-11.16,2.54
1533.TW,P09_量縮後爆量紅K,13,61.54,-5.64,-14.63,2.54
3437.TW,P09_量縮後爆量紅K,13,61.54,-0.44,-19.42,2.54
2727.TW,P11_多頭排列紅K,37,59.46,9.05,-10.54,2.54
8476.TW,P04_長下影線放量,36,50.0,12.08,-23.93,2.54
3447.TW,P09_量縮後爆量紅K,16,62.5,8.25,-14.21,2.53
4989.TW,P05_連跌反轉紅K,26,65.38,7.56,-10.83,2.52
3607.TW,P11_多頭排列紅K,57,61.4,-0.35,-14.05,2.52
1409.TW,P07_RSI超賣量縮,46,58.7,9.23,-7.6,2.52
4906.TW,P06_價量背離,52,73.08,6.01,-7.9,2.51
3021.TW,P12_多頭回檔,44,61.36,-1.49,-10.89,2.51
2204.TW,P05_連跌反轉紅K,34,58.82,9.16,-9.81,2.51
6605.TW,P10_組合訊號,38,57.89,9.43,-7.26,2.51
8011.TW,P08_黃金交叉量增,13,53.85,10.66,-11.21,2.51
9958.TW,P09_量縮後爆量紅K,9,77.78,5.21,-11.85,2.5
7631.TW,P02_量增紅K,21,71.43,6.3,-8.25,2.5
6239.TW,P10_組合訊號,27,66.67,7.25,-6.27,2.5
4551.TW,P02_量增紅K,31,61.29,-0.61,-16.53,2.5
4545.TW,P05_連跌反轉紅K,31,61.29,-1.73,-10.11,2.5
2429.TW,P08_黃金交叉量增,14,50.0,12.0,-11.66,2.5
2605.TW,P01_量縮價穩,85,74.12,5.8,-10.4,2.49
6278.TW,P04_長下影線放量,36,72.22,6.13,-9.83,2.49
8081.TW,P01_量縮價穩,78,70.51,6.46,-10.28,2.49
4956.TW,P05_連跌反轉紅K,35,68.57,6.83,-16.89,2.49
2480.TW,P12_多頭回檔,76,68.42,6.87,-4.54,2.49
2855.TW,P04_長下影線放量,42,66.67,7.23,-6.61,2.49
2484.TW,P01_量縮價穩,89,66.29,7.31,-8.2,2.49
3607.TW,P02_量增紅K,49,61.22,-1.48,-13.13,2.49
8081.TW,P07_RSI超賣量縮,26,88.46,3.71,-11.72,2.48
2480.TW,P02_量增紅K,26,73.08,5.97,-7.75,2.48
1532.TW,P05_連跌反轉紅K,30,70.0,6.54,-6.07,2.48
3027.TW,P07_RSI超賣量縮,67,59.7,8.87,-10.7,2.48
3032.TW,P04_長下影線放量,33,54.55,10.38,-9.75,2.48
6835.TW,P09_量縮後爆量紅K,18,77.78,5.17,-5.04,2.47
1615.TW,P11_多頭排列紅K,40,70.0,6.53,-7.06,2.47
3231.TW,P06_價量背離,46,65.22,7.53,-6.2,2.47
3055.TW,P07_RSI超賣量縮,58,62.07,8.26,-12.94,2.47
2401.TW,P08_黃金交叉量增,13,61.54,8.39,-12.75,2.47
3563.TW,P10_組合訊號,18,61.11,-1.68,-18.55,2.47
3545.TW,P10_組合訊號,18,61.11,-3.25,-18.26,2.47
4142.TW,P07_RSI超賣量縮,72,61.11,-0.35,-9.39,2.47
4994.TW,P02_量增紅K,18,61.11,-7.05,-16.07,2.47
6933.TW,P06_價量背離,18,61.11,-1.74,-18.53,2.47
1446.TW,P07_RSI超賣量縮,72,61.11,-0.71,-10.88,2.47
8996.TW,P05_連跌反轉紅K,26,57.69,9.41,-15.27,2.47
4919.TW,P12_多頭回檔,23,69.57,6.6,-10.75,2.46
3712.TW,P06_價量背離,59,61.02,-4.76,-16.0,2.46
4736.TW,P08_黃金交叉量增,1,100.0,2.45,-2.04,2.45
3168.TW,P05_連跌反轉紅K,19,73.68,5.82,-5.34,2.45
1477.TW,P02_量增紅K,11,72.73,5.99,-9.8,2.45
3443.TW,P01_量縮價穩,24,70.83,6.35,-14.53,2.45
3665.TW,P05_連跌反轉紅K,25,64.0,7.77,-15.42,2.45
3041.TW,P05_連跌反轉紅K,41,60.98,-0.61,-18.92,2.45
2431.TW,P02_量增紅K,41,60.98,-0.7,-13.34,2.45
2059.TW,P02_量增紅K,7,42.86,15.06,-8.66,2.45
2748.TW,P07_RSI超賣量縮,65,69.23,6.64,-7.94,2.44
2382.TW,P10_組合訊號,50,66.0,7.31,-8.82,2.44
3025.TW,P01_量縮價穩,86,65.12,7.49,-14.99,2.44
2480.TW,P07_RSI超賣量縮,27,62.96,7.99,-5.11,2.44
3515.TW,P07_RSI超賣量縮,48,60.42,8.62,-18.7,2.44
8478.TW,P03_均線支撐放量,27,55.56,9.99,-16.12,2.44
3003.TW,P11_多頭排列紅K,24,70.83,6.32,-11.6,2.43
5607.TW,P01_量縮價穩,110,65.45,7.41,-8.75,2.43
2429.TW,P12_多頭回檔,68,64.71,7.58,-12.5,2.43
8045.TW,P01_量縮價穩,233,62.23,8.15,-8.87,2.43
6789.TW,P12_多頭回檔,23,60.87,-0.67,-17.32,2.43
6914.TW,P12_多頭回檔,23,60.87,-0.71,-9.13,2.43
2314.TW,P04_長下影線放量,23,60.87,-3.93,-16.17,2.43
3550.TW,P02_量增紅K,23,60.87,-0.29,-11.25,2.43
6191.TW,P09_量縮後爆量紅K,5,60.0,8.72,-8.6,2.43
2617.TW,P04_長下影線放量,27,74.07,5.72,-9.5,2.42
2597.TW,P06_價量背離,85,68.24,6.81,-5.58,2.42
4989.TW,P04_長下影線放量,31,61.29,8.37,-14.04,2.42
2211.TW,P07_RSI超賣量縮,51,60.78,-0.37,-9.96,2.42
1503.TW,P11_多頭排列紅K,63,57.14,9.49,-5.97,2.42
2442.TW,P08_黃金交叉量增,11,81.82,4.5,-9.28,2.41
3711.TW,P12_多頭回檔,45,75.56,5.46,-9.04,2.41
3617.TW,P02_量增紅K,21,66.67,7.12,-8.7,2.41
1436.TW,P04_長下影線放量,88,62.5,8.06,-5.49,2.41
6120.TW,P07_RSI超賣量縮,56,60.71,-2.17,-15.3,2.41
3447.TW,P04_長下影線放量,28,60.71,-0.08,-15.14,2.41
3027.TW,P03_均線支撐放量,28,60.71,-2.81,-13.96,2.41
5222.TW,P04_長下影線放量,38,60.53,8.54,-10.76,2.41
3665.TW,P09_量縮後爆量紅K,6,50.0,11.81,-10.05,2.41
3605.TW,P04_長下影線放量,33,84.85,4.08,-10.65,2.4
6414.TW,P04_長下影線放量,25,72.0,6.06,-9.89,2.4
4581.TW,P05_連跌反轉紅K,25,72.0,6.06,-5.32,2.4
6269.TW,P07_RSI超賣量縮,52,65.38,7.38,-9.38,2.4
2855.TW,P12_多頭回檔,75,60.0,8.67,-5.91,2.4
3050.TW,P02_量增紅K,37,59.46,8.81,-9.76,2.4
5471.TW,P04_長下影線放量,19,57.89,9.24,-9.58,2.4
4755.TW,P01_量縮價穩,149,56.38,9.67,-9.05,2.4
2618.TW,P01_量縮價穩,71,56.34,9.69,-10.02,2.4
3380.TW,P10_組合訊號,24,83.33,4.27,-13.36,2.39
6412.TW,P11_多頭排列紅K,63,76.19,5.33,-7.77,2.39
4977.TW,P10_組合訊號,35,71.43,6.14,-10.45,2.39
3588.TW,P04_長下影線放量,23,69.57,6.49,-18.63,2.39
6414.TW,P12_多頭回檔,33,60.61,-1.6,-13.61,2.39
6689.TW,P02_量增紅K,33,60.61,-0.54,-15.43,2.39
2239.TW,P05_連跌反轉紅K,33,60.61,-2.34,-12.62,2.39
8454.TW,P08_黃金交叉量增,6,50.0,11.78,-13.88,2.39
2613.TW,P11_多頭排列紅K,34,76.47,5.27,-9.93,2.38
6585.TW,P02_量增紅K,43,69.77,6.45,-9.65,2.38
2615.TW,P10_組合訊號,24,62.5,8.01,-13.24,2.38
8215.TW,P11_多頭排列紅K,38,60.53,-1.4,-13.88,2.38
2233.TW,P08_黃金交叉量增,15,66.67,7.06,-7.67,2.37
2049.TW,P11_多頭排列紅K,43,60.47,-0.52,-15.18,2.37
3532.TW,P11_多頭排列紅K,43,60.47,-0.15,-16.39,2.37
2408.TW,P03_均線支撐放量,30,56.67,9.54,-15.23,2.37
1529.TW,P10_組合訊號,46,73.91,5.66,-10.7,2.36
6931.TW,P01_量縮價穩,59,66.1,7.16,-7.65,2.36
2308.TW,P07_RSI超賣量縮,33,63.64,7.7,-9.17,2.36
8110.TW,P02_量增紅K,35,62.86,7.89,-12.03,2.36
4967.TW,P07_RSI超賣量縮,48,60.42,-3.35,-15.73,2.36
1436.TW,P11_多頭排列紅K,53,60.38,8.51,-5.77,2.36
4576.TW,P12_多頭回檔,34,58.82,8.91,-17.88,2.36
1752.TW,P11_多頭排列紅K,14,42.86,14.83,-8.44,2.36
3011.TW,P08_黃金交叉量增,14,71.43,6.09,-13.45,2.35
6799.TW,P07_RSI超賣量縮,43,62.79,7.9,-17.71,2.35
5292.TW,P08_黃金交叉量增,8,62.5,7.97,-10.84,2.35
2406.TW,P07_RSI超賣量縮,77,62.34,8.01,-12.29,2.35
8222.TW,P07_RSI超賣量縮,62,61.29,8.25,-7.71,2.35
910861.TW,P11_多頭排列紅K,44,56.82,9.45,-12.27,2.35
5234.TW,P03_均線支撐放量,37,56.76,9.47,-11.93,2.35
1442.TW,P03_均線支撐放量,63,74.6,5.51,-7.47,2.34
3048.TW,P01_量縮價穩,119,59.66,8.66,-8.32,2.34
2387.TW,P12_多頭回檔,52,53.85,10.34,-10.9,2.34
3048.TW,P04_長下影線放量,31,51.61,11.1,-7.8,2.34
3189.TW,P12_多頭回檔,26,69.23,6.48,-14.84,2.33
1215.TW,P02_量增紅K,17,64.71,7.42,-5.66,2.33
6782.TW,P01_量縮價穩,99,64.65,7.44,-13.31,2.33
1443.TW,P11_多頭排列紅K,51,62.75,7.87,-5.44,2.33
2610.TW,P01_量縮價穩,61,45.9,13.32,-8.49,2.33
6409.TW,P05_連跌反轉紅K,37,78.38,4.89,-12.69,2.32
1470.TW,P04_長下影線放量,39,76.92,5.11,-6.84,2.32
3013.TW,P06_價量背離,59,64.41,7.46,-11.36,2.32
3701.TW,P01_量縮價穩,159,62.26,7.97,-9.25,2.32
4766.TW,P01_量縮價穩,114,60.53,8.41,-6.25,2.32
5484.TW,P05_連跌反轉紅K,41,58.54,8.93,-14.33,2.32
1721.TW,P08_黃金交叉量增,11,54.55,10.09,-10.43,2.32
9933.TW,P08_黃金交叉量增,6,66.67,6.97,-11.07,2.31
1808.TW,P03_均線支撐放量,69,65.22,7.27,-7.25,2.31
6191.TW,P12_多頭回檔,29,62.07,8.0,-10.42,2.31
6533.TW,P01_量縮價穩,50,62.0,8.02,-17.3,2.31
4967.TW,P01_量縮價穩,94,60.64,8.35,-14.94,2.31
2360.TW,P01_量縮價穩,63,60.32,8.44,-12.44,2.31
9945.TW,P07_RSI超賣量縮,34,70.59,6.17,-7.34,2.3
6197.TW,P01_量縮價穩,88,70.45,6.2,-9.02,2.3
8249.TW,P05_連跌反轉紅K,30,63.33,7.69,-11.25,2.3
4930.TW,P11_多頭排列紅K,49,63.27,7.7,-9.18,2.3
2597.TW,P01_量縮價穩,123,61.79,8.05,-6.53,2.3
2548.TW,P06_價量背離,112,61.61,8.09,-2.96,2.3
6505.TW,P02_量增紅K,10,60.0,-0.4,-7.11,2.3
2395.TW,P08_黃金交叉量增,10,60.0,-0.3,-9.09,2.3
1590.TW,P09_量縮後爆量紅K,5,60.0,-6.17,-19.09,2.3
2049.TW,P08_黃金交叉量增,10,60.0,-7.58,-18.62,2.3
6526.TW,P03_均線支撐放量,5,60.0,-6.68,-23.33,2.3
2258.TW,P04_長下影線放量,10,60.0,-4.13,-16.22,2.3
2727.TW,P09_量縮後爆量紅K,5,60.0,-6.67,-13.08,2.3
3673.TW,P09_量縮後爆量紅K,5,60.0,-4.84,-14.5,2.3
2545.TW,P09_量縮後爆量紅K,10,60.0,-2.19,-10.11,2.3
1909.TW,P09_量縮後爆量紅K,5,60.0,-10.71,-16.92,2.3
6438.TW,P08_黃金交叉量增,5,60.0,-2.58,-19.17,2.3
6533.TW,P03_均線支撐放量,20,60.0,-0.25,-17.9,2.3
6782.TW,P05_連跌反轉紅K,25,60.0,-0.01,-16.15,2.3
6715.TW,P02_量增紅K,35,60.0,-0.4,-16.45,2.3
5531.TW,P08_黃金交叉量增,10,60.0,-2.1,-10.45,2.3
5531.TW,P09_量縮後爆量紅K,10,60.0,-2.53,-12.84,2.3
6862.TW,P02_量增紅K,5,60.0,-3.03,-19.08,2.3
8163.TW,P02_量增紅K,20,60.0,-2.45,-12.18,2.3
5515.TW,P08_黃金交叉量增,5,60.0,-3.71,-10.73,2.3
6585.TW,P08_黃金交叉量增,10,60.0,-2.88,-11.03,2.3
6416.TW,P02_量增紅K,25,60.0,-2.19,-15.74,2.3
6756.TW,P11_多頭排列紅K,15,60.0,-1.27,-18.33,2.3
1786.TW,P04_長下影線放量,35,60.0,-0.21,-15.47,2.3
2538.TW,P09_量縮後爆量紅K,5,60.0,-1.41,-7.13,2.3
2748.TW,P08_黃金交叉量增,5,60.0,-3.73,-6.92,2.3
2484.TW,P09_量縮後爆量紅K,5,60.0,-4.5,-11.99,2.3
6657.TW,P10_組合訊號,15,60.0,-5.32,-12.65,2.3
1463.TW,P09_量縮後爆量紅K,10,60.0,-3.13,-7.97,2.3
8222.TW,P08_黃金交叉量增,5,60.0,-2.38,-6.97,2.3
6216.TW,P02_量增紅K,15,60.0,-6.34,-13.25,2.3
2471.TW,P09_量縮後爆量紅K,5,60.0,-2.64,-12.46,2.3
2642.TW,P09_量縮後爆量紅K,10,60.0,-6.76,-11.53,2.3
2702.TW,P09_量縮後爆量紅K,15,60.0,-0.77,-9.8,2.3
3419.TW,P08_黃金交叉量增,10,60.0,-6.06,-16.57,2.3
1906.TW,P02_量增紅K,30,60.0,-1.31,-10.22,2.3
2038.TW,P02_量增紅K,30,53.33,10.43,-11.61,2.3
3062.TW,P08_黃金交叉量增,4,75.0,5.38,-10.47,2.29
4540.TW,P02_量增紅K,23,73.91,5.57,-12.02,2.29
2488.TW,P09_量縮後爆量紅K,7,71.43,6.01,-3.8,2.29
2101.TW,P08_黃金交叉量增,9,66.67,6.93,-8.58,2.29
3518.TW,P08_黃金交叉量增,9,66.67,6.93,-11.69,2.29
2527.TW,P03_均線支撐放量,59,64.41,7.42,-6.0,2.29
2613.TW,P01_量縮價穩,120,63.33,7.67,-10.62,2.29
2545.TW,P10_組合訊號,68,63.24,7.69,-3.88,2.29
1609.TW,P03_均線支撐放量,38,57.89,9.04,-10.95,2.29
2886.TW,P05_連跌反轉紅K,28,75.0,5.37,-4.13,2.28
1432.TW,P09_量縮後爆量紅K,19,68.42,6.56,-9.17,2.28
2606.TW,P06_價量背離,72,72.22,5.83,-9.92,2.27
5244.TW,P01_量縮價穩,99,69.7,6.3,-9.62,2.27
3047.TW,P04_長下影線放量,26,69.23,6.39,-11.56,2.27
2248.TW,P04_長下影線放量,9,66.67,6.9,-5.34,2.27
3005.TW,P04_長下影線放量,38,65.79,7.09,-9.99,2.27
4148.TW,P05_連跌反轉紅K,31,61.29,8.13,-8.92,2.27
1721.TW,P12_多頭回檔,31,58.06,8.97,-9.88,2.27
6672.TW,P08_黃金交叉量增,8,50.0,11.53,-14.25,2.27
2316.TW,P05_連跌反轉紅K,28,67.86,6.65,-13.89,2.26
3062.TW,P06_價量背離,62,67.74,6.67,-10.78,2.26
8039.TW,P05_連跌反轉紅K,27,66.67,6.88,-8.56,2.26
8070.TW,P05_連跌反轉紅K,23,65.22,7.19,-10.25,2.26
2248.TW,P10_組合訊號,13,61.54,8.06,-5.83,2.26
4989.TW,P06_價量背離,82,59.76,-1.5,-13.19,2.26
6209.TW,P06_價量背離,53,58.49,8.83,-10.28,2.26
8222.TW,P10_組合訊號,40,57.5,9.11,-9.38,2.26
3652.TW,P04_長下影線放量,37,67.57,6.69,-6.73,2.25
3005.TW,P08_黃金交叉量增,3,66.67,6.88,-5.41,2.25
3024.TW,P03_均線支撐放量,49,65.31,7.17,-7.97,2.25
2367.TW,P02_量增紅K,32,62.5,7.8,-11.11,2.25
3518.TW,P10_組合訊號,24,62.5,7.79,-10.9,2.25
4438.TW,P05_連跌反轉紅K,23,60.87,8.2,-5.26,2.25
2417.TW,P12_多頭回檔,27,44.44,13.81,-14.45,2.25
1235.TW,P03_均線支撐放量,132,63.64,7.52,-5.0,2.24
1470.TW,P06_價量背離,131,74.81,5.34,-4.12,2.23
2606.TW,P01_量縮價穩,77,72.73,5.7,-10.05,2.23
2329.TW,P08_黃金交叉量增,10,70.0,6.18,-16.03,2.23
3011.TW,P11_多頭排列紅K,55,69.09,6.35,-13.41,2.23
6405.TW,P04_長下影線放量,50,68.0,6.58,-9.79,2.23
1316.TW,P06_價量背離,56,67.86,6.6,-9.38,2.23
3019.TW,P11_多頭排列紅K,33,66.67,6.85,-13.08,2.23
6426.TW,P04_長下影線放量,21,66.67,6.84,-15.18,2.23
8105.TW,P11_多頭排列紅K,42,59.52,-1.81,-13.76,2.23
1438.TW,P11_多頭排列紅K,36,55.56,9.62,-8.58,2.23
4540.TW,P07_RSI超賣量縮,75,74.67,5.35,-9.96,2.22
3231.TW,P05_連跌反轉紅K,19,73.68,5.52,-11.87,2.22
2330.TW,P11_多頭排列紅K,57,64.91,7.21,-9.11,2.22
6215.TW,P03_均線支撐放量,28,60.71,8.18,-12.42,2.22
1476.TW,P10_組合訊號,37,59.46,-1.59,-13.67,2.22
2014.TW,P05_連跌反轉紅K,37,59.46,-2.8,-13.05,2.22
9802.TW,P10_組合訊號,37,59.46,-2.49,-15.19,2.22
2535.TW,P12_多頭回檔,75,69.33,6.29,-4.6,2.21
4576.TW,P03_均線支撐放量,30,63.33,7.54,-12.29,2.21
5225.TW,P12_多頭回檔,27,62.96,7.63,-11.68,2.21
2816.TW,P05_連跌反轉紅K,17,58.82,8.66,-8.51,2.21
3532.TW,P12_多頭回檔,31,67.74,6.59,-12.6,2.2
2535.TW,P06_價量背離,80,65.0,7.16,-5.17,2.2
6449.TW,P07_RSI超賣量縮,50,62.0,7.84,-8.84,2.2
4919.TW,P01_量縮價穩,64,59.38,-0.75,-13.76,2.2
6541.TW,P02_量增紅K,32,59.38,-5.14,-18.03,2.2
2484.TW,P04_長下影線放量,32,59.38,-0.55,-12.99,2.2
3346.TW,P01_量縮價穩,91,59.34,-0.53,-13.36,2.2
6796.TW,P02_量增紅K,12,58.33,8.78,-13.56,2.2
6442.TW,P12_多頭回檔,59,55.93,9.45,-7.02,2.2
2472.TW,P02_量增紅K,28,78.57,4.69,-9.28,2.19
5519.TW,P06_價量背離,74,70.27,6.08,-5.88,2.19
3296.TW,P11_多頭排列紅K,70,68.57,6.4,-11.89,2.19
1773.TW,P03_均線支撐放量,50,68.0,6.51,-9.79,2.19
8021.TW,P06_價量背離,53,64.15,7.33,-7.04,2.19
6191.TW,P01_量縮價穩,70,61.43,7.96,-11.5,2.19
3034.TW,P05_連跌反轉紅K,33,60.61,8.16,-11.75,2.19
2419.TW,P07_RSI超賣量縮,54,59.26,-0.19,-12.24,2.19
6756.TW,P10_組合訊號,27,59.26,-8.86,-22.51,2.19
6152.TW,P05_連跌反轉紅K,43,79.07,4.61,-12.19,2.18
2426.TW,P06_價量背離,62,77.42,4.86,-8.17,2.18
9105.TW,P01_量縮價穩,106,66.98,6.7,-8.05,2.18
6625.TW,P04_長下影線放量,40,65.0,7.13,-9.24,2.18
3481.TW,P05_連跌反轉紅K,28,60.71,8.13,-13.38,2.18
3030.TW,P02_量增紅K,22,54.55,9.83,-7.55,2.18
6806.TW,P03_均線支撐放量,12,66.67,6.75,-17.37,2.17
2493.TW,P04_長下影線放量,40,60.0,8.28,-4.74,2.17
3021.TW,P08_黃金交叉量增,15,60.0,8.29,-8.13,2.17
9910.TW,P06_價量背離,49,59.18,-2.19,-13.64,2.17
2630.TW,P08_黃金交叉量增,9,55.56,9.5,-14.55,2.17
3607.TW,P04_長下影線放量,32,75.0,5.22,-9.13,2.16
7631.TW,P06_價量背離,17,70.59,5.98,-7.75,2.16
4569.TW,P07_RSI超賣量縮,19,68.42,6.39,-15.82,2.16
6214.TW,P05_連跌反轉紅K,22,68.18,6.44,-4.85,2.16
2883.TW,P01_量縮價穩,65,66.15,6.85,-6.56,2.16
1309.TW,P04_長下影線放量,40,62.5,7.65,-11.62,2.16
9103.TW,P07_RSI超賣量縮,98,62.24,7.72,-12.6,2.16
2014.TW,P04_長下影線放量,22,59.09,-7.5,-20.33,2.16
4137.TW,P02_量增紅K,22,59.09,-3.15,-11.63,2.16
3047.TW,P03_均線支撐放量,22,59.09,-2.3,-13.53,2.16
6666.TW,P11_多頭排列紅K,22,59.09,-1.07,-14.23,2.16
2537.TW,P10_組合訊號,34,55.88,9.39,-8.68,2.16
2250.TW,P09_量縮後爆量紅K,10,80.0,4.43,-8.2,2.15
6873.TW,P10_組合訊號,26,65.38,7.0,-8.29,2.15
2348.TW,P01_量縮價穩,115,63.48,7.42,-7.97,2.15
5906.TW,P10_組合訊號,72,61.11,7.97,-7.06,2.15
3356.TW,P07_RSI超賣量縮,50,70.0,6.05,-10.09,2.14
3416.TW,P05_連跌反轉紅K,16,68.75,6.29,-9.78,2.14
2498.TW,P02_量增紅K,19,63.16,7.47,-15.27,2.14
2478.TW,P12_多頭回檔,32,62.5,7.62,-9.44,2.14
3346.TW,P09_量縮後爆量紅K,8,62.5,7.63,-12.77,2.14
6117.TW,P12_多頭回檔,36,61.11,7.96,-9.64,2.14
3034.TW,P11_多頭排列紅K,75,60.0,8.23,-10.46,2.14
1618.TW,P06_價量背離,85,60.0,8.24,-9.39,2.14
6202.TW,P11_多頭排列紅K,39,58.97,-1.08,-12.88,2.14
8462.TW,P07_RSI超賣量縮,78,58.97,-0.56,-11.84,2.14
4927.TW,P04_長下影線放量,39,58.97,-3.13,-21.03,2.14
3481.TW,P04_長下影線放量,28,64.29,7.19,-13.21,2.13
4968.TW,P01_量縮價穩,39,61.54,7.84,-19.56,2.13
3013.TW,P12_多頭回檔,28,60.71,8.03,-9.91,2.13
4414.TW,P07_RSI超賣量縮,107,58.88,-1.56,-11.75,2.13
3338.TW,P08_黃金交叉量增,6,83.33,3.95,-12.66,2.12
1612.TW,P11_多頭排列紅K,43,67.44,6.52,-9.03,2.12
6965.TW,P07_RSI超賣量縮,17,58.82,-9.54,-20.14,2.12
2369.TW,P05_連跌反轉紅K,34,58.82,-0.24,-14.07,2.12
9939.TW,P02_量增紅K,14,71.43,5.75,-6.45,2.11
2211.TW,P06_價量背離,58,68.97,6.21,-8.57,2.11
8271.TW,P03_均線支撐放量,22,68.18,6.35,-9.32,2.11
3596.TW,P07_RSI超賣量縮,37,67.57,6.48,-9.35,2.11
2850.TW,P02_量增紅K,15,66.67,6.67,-5.79,2.11
6431.TW,P04_長下影線放量,86,58.14,8.68,-9.89,2.11
3535.TW,P03_均線支撐放量,19,57.89,8.74,-12.19,2.11
8422.TW,P12_多頭回檔,64,56.25,9.19,-3.41,2.11
6598.TW,P01_量縮價穩,183,48.63,11.74,-9.58,2.11
2468.TW,P04_長下影線放量,34,47.06,12.35,-10.09,2.11
6890.TW,P12_多頭回檔,1,100.0,2.1,-9.24,2.1
1102.TW,P07_RSI超賣量縮,46,67.39,6.5,-4.42,2.1
3209.TW,P06_價量背離,86,66.28,6.72,-6.97,2.1
5706.TW,P03_均線支撐放量,46,63.04,7.44,-7.3,2.1
2025.TW,P01_量縮價穩,127,60.63,8.0,-14.61,2.1
4915.TW,P11_多頭排列紅K,46,58.7,-0.06,-11.62,2.1
3607.TW,P10_組合訊號,35,71.43,5.73,-8.79,2.09
2488.TW,P05_連跌反轉紅K,27,70.37,5.92,-4.36,2.09
6657.TW,P07_RSI超賣量縮,40,70.0,5.99,-8.25,2.09
2423.TW,P07_RSI超賣量縮,23,69.57,6.07,-7.07,2.09
3017.TW,P10_組合訊號,23,65.22,6.95,-17.39,2.09
1217.TW,P08_黃金交叉量增,8,62.5,7.54,-3.89,2.09
5215.TW,P04_長下影線放量,36,61.11,7.87,-10.89,2.09
2471.TW,P06_價量背離,76,60.53,8.02,-5.74,2.09
2049.TW,P07_RSI超賣量縮,58,58.62,-1.41,-13.36,2.09
2492.TW,P03_均線支撐放量,29,58.62,-0.66,-13.77,2.09
6414.TW,P10_組合訊號,29,58.62,-0.31,-12.48,2.09
4142.TW,P05_連跌反轉紅K,29,58.62,-0.97,-11.67,2.09
2250.TW,P03_均線支撐放量,29,58.62,-1.0,-10.95,2.09
2404.TW,P09_量縮後爆量紅K,7,57.14,8.9,-10.89,2.09
5388.TW,P04_長下影線放量,31,74.19,5.24,-9.58,2.08
2250.TW,P07_RSI超賣量縮,55,72.73,5.48,-8.36,2.08
2330.TW,P12_多頭回檔,55,61.82,7.7,-9.04,2.08
6230.TW,P09_量縮後爆量紅K,10,60.0,8.13,-14.65,2.08
2329.TW,P12_多頭回檔,22,59.09,8.37,-14.68,2.08
6239.TW,P06_價量背離,33,57.58,8.77,-6.97,2.08
6282.TW,P01_量縮價穩,52,71.15,5.74,-8.74,2.07
2477.TW,P12_多頭回檔,68,70.59,5.85,-8.46,2.07
6706.TW,P03_均線支撐放量,26,69.23,6.1,-16.06,2.07
2312.TW,P02_量增紅K,31,67.74,6.38,-8.96,2.07
3055.TW,P01_量縮價穩,142,60.56,7.98,-8.26,2.07
2342.TW,P11_多頭排列紅K,41,58.54,-1.0,-16.28,2.07
2601.TW,P05_連跌反轉紅K,41,58.54,-0.59,-12.15,2.07
4414.TW,P10_組合訊號,41,58.54,-2.56,-11.62,2.07
2314.TW,P02_量增紅K,41,58.54,-3.5,-18.57,2.07
9939.TW,P01_量縮價穩,99,69.7,5.99,-6.58,2.06
3027.TW,P09_量縮後爆量紅K,6,66.67,6.6,-16.02,2.06
4967.TW,P09_量縮後爆量紅K,11,63.64,7.24,-12.8,2.06
2642.TW,P12_多頭回檔,34,58.82,8.41,-10.85,2.06
2351.TW,P01_量縮價穩,65,58.46,-2.19,-13.69,2.06
3032.TW,P07_RSI超賣量縮,66,56.06,9.17,-8.15,2.06
3703.TW,P11_多頭排列紅K,57,54.39,9.66,-8.15,2.06
6438.TW,P02_量增紅K,22,77.27,4.71,-11.97,2.05
2406.TW,P01_量縮價穩,81,67.9,6.32,-13.76,2.05
2424.TW,P07_RSI超賣量縮,161,58.39,-2.18,-17.09,2.05
4583.TW,P09_量縮後爆量紅K,21,57.14,8.84,-9.07,2.05
3583.TW,P10_組合訊號,35,51.43,10.6,-14.36,2.05
2468.TW,P08_黃金交叉量增,7,42.86,14.11,-7.25,2.05
6719.TW,P02_量增紅K,8,75.0,5.06,-11.01,2.04
2923.TW,P04_長下影線放量,60,71.67,5.62,-10.56,2.04
1231.TW,P11_多頭排列紅K,65,67.69,6.35,-7.85,2.04
2455.TW,P07_RSI超賣量縮,53,66.04,6.69,-16.22,2.04
1522.TW,P07_RSI超賣量縮,44,65.91,6.71,-11.41,2.04
1773.TW,P11_多頭排列紅K,58,65.52,6.79,-8.07,2.04
6117.TW,P11_多頭排列紅K,28,64.29,7.07,-15.98,2.04
5269.TW,P04_長下影線放量,36,58.33,-2.52,-21.07,2.04
6670.TW,P08_黃金交叉量增,12,58.33,-1.09,-10.71,2.04
6235.TW,P03_均線支撐放量,12,58.33,-4.24,-17.8,2.04
2369.TW,P12_多頭回檔,24,58.33,-0.27,-15.53,2.04
2478.TW,P08_黃金交叉量增,12,58.33,-1.85,-11.41,2.04
5706.TW,P12_多頭回檔,48,58.33,-2.18,-11.46,2.04
4439.TW,P08_黃金交叉量增,12,58.33,-0.24,-8.39,2.04
7721.TW,P02_量增紅K,12,58.33,-8.58,-16.14,2.04
2025.TW,P09_量縮後爆量紅K,12,58.33,-2.74,-18.36,2.04
2364.TW,P01_量縮價穩,163,55.21,9.38,-17.72,2.04
8039.TW,P08_黃金交叉量增,11,72.73,5.42,-8.16,2.03
1225.TW,P04_長下影線放量,54,70.37,5.84,-11.95,2.03
2020.TW,P06_價量背離,108,66.67,6.55,-6.84,2.03
5906.TW,P04_長下影線放量,81,66.67,6.55,-7.84,2.03
6155.TW,P01_量縮價穩,136,66.18,6.64,-7.65,2.03
2476.TW,P11_多頭排列紅K,60,61.67,7.64,-10.72,2.03
2611.TW,P03_均線支撐放量,49,61.22,7.75,-6.75,2.03
1471.TW,P04_長下影線放量,48,60.42,7.95,-20.18,2.03
3041.TW,P01_量縮價穩,91,58.24,-0.82,-17.75,2.03
6550.TW,P01_量縮價穩,100,54.0,9.71,-16.04,2.03
2402.TW,P07_RSI超賣量縮,39,71.79,5.56,-9.95,2.02
4746.TW,P05_連跌反轉紅K,34,67.65,6.33,-10.31,2.02
2458.TW,P11_多頭排列紅K,46,67.39,6.38,-9.64,2.02
1904.TW,P09_量縮後爆量紅K,3,66.67,6.53,-9.05,2.02
4961.TW,P07_RSI超賣量縮,55,58.18,-0.52,-16.16,2.02
6409.TW,P08_黃金交叉量增,12,83.33,3.82,-12.93,2.01
2923.TW,P05_連跌反轉紅K,42,76.19,4.83,-9.47,2.01
2428.TW,P11_多頭排列紅K,49,71.43,5.61,-10.21,2.01
4755.TW,P04_長下影線放量,28,64.29,7.01,-9.5,2.01
6139.TW,P02_量增紅K,27,62.96,7.32,-11.7,2.01
2211.TW,P11_多頭排列紅K,43,58.14,-0.04,-10.32,2.01
912000.TW,P03_均線支撐放量,43,58.14,-1.71,-11.08,2.01
2722.TW,P04_長下影線放量,43,58.14,-0.02,-14.42,2.01
1786.TW,P06_價量背離,74,58.11,-0.49,-11.07,2.01
1806.TW,P07_RSI超賣量縮,74,58.11,-0.39,-10.61,2.01
5607.TW,P05_連跌反轉紅K,29,55.17,9.33,-9.43,2.01
1626.TW,P05_連跌反轉紅K,29,55.17,9.33,-8.32,2.01
5269.TW,P02_量增紅K,18,72.22,5.46,-18.3,2.0
6415.TW,P02_量增紅K,7,71.43,5.61,-19.09,2.0
6191.TW,P10_組合訊號,36,63.89,7.08,-11.01,2.0
6213.TW,P03_均線支撐放量,31,58.06,-1.26,-18.81,2.0
6120.TW,P03_均線支撐放量,31,58.06,-2.97,-15.12,2.0
6657.TW,P01_量縮價穩,31,58.06,-1.41,-9.35,2.0
6743.TW,P04_長下影線放量,31,58.06,-5.87,-21.72,2.0
4720.TW,P04_長下影線放量,31,58.06,-0.18,-8.67,2.0
2498.TW,P04_長下影線放量,23,56.52,8.91,-13.61,2.0
8374.TW,P03_均線支撐放量,59,54.24,9.6,-7.47,2.0
3038.TW,P05_連跌反轉紅K,26,53.85,9.72,-7.1,2.0
6719.TW,P06_價量背離,28,71.43,5.59,-13.36,1.99
2731.TW,P04_長下影線放量,40,70.0,5.84,-12.85,1.99
2402.TW,P01_量縮價穩,81,61.73,7.56,-10.58,1.99
2028.TW,P02_量增紅K,29,55.17,9.3,-12.82,1.99
3701.TW,P11_多頭排列紅K,51,50.98,10.63,-12.9,1.99
3622.TW,P09_量縮後爆量紅K,8,75.0,4.97,-12.21,1.98
2345.TW,P11_多頭排列紅K,67,74.63,5.03,-13.74,1.98
2345.TW,P03_均線支撐放量,42,69.05,6.01,-12.34,1.98
8045.TW,P06_價量背離,66,68.18,6.18,-8.49,1.98
3703.TW,P08_黃金交叉量增,6,66.67,6.48,-3.97,1.98
2367.TW,P04_長下影線放量,20,75.0,4.95,-13.85,1.97
4720.TW,P06_價量背離,90,73.33,5.23,-4.22,1.97
5434.TW,P12_多頭回檔,51,72.55,5.36,-5.74,1.97
6183.TW,P03_均線支撐放量,103,67.96,6.21,-2.09,1.97
2504.TW,P04_長下影線放量,37,67.57,6.28,-10.32,1.97
8499.TW,P08_黃金交叉量增,6,66.67,6.45,-8.56,1.97
2426.TW,P05_連跌反轉紅K,17,64.71,6.86,-12.23,1.97
3025.TW,P10_組合訊號,27,59.26,8.14,-15.48,1.97
3016.TW,P10_組合訊號,19,57.89,-5.86,-14.71,1.97
4994.TW,P05_連跌反轉紅K,19,57.89,-0.13,-10.55,1.97
7721.TW,P05_連跌反轉紅K,19,57.89,-4.08,-15.16,1.97
1560.TW,P12_多頭回檔,34,76.47,4.72,-11.35,1.96
2441.TW,P01_量縮價穩,59,71.19,5.58,-6.15,1.96
2413.TW,P11_多頭排列紅K,43,69.77,5.85,-14.36,1.96
6591.TW,P05_連跌反轉紅K,22,63.64,7.08,-11.52,1.96
3515.TW,P06_價量背離,47,61.7,7.52,-15.78,1.96
2538.TW,P12_多頭回檔,64,57.81,-1.0,-8.25,1.96
3046.TW,P03_均線支撐放量,28,53.57,9.73,-15.68,1.96
3167.TW,P11_多頭排列紅K,47,70.21,5.75,-11.31,1.95
1612.TW,P02_量增紅K,32,65.62,6.64,-10.33,1.95
3504.TW,P01_量縮價穩,71,57.75,-2.72,-17.54,1.95
3019.TW,P07_RSI超賣量縮,41,75.61,4.83,-12.48,1.94
1528.TW,P12_多頭回檔,28,67.86,6.18,-6.78,1.94
2615.TW,P07_RSI超賣量縮,53,60.38,7.82,-11.5,1.94
4739.TW,P04_長下影線放量,26,57.69,-0.59,-17.6,1.94
6994.TW,P01_量縮價穩,26,57.69,-0.08,-17.32,1.94
3025.TW,P04_長下影線放量,26,57.69,-0.63,-18.42,1.94
6835.TW,P11_多頭排列紅K,26,57.69,-0.2,-12.0,1.94
6558.TW,P01_量縮價穩,85,57.65,-0.18,-15.37,1.94
2607.TW,P05_連跌反轉紅K,30,56.67,8.77,-8.61,1.94
3694.TW,P02_量增紅K,42,54.76,9.32,-16.15,1.94
3591.TW,P10_組合訊號,40,72.5,5.31,-11.49,1.93
3596.TW,P04_長下影線放量,34,67.65,6.2,-10.5,1.93
2468.TW,P07_RSI超賣量縮,43,67.44,6.24,-8.32,1.93
8271.TW,P07_RSI超賣量縮,42,66.67,6.4,-8.13,1.93
3003.TW,P07_RSI超賣量縮,49,65.31,6.68,-7.46,1.93
3533.TW,P12_多頭回檔,31,64.52,6.84,-12.17,1.93
2302.TW,P04_長下影線放量,22,63.64,7.03,-12.98,1.93
3010.TW,P10_組合訊號,60,63.33,7.1,-5.99,1.93
2497.TW,P06_價量背離,77,59.74,7.95,-11.98,1.93
2462.TW,P01_量縮價穩,118,57.63,-0.44,-10.53,1.93
4540.TW,P01_量縮價穩,92,57.61,-0.0,-12.25,1.93
4766.TW,P09_量縮後爆量紅K,7,57.14,8.63,-4.26,1.93
6558.TW,P07_RSI超賣量縮,75,54.67,9.34,-16.24,1.93
1466.TW,P04_長下影線放量,52,51.92,10.2,-7.55,1.93
3025.TW,P08_黃金交叉量增,6,83.33,3.71,-10.59,1.92
3454.TW,P12_多頭回檔,36,72.22,5.35,-9.55,1.92
3036.TW,P02_量增紅K,16,62.5,7.27,-9.16,1.92
9938.TW,P05_連跌反轉紅K,33,57.58,-0.99,-12.01,1.92
2231.TW,P02_量增紅K,33,57.58,-2.06,-13.73,1.92
3605.TW,P10_組合訊號,33,57.58,-0.38,-13.65,1.92
4976.TW,P02_量增紅K,33,57.58,-1.42,-18.07,1.92
3591.TW,P02_量增紅K,33,57.58,-0.29,-13.72,1.92
6446.TW,P07_RSI超賣量縮,49,57.14,8.61,-19.84,1.92
6834.TW,P04_長下影線放量,30,56.67,8.73,-10.02,1.92
2617.TW,P01_量縮價穩,82,64.63,6.79,-9.03,1.91
3543.TW,P09_量縮後爆量紅K,8,62.5,7.25,-11.1,1.91
2493.TW,P03_均線支撐放量,53,62.26,7.32,-5.61,1.91
3149.TW,P03_均線支撐放量,40,57.5,-3.04,-19.72,1.91
2534.TW,P10_組合訊號,80,57.5,-0.14,-8.13,1.91
3550.TW,P09_量縮後爆量紅K,9,77.78,4.44,-6.55,1.9
2458.TW,P01_量縮價穩,50,70.0,5.72,-10.35,1.9
6189.TW,P11_多頭排列紅K,58,65.52,6.58,-3.72,1.9
3679.TW,P11_多頭排列紅K,48,62.5,7.24,-7.37,1.9
6541.TW,P11_多頭排列紅K,47,57.45,-9.48,-22.06,1.9
2305.TW,P04_長下影線放量,23,56.52,8.75,-14.3,1.9
911622.TW,P06_價量背離,166,54.22,9.41,-7.88,1.9
5215.TW,P11_多頭排列紅K,43,53.49,9.63,-12.67,1.9
1504.TW,P03_均線支撐放量,64,53.12,9.74,-6.21,1.9
6438.TW,P12_多頭回檔,30,80.0,4.12,-10.69,1.89
2312.TW,P05_連跌反轉紅K,13,69.23,5.84,-8.61,1.89
8112.TW,P01_量縮價穩,84,65.48,6.58,-8.23,1.89
5522.TW,P04_長下影線放量,59,62.71,7.17,-7.44,1.89
1608.TW,P04_長下影線放量,20,60.0,7.82,-11.92,1.89
2636.TW,P01_量縮價穩,102,53.92,9.48,-7.17,1.89
2028.TW,P11_多頭排列紅K,37,51.35,10.31,-7.84,1.89
8110.TW,P03_均線支撐放量,28,50.0,10.79,-14.1,1.89
1303.TW,P02_量增紅K,14,64.29,6.82,-9.11,1.88
5519.TW,P12_多頭回檔,64,62.5,7.2,-5.57,1.88
4766.TW,P07_RSI超賣量縮,26,57.69,8.39,-6.33,1.88
5222.TW,P10_組合訊號,23,56.52,8.72,-9.52,1.88
2832.TW,P05_連跌反轉紅K,16,56.25,8.79,-2.38,1.88
8271.TW,P09_量縮後爆量紅K,4,50.0,10.75,-9.55,1.88
2442.TW,P05_連跌反轉紅K,17,70.59,5.56,-9.75,1.87
8016.TW,P07_RSI超賣量縮,46,69.57,5.74,-13.42,1.87
8210.TW,P05_連跌反轉紅K,26,65.38,6.56,-13.81,1.87
6806.TW,P06_價量背離,51,64.71,6.71,-15.06,1.87
6672.TW,P06_價量背離,62,59.68,7.87,-11.12,1.87
3617.TW,P05_連跌反轉紅K,35,65.71,6.48,-11.11,1.86
6168.TW,P04_長下影線放量,23,65.22,6.58,-11.4,1.86
1476.TW,P06_價量背離,28,57.14,-2.81,-15.31,1.86
6415.TW,P08_黃金交叉量增,7,57.14,-2.14,-25.24,1.86
3706.TW,P08_黃金交叉量增,7,57.14,-2.84,-11.44,1.86
2105.TW,P08_黃金交叉量增,14,57.14,-1.64,-7.03,1.86
1477.TW,P06_價量背離,21,57.14,-4.88,-15.11,1.86
6176.TW,P08_黃金交叉量增,7,57.14,-2.4,-14.27,1.86
9958.TW,P08_黃金交叉量增,7,57.14,-1.84,-17.98,1.86
3042.TW,P08_黃金交叉量增,7,57.14,-0.94,-10.01,1.86
2897.TW,P08_黃金交叉量增,7,57.14,-2.27,-8.17,1.86
9914.TW,P09_量縮後爆量紅K,7,57.14,-9.95,-19.82,1.86
1789.TW,P08_黃金交叉量增,7,57.14,-1.1,-6.86,1.86
3592.TW,P12_多頭回檔,21,57.14,-2.13,-15.46,1.86
6873.TW,P06_價量背離,35,57.14,-4.87,-16.4,1.86
6965.TW,P12_多頭回檔,7,57.14,-8.3,-12.46,1.86
6541.TW,P12_多頭回檔,21,57.14,-11.64,-19.82,1.86
2338.TW,P08_黃金交叉量增,7,57.14,-6.86,-18.44,1.86
3015.TW,P09_量縮後爆量紅K,7,57.14,-0.16,-11.92,1.86
6863.TW,P02_量增紅K,7,57.14,-14.18,-23.62,1.86
3055.TW,P02_量增紅K,35,57.14,-0.08,-12.71,1.86
8215.TW,P10_組合訊號,35,57.14,-1.34,-15.26,1.86
4164.TW,P02_量增紅K,14,57.14,-1.96,-12.88,1.86
8105.TW,P08_黃金交叉量增,7,57.14,-0.23,-10.29,1.86
2453.TW,P09_量縮後爆量紅K,14,57.14,-0.29,-11.53,1.86
1309.TW,P08_黃金交叉量增,7,57.14,-2.83,-9.76,1.86
3257.TW,P08_黃金交叉量增,7,57.14,-2.09,-13.84,1.86
2538.TW,P08_黃金交叉量增,14,57.14,-1.7,-9.49,1.86
9934.TW,P09_量縮後爆量紅K,7,57.14,-3.97,-9.4,1.86
6743.TW,P02_量增紅K,28,57.14,-7.39,-21.3,1.86
6743.TW,P08_黃金交叉量增,7,57.14,-8.57,-17.95,1.86
6668.TW,P11_多頭排列紅K,28,57.14,-3.18,-16.22,1.86
3041.TW,P11_多頭排列紅K,35,57.14,-0.41,-18.47,1.86
3346.TW,P04_長下影線放量,14,57.14,-5.87,-18.63,1.86
4148.TW,P09_量縮後爆量紅K,14,57.14,-6.36,-13.6,1.86
6552.TW,P09_量縮後爆量紅K,7,57.14,-10.05,-23.98,1.86
3002.TW,P09_量縮後爆量紅K,7,57.14,-1.07,-9.39,1.86
2314.TW,P06_價量背離,63,57.14,-1.08,-18.06,1.86
1762.TW,P09_量縮後爆量紅K,7,57.14,-5.01,-12.88,1.86
3094.TW,P02_量增紅K,35,57.14,-1.03,-12.52,1.86
1626.TW,P08_黃金交叉量增,7,57.14,-3.5,-17.49,1.86
6431.TW,P11_多頭排列紅K,41,56.1,8.8,-13.91,1.86
2449.TW,P10_組合訊號,24,50.0,10.73,-11.29,1.86
3038.TW,P01_量縮價穩,84,66.67,6.28,-8.23,1.85
4956.TW,P04_長下影線放量,24,66.67,6.28,-11.19,1.85
2535.TW,P04_長下影線放量,52,71.15,5.42,-6.32,1.84
2880.TW,P05_連跌反轉紅K,32,68.75,5.86,-4.14,1.84
3008.TW,P02_量增紅K,9,66.67,6.26,-10.75,1.84
4916.TW,P07_RSI超賣量縮,51,66.67,6.26,-13.12,1.84
5469.TW,P11_多頭排列紅K,48,62.5,7.15,-10.43,1.84
1446.TW,P05_連跌反轉紅K,37,62.16,7.22,-8.49,1.84
5515.TW,P03_均線支撐放量,101,60.4,7.64,-4.45,1.84
6807.TW,P04_長下影線放量,26,53.85,9.42,-7.57,1.84
1409.TW,P09_量縮後爆量紅K,6,50.0,10.69,-13.25,1.84
6477.TW,P04_長下影線放量,22,72.73,5.14,-15.78,1.83
2455.TW,P06_價量背離,28,64.29,6.73,-16.93,1.83
3605.TW,P06_價量背離,48,60.42,7.61,-9.42,1.83
4766.TW,P10_組合訊號,68,57.35,8.39,-5.93,1.83
2417.TW,P06_價量背離,84,57.14,8.45,-12.58,1.83
4571.TW,P01_量縮價穩,96,52.08,9.95,-12.47,1.83
2324.TW,P05_連跌反轉紅K,26,73.08,5.07,-5.7,1.82
3437.TW,P02_量增紅K,33,69.7,5.65,-12.51,1.82
3050.TW,P07_RSI超賣量縮,27,62.96,7.01,-10.79,1.82
2317.TW,P04_長下影線放量,48,58.33,8.13,-5.87,1.82
2401.TW,P11_多頭排列紅K,49,75.51,4.66,-13.53,1.81
1470.TW,P03_均線支撐放量,66,74.24,4.86,-5.25,1.81
6782.TW,P04_長下影線放量,29,68.97,5.78,-14.17,1.81
8481.TW,P09_量縮後爆量紅K,9,66.67,6.21,-4.69,1.81
1417.TW,P02_量增紅K,34,64.71,6.61,-7.38,1.81
1612.TW,P04_長下影線放量,26,61.54,7.31,-7.01,1.81
6257.TW,P03_均線支撐放量,35,60.0,7.69,-10.38,1.81
6579.TW,P01_量縮價穩,141,58.87,7.97,-7.82,1.81
2426.TW,P11_多頭排列紅K,44,56.82,-1.87,-14.07,1.81
5285.TW,P12_多頭回檔,44,56.82,-2.08,-14.19,1.81
3711.TW,P10_組合訊號,33,78.79,4.17,-9.41,1.8
3168.TW,P10_組合訊號,43,74.42,4.82,-6.95,1.8
6695.TW,P04_長下影線放量,52,67.31,6.07,-14.96,1.8
2493.TW,P09_量縮後爆量紅K,8,62.5,7.09,-6.53,1.8
8112.TW,P07_RSI超賣量縮,37,56.76,-0.51,-11.72,1.8
6743.TW,P07_RSI超賣量縮,74,56.76,-5.83,-17.19,1.8
4564.TW,P08_黃金交叉量增,8,50.0,10.6,-10.13,1.8
4583.TW,P07_RSI超賣量縮,51,66.67,6.18,-8.28,1.79
2459.TW,P05_連跌反轉紅K,28,64.29,6.67,-2.88,1.79
2015.TW,P07_RSI超賣量縮,49,63.27,6.9,-6.73,1.79
2457.TW,P07_RSI超賣量縮,67,56.72,-1.67,-15.99,1.79
2365.TW,P11_多頭排列紅K,29,68.97,5.73,-9.88,1.78
2342.TW,P05_連跌反轉紅K,28,67.86,5.94,-10.61,1.78
2731.TW,P03_均線支撐放量,30,66.67,6.18,-10.65,1.78
6456.TW,P12_多頭回檔,30,56.67,-3.13,-16.5,1.78
6202.TW,P04_長下影線放量,30,56.67,-1.4,-11.43,1.78
4572.TW,P06_價量背離,83,56.63,-0.56,-10.69,1.78
6112.TW,P12_多頭回檔,50,54.0,9.25,-5.5,1.78
3015.TW,P07_RSI超賣量縮,46,78.26,4.2,-8.51,1.77
6235.TW,P05_連跌反轉紅K,36,72.22,5.15,-15.54,1.77
4915.TW,P10_組合訊號,34,67.65,5.96,-9.06,1.77
6541.TW,P03_均線支撐放量,32,65.62,6.36,-16.46,1.77
8467.TW,P10_組合訊號,40,62.5,7.03,-7.05,1.77
3481.TW,P01_量縮價穩,61,60.66,7.46,-12.79,1.77
2101.TW,P03_均線支撐放量,61,57.38,8.29,-6.93,1.77
1506.TW,P03_均線支撐放量,99,56.57,-1.26,-10.39,1.77
2337.TW,P04_長下影線放量,32,56.25,8.59,-14.37,1.77
3703.TW,P02_量增紅K,17,47.06,11.63,-10.84,1.77
2008.TW,P04_長下影線放量,41,70.73,5.39,-4.58,1.76
3530.TW,P02_量增紅K,30,66.67,6.13,-15.2,1.76
2461.TW,P10_組合訊號,44,65.91,6.29,-8.3,1.76
4976.TW,P03_均線支撐放量,22,63.64,6.76,-16.65,1.76
1605.TW,P01_量縮價穩,74,63.51,6.79,-10.49,1.76
5243.TW,P12_多頭回檔,35,62.86,6.94,-11.57,1.76
2492.TW,P11_多頭排列紅K,23,56.52,-2.65,-17.26,1.76
2417.TW,P03_均線支撐放量,23,56.52,-1.46,-12.62,1.76
2910.TW,P09_量縮後爆量紅K,23,56.52,-1.59,-10.95,1.76
8367.TW,P02_量增紅K,17,52.94,9.54,-8.91,1.76
2442.TW,P11_多頭排列紅K,54,72.22,5.11,-9.26,1.75
2414.TW,P04_長下影線放量,34,67.65,5.94,-3.42,1.75
2211.TW,P08_黃金交叉量增,11,63.64,6.74,-10.7,1.75
3167.TW,P04_長下影線放量,40,55.0,8.91,-12.78,1.75
1609.TW,P01_量縮價穩,50,52.0,9.83,-9.91,1.75
1475.TW,P06_價量背離,107,46.73,11.73,-17.22,1.75
1325.TW,P04_長下影線放量,42,35.71,17.49,-10.92,1.75
6155.TW,P06_價量背離,82,68.29,5.79,-9.33,1.74
2364.TW,P10_組合訊號,48,64.58,6.54,-20.01,1.74
2324.TW,P07_RSI超賣量縮,31,64.52,6.54,-6.57,1.74
4916.TW,P06_價量背離,58,60.34,7.48,-12.13,1.74
6715.TW,P05_連跌反轉紅K,29,58.62,7.91,-14.49,1.74
9910.TW,P11_多頭排列紅K,55,56.36,-0.33,-10.28,1.74
9914.TW,P04_長下影線放量,55,56.36,-1.01,-14.34,1.74
6205.TW,P01_量縮價穩,108,52.78,9.57,-13.16,1.74
4566.TW,P11_多頭排列紅K,29,51.72,9.89,-10.1,1.74
5521.TW,P03_均線支撐放量,46,50.0,10.48,-6.47,1.74
1736.TW,P01_量縮價穩,71,74.65,4.7,-11.82,1.73
1529.TW,P01_量縮價穩,139,73.38,4.9,-12.88,1.73
3015.TW,P01_量縮價穩,115,69.57,5.55,-6.75,1.73
2357.TW,P10_組合訊號,46,67.39,5.95,-7.74,1.73
1319.TW,P03_均線支撐放量,30,63.33,6.79,-8.17,1.73
6770.TW,P01_量縮價穩,45,55.56,8.71,-12.07,1.73
1522.TW,P09_量縮後爆量紅K,10,70.0,5.46,-9.8,1.72
3031.TW,P07_RSI超賣量縮,51,68.63,5.7,-12.12,1.72
3015.TW,P12_多頭回檔,54,64.81,6.46,-6.43,1.72
1529.TW,P02_量增紅K,35,62.86,6.87,-14.31,1.72
3056.TW,P05_連跌反轉紅K,37,59.46,7.67,-7.9,1.72
9914.TW,P02_量增紅K,16,56.25,-1.38,-14.42,1.72
3645.TW,P09_量縮後爆量紅K,16,56.25,-0.52,-15.64,1.72
2405.TW,P11_多頭排列紅K,32,56.25,-1.68,-14.28,1.72
2509.TW,P02_量增紅K,32,56.25,-0.3,-7.94,1.72
8454.TW,P09_量縮後爆量紅K,2,50.0,10.44,-7.83,1.72
2812.TW,P06_價量背離,78,66.67,6.07,-3.49,1.71
5607.TW,P11_多頭排列紅K,59,64.41,6.52,-8.34,1.71
2538.TW,P01_量縮價穩,153,56.21,-0.29,-8.38,1.71
5244.TW,P03_均線支撐放量,24,54.17,9.09,-12.17,1.71
2455.TW,P09_量縮後爆量紅K,5,100.0,1.7,-14.45,1.7
1529.TW,P07_RSI超賣量縮,71,76.06,4.43,-13.43,1.7
1342.TW,P11_多頭排列紅K,24,75.0,4.6,-10.72,1.7
3022.TW,P07_RSI超賣量縮,52,65.38,6.31,-9.72,1.7
1528.TW,P09_量縮後爆量紅K,8,62.5,6.92,-11.03,1.7
6196.TW,P10_組合訊號,40,60.0,7.5,-11.11,1.7
6282.TW,P11_多頭排列紅K,35,54.29,9.03,-10.98,1.7
2439.TW,P07_RSI超賣量縮,41,80.49,3.79,-6.31,1.69
2357.TW,P05_連跌反轉紅K,31,70.97,5.25,-8.83,1.69
3563.TW,P05_連跌反轉紅K,37,70.27,5.37,-15.38,1.69
6239.TW,P08_黃金交叉量增,6,66.67,6.03,-8.24,1.69
3051.TW,P01_量縮價穩,117,65.81,6.2,-14.22,1.69
3042.TW,P05_連跌反轉紅K,20,65.0,6.36,-7.02,1.69
3557.TW,P05_連跌反轉紅K,25,64.0,6.57,-9.87,1.69
2855.TW,P11_多頭排列紅K,64,62.5,6.9,-6.71,1.69
3447.TW,P08_黃金交叉量增,11,54.55,8.94,-15.9,1.69
2615.TW,P05_連跌反轉紅K,28,53.57,9.23,-15.41,1.69
6209.TW,P10_組合訊號,32,50.0,10.38,-11.23,1.69
4916.TW,P08_黃金交叉量增,9,66.67,6.02,-9.29,1.68
3090.TW,P06_價量背離,74,66.22,6.1,-5.66,1.68
2890.TW,P04_長下影線放量,72,65.28,6.3,-5.57,1.68
2363.TW,P06_價量背離,58,62.07,6.99,-10.71,1.68
2722.TW,P05_連跌反轉紅K,29,62.07,6.99,-14.06,1.68
9105.TW,P06_價量背離,82,59.76,7.53,-4.96,1.68
1603.TW,P10_組合訊號,52,59.62,7.56,-6.52,1.68
3346.TW,P02_量增紅K,25,56.0,-2.12,-16.66,1.68
1108.TW,P05_連跌反轉紅K,27,51.85,9.73,-6.41,1.68
2739.TW,P08_黃金交叉量增,8,50.0,10.35,-9.87,1.68
6890.TW,P04_長下影線放量,4,75.0,4.56,-8.7,1.67
3021.TW,P05_連跌反轉紅K,22,72.73,4.92,-9.08,1.67
3296.TW,P04_長下影線放量,91,60.44,7.34,-10.93,1.67
8210.TW,P03_均線支撐放量,31,58.06,7.93,-12.86,1.67
3013.TW,P03_均線支撐放量,36,77.78,4.14,-7.49,1.66
8411.TW,P08_黃金交叉量增,15,73.33,4.81,-5.43,1.66
6937.TW,P05_連跌反轉紅K,19,68.42,5.66,-14.59,1.66
2454.TW,P11_多頭排列紅K,53,66.04,6.12,-11.5,1.66
2353.TW,P11_多頭排列紅K,41,63.41,6.65,-8.74,1.66
8374.TW,P05_連跌反轉紅K,27,62.96,6.75,-10.16,1.66
2425.TW,P05_連跌反轉紅K,21,61.9,6.99,-12.76,1.66
6205.TW,P10_組合訊號,45,60.0,7.44,-12.1,1.66
3701.TW,P10_組合訊號,35,57.14,8.15,-7.67,1.66
2014.TW,P06_價量背離,85,52.94,9.36,-11.46,1.66
5469.TW,P09_量縮後爆量紅K,8,87.5,2.88,-12.21,1.65
6695.TW,P10_組合訊號,40,72.5,4.93,-14.54,1.65
5258.TW,P11_多頭排列紅K,47,65.96,6.11,-16.16,1.65
1713.TW,P05_連跌反轉紅K,23,65.22,6.26,-5.47,1.65
1442.TW,P04_長下影線放量,65,63.08,6.71,-8.91,1.65
6285.TW,P12_多頭回檔,43,55.81,-0.35,-10.12,1.65
8215.TW,P09_量縮後爆量紅K,11,72.73,4.88,-10.41,1.64
6278.TW,P05_連跌反轉紅K,24,70.83,5.2,-17.02,1.64
2034.TW,P02_量增紅K,20,70.0,5.34,-10.0,1.64
6239.TW,P03_均線支撐放量,33,66.67,5.96,-8.63,1.64
3209.TW,P04_長下影線放量,22,63.64,6.58,-8.92,1.64
5533.TW,P09_量縮後爆量紅K,11,63.64,6.58,-3.44,1.64
3515.TW,P01_量縮價穩,79,63.29,6.65,-14.34,1.64
2314.TW,P11_多頭排列紅K,52,55.77,-4.49,-21.14,1.64
4142.TW,P06_價量背離,113,55.75,-0.93,-9.85,1.64
2538.TW,P10_組合訊號,70,55.71,-0.92,-9.86,1.64
4935.TW,P04_長下影線放量,35,54.29,8.91,-9.37,1.64
2630.TW,P11_多頭排列紅K,46,52.17,9.55,-8.61,1.64
2020.TW,P07_RSI超賣量縮,50,70.0,5.33,-7.4,1.63
2440.TW,P07_RSI超賣量縮,103,66.99,5.88,-12.26,1.63
6282.TW,P10_組合訊號,27,66.67,5.95,-9.77,1.63
2472.TW,P03_均線支撐放量,26,65.38,6.2,-9.09,1.63
5525.TW,P02_量增紅K,16,62.5,6.81,-3.92,1.63
6177.TW,P03_均線支撐放量,51,58.82,7.68,-4.86,1.63
5388.TW,P07_RSI超賣量縮,37,56.76,8.2,-5.95,1.63
1225.TW,P07_RSI超賣量縮,97,55.67,-4.54,-15.72,1.63
6283.TW,P06_價量背離,106,55.66,-2.36,-15.19,1.63
4919.TW,P04_長下影線放量,19,73.68,4.69,-13.03,1.62
2454.TW,P12_多頭回檔,36,72.22,4.94,-13.2,1.62
2905.TW,P08_黃金交叉量增,3,66.67,5.93,-6.65,1.62
2441.TW,P11_多頭排列紅K,44,59.09,7.59,-6.29,1.62
2892.TW,P07_RSI超賣量縮,17,70.59,5.2,-3.99,1.61
8046.TW,P11_多頭排列紅K,61,67.21,5.81,-19.45,1.61
2838.TW,P07_RSI超賣量縮,43,65.12,6.22,-4.38,1.61
4956.TW,P01_量縮價穩,96,61.46,7.01,-11.85,1.61
6885.TW,P10_組合訊號,7,57.14,8.07,-13.92,1.61
910322.TW,P09_量縮後爆量紅K,36,55.56,-1.17,-9.71,1.61
2409.TW,P04_長下影線放量,36,55.56,-3.97,-14.2,1.61
1476.TW,P09_量縮後爆量紅K,9,55.56,-9.69,-14.11,1.61
6257.TW,P09_量縮後爆量紅K,9,55.56,-2.2,-15.07,1.61
1319.TW,P05_連跌反轉紅K,18,55.56,-0.83,-10.99,1.61
6890.TW,P01_量縮價穩,9,55.56,-3.17,-17.09,1.61
4919.TW,P08_黃金交叉量增,9,55.56,-1.37,-14.89,1.61
6806.TW,P12_多頭回檔,9,55.56,-1.01,-14.61,1.61
2436.TW,P02_量增紅K,27,55.56,-0.41,-15.47,1.61
2436.TW,P09_量縮後爆量紅K,9,55.56,-1.93,-15.76,1.61
3545.TW,P07_RSI超賣量縮,63,55.56,-2.79,-15.28,1.61
8261.TW,P08_黃金交叉量增,18,55.56,-2.02,-15.79,1.61
6153.TW,P10_組合訊號,36,55.56,-5.32,-14.46,1.61
6715.TW,P09_量縮後爆量紅K,9,55.56,-4.28,-19.5,1.61
2505.TW,P08_黃金交叉量增,9,55.56,-0.08,-15.01,1.61
6168.TW,P02_量增紅K,45,55.56,-1.21,-12.9,1.61
6168.TW,P08_黃金交叉量增,9,55.56,-5.27,-15.76,1.61
6668.TW,P04_長下影線放量,18,55.56,-4.31,-19.6,1.61
1473.TW,P09_量縮後爆量紅K,9,55.56,-0.81,-8.49,1.61
4562.TW,P08_黃金交叉量增,9,55.56,-8.94,-14.03,1.61
3040.TW,P09_量縮後爆量紅K,9,55.56,-0.06,-9.74,1.61
8162.TW,P04_長下影線放量,18,55.56,-0.8,-14.84,1.61
6906.TW,P04_長下影線放量,9,55.56,-8.28,-19.46,1.61
2032.TW,P02_量增紅K,27,55.56,-2.5,-10.17,1.61
3518.TW,P03_均線支撐放量,18,55.56,-3.11,-17.25,1.61
6491.TW,P06_價量背離,46,69.57,5.36,-11.82,1.6
6196.TW,P12_多頭回檔,36,69.44,5.38,-11.47,1.6
4576.TW,P05_連跌反轉紅K,25,56.0,8.36,-10.22,1.6
6541.TW,P01_量縮價穩,119,55.46,-1.51,-17.71,1.6
2351.TW,P04_長下影線放量,33,81.82,3.5,-11.89,1.59
2542.TW,P08_黃金交叉量增,7,71.43,5.03,-3.34,1.59
2889.TW,P05_連跌反轉紅K,19,68.42,5.56,-4.9,1.59
2413.TW,P07_RSI超賣量縮,74,55.41,-1.93,-12.25,1.59
6133.TW,P10_組合訊號,60,50.0,10.19,-7.32,1.59
1325.TW,P10_組合訊號,53,45.28,11.96,-6.73,1.59
2497.TW,P09_量縮後爆量紅K,9,66.67,5.86,-14.67,1.58
2415.TW,P02_量增紅K,27,59.26,7.48,-15.24,1.58
3708.TW,P02_量增紅K,19,57.89,7.82,-14.52,1.58
2417.TW,P05_連跌反轉紅K,26,57.69,7.87,-12.02,1.58
1533.TW,P01_量縮價穩,130,55.38,-0.58,-12.34,1.58
6415.TW,P03_均線支撐放量,20,75.0,4.42,-16.54,1.57
7711.TW,P05_連跌反轉紅K,8,75.0,4.42,-20.92,1.57
6585.TW,P04_長下影線放量,36,69.44,5.34,-9.02,1.57
2015.TW,P05_連跌反轉紅K,25,64.0,6.4,-5.27,1.57
2377.TW,P11_多頭排列紅K,56,62.5,6.72,-9.98,1.57
6854.TW,P01_量縮價穩,85,62.35,6.75,-13.37,1.57
2303.TW,P10_組合訊號,42,61.9,6.85,-7.81,1.57
6655.TW,P12_多頭回檔,69,60.87,7.08,-6.83,1.57
4746.TW,P01_量縮價穩,66,60.61,7.14,-11.16,1.57
1789.TW,P05_連跌反轉紅K,25,60.0,7.28,-6.04,1.57
1417.TW,P08_黃金交叉量增,15,46.67,11.36,-7.88,1.57
3209.TW,P01_量縮價穩,121,67.77,5.62,-6.91,1.56
6257.TW,P12_多頭回檔,38,60.53,7.14,-8.52,1.56
2406.TW,P02_量增紅K,40,60.0,7.27,-19.01,1.56
9802.TW,P06_價量背離,37,59.46,7.39,-12.16,1.56
4976.TW,P05_連跌反轉紅K,39,66.67,5.82,-17.69,1.55
6695.TW,P11_多頭排列紅K,34,61.76,6.84,-14.19,1.55
1615.TW,P04_長下影線放量,43,60.47,7.15,-5.85,1.55
6449.TW,P06_價量背離,45,60.0,7.24,-8.27,1.55
2351.TW,P12_多頭回檔,29,55.17,-0.69,-14.7,1.55
2401.TW,P05_連跌反轉紅K,29,55.17,-0.38,-15.97,1.55
1225.TW,P05_連跌反轉紅K,29,55.17,-5.32,-18.85,1.55
4439.TW,P02_量增紅K,29,55.17,-0.31,-7.9,1.55
2038.TW,P04_長下影線放量,29,55.17,-1.12,-12.21,1.55
1721.TW,P03_均線支撐放量,70,54.29,8.76,-7.35,1.55
1727.TW,P11_多頭排列紅K,46,43.48,12.67,-12.07,1.55
3056.TW,P09_量縮後爆量紅K,7,71.43,4.96,-9.9,1.54
1710.TW,P07_RSI超賣量縮,78,55.13,-0.26,-10.56,1.54
1101.TW,P06_價量背離,98,55.1,-1.17,-7.62,1.54
6591.TW,P01_量縮價穩,86,74.42,4.46,-10.36,1.53
6183.TW,P07_RSI超賣量縮,37,67.57,5.63,-3.97,1.53
5484.TW,P11_多頭排列紅K,61,65.57,6.01,-13.27,1.53
2385.TW,P12_多頭回檔,59,62.71,6.61,-7.05,1.53
1514.TW,P03_均線支撐放量,29,62.07,6.74,-9.46,1.53
2707.TW,P11_多頭排列紅K,39,61.54,6.86,-7.64,1.53
2603.TW,P09_量縮後爆量紅K,5,60.0,7.22,-8.37,1.53
2457.TW,P06_價量背離,60,55.0,-0.88,-14.69,1.53
2485.TW,P10_組合訊號,40,55.0,-2.12,-12.32,1.53
6914.TW,P06_價量背離,20,55.0,-0.03,-9.46,1.53
4119.TW,P12_多頭回檔,40,55.0,-0.14,-7.67,1.53
3530.TW,P01_量縮價穩,80,55.0,-0.19,-15.73,1.53
6861.TW,P02_量增紅K,20,55.0,-4.89,-20.43,1.53
6558.TW,P12_多頭回檔,20,55.0,-2.55,-16.07,1.53
1533.TW,P03_均線支撐放量,40,55.0,-6.31,-17.26,1.53
7732.TW,P02_量增紅K,20,55.0,-1.28,-9.51,1.53
5215.TW,P02_量增紅K,20,55.0,-2.93,-15.41,1.53
6906.TW,P06_價量背離,20,55.0,-7.66,-20.42,1.53
6770.TW,P07_RSI超賣量縮,45,53.33,9.0,-14.48,1.53
2414.TW,P05_連跌反轉紅K,22,68.18,5.5,-3.24,1.52
9802.TW,P01_量縮價穩,91,68.13,5.5,-11.34,1.52
1308.TW,P05_連跌反轉紅K,27,66.67,5.78,-7.81,1.52
1714.TW,P07_RSI超賣量縮,43,65.12,6.09,-5.12,1.52
1720.TW,P07_RSI超賣量縮,25,60.0,7.2,-4.44,1.52
7799.TW,P05_連跌反轉紅K,7,42.86,12.88,-25.85,1.52
2436.TW,P06_價量背離,54,68.52,5.42,-10.61,1.51
6477.TW,P01_量縮價穩,103,66.99,5.71,-12.54,1.51
2520.TW,P11_多頭排列紅K,48,64.58,6.18,-8.27,1.51
1522.TW,P10_組合訊號,39,61.54,6.83,-9.16,1.51
9910.TW,P03_均線支撐放量,71,54.93,-0.81,-11.23,1.51
2429.TW,P05_連跌反轉紅K,51,54.9,-0.24,-14.71,1.51
2357.TW,P02_量增紅K,8,75.0,4.33,-8.79,1.5
5222.TW,P06_價量背離,58,60.34,7.08,-11.17,1.5
1907.TW,P05_連跌反轉紅K,31,54.84,-0.06,-10.26,1.5
9938.TW,P11_多頭排列紅K,31,54.84,-4.24,-14.08,1.5
3041.TW,P04_長下影線放量,31,54.84,-0.02,-17.44,1.5
3419.TW,P02_量增紅K,31,54.84,-5.33,-17.09,1.5
1608.TW,P06_價量背離,76,52.63,9.14,-11.73,1.5
8070.TW,P10_組合訊號,47,70.21,5.09,-8.16,1.49
5244.TW,P04_長下影線放量,23,69.57,5.2,-9.83,1.49
1587.TW,P05_連跌反轉紅K,26,69.23,5.27,-12.87,1.49
1210.TW,P12_多頭回檔,54,68.52,5.4,-4.67,1.49
1108.TW,P02_量增紅K,25,68.0,5.49,-8.06,1.49
3016.TW,P11_多頭排列紅K,41,65.85,5.89,-14.42,1.49
2546.TW,P11_多頭排列紅K,65,64.62,6.14,-5.62,1.49
3168.TW,P01_量縮價穩,289,62.63,6.56,-7.25,1.49
5515.TW,P04_長下影線放量,52,61.54,6.8,-5.98,1.49
1717.TW,P01_量縮價穩,90,58.89,7.42,-6.51,1.49
5285.TW,P07_RSI超賣量縮,99,57.58,7.74,-11.14,1.49
9934.TW,P12_多頭回檔,42,54.76,-1.29,-11.39,1.49
3060.TW,P03_均線支撐放量,21,80.95,3.48,-7.49,1.48
2338.TW,P07_RSI超賣量縮,41,73.17,4.59,-10.93,1.48
2324.TW,P04_長下影線放量,58,68.97,5.29,-5.74,1.48
6670.TW,P10_組合訊號,51,64.71,6.1,-5.9,1.48
2851.TW,P03_均線支撐放量,92,64.13,6.23,-4.11,1.48
2915.TW,P10_組合訊號,53,54.72,-0.42,-9.12,1.48
4564.TW,P07_RSI超賣量縮,64,54.69,-1.89,-12.52,1.48
6753.TW,P02_量增紅K,24,54.17,8.65,-10.73,1.48
2923.TW,P01_量縮價穩,239,76.15,4.12,-8.41,1.47
3004.TW,P05_連跌反轉紅K,24,70.83,4.95,-9.52,1.47
6689.TW,P03_均線支撐放量,33,69.7,5.15,-11.36,1.47
2493.TW,P08_黃金交叉量增,6,66.67,5.71,-7.47,1.47
2204.TW,P11_多頭排列紅K,56,66.07,5.82,-11.36,1.47
2331.TW,P07_RSI超賣量縮,56,66.07,5.81,-11.32,1.47
2449.TW,P06_價量背離,23,65.22,5.99,-11.37,1.47
3050.TW,P11_多頭排列紅K,50,64.0,6.24,-9.74,1.47
2405.TW,P08_黃金交叉量增,16,62.5,6.55,-10.22,1.47
1304.TW,P08_黃金交叉量增,7,57.14,7.82,-9.8,1.47
6257.TW,P10_組合訊號,28,67.86,5.47,-6.99,1.46
6183.TW,P02_量增紅K,18,66.67,5.68,-3.31,1.46
6477.TW,P06_價量背離,58,65.52,5.92,-11.98,1.46
2408.TW,P07_RSI超賣量縮,44,61.36,6.78,-16.9,1.46
2515.TW,P04_長下影線放量,33,60.61,6.95,-8.38,1.46
7791.TW,P02_量增紅K,9,55.56,8.23,-4.82,1.46
3706.TW,P01_量縮價穩,87,55.17,8.33,-8.9,1.46
5521.TW,P01_量縮價穩,118,52.54,9.1,-9.86,1.46
1609.TW,P07_RSI超賣量縮,49,73.47,4.51,-14.2,1.45
6239.TW,P11_多頭排列紅K,63,69.84,5.09,-9.82,1.45
5283.TW,P05_連跌反轉紅K,13,69.23,5.2,-4.82,1.45
3257.TW,P01_量縮價穩,120,60.83,6.9,-11.36,1.45
8249.TW,P08_黃金交叉量增,5,60.0,7.08,-8.89,1.45
1475.TW,P05_連跌反轉紅K,42,57.14,7.78,-13.45,1.45
2328.TW,P09_量縮後爆量紅K,11,54.55,-1.23,-13.3,1.45
2355.TW,P04_長下影線放量,22,54.55,-1.34,-13.69,1.45
6901.TW,P04_長下影線放量,11,54.55,-12.45,-17.64,1.45
6153.TW,P12_多頭回檔,22,54.55,-3.29,-15.05,1.45
8163.TW,P11_多頭排列紅K,44,54.55,-0.93,-11.28,1.45
1217.TW,P02_量增紅K,22,54.55,-1.36,-8.84,1.45
2484.TW,P12_多頭回檔,44,54.55,-1.02,-11.53,1.45
6931.TW,P06_價量背離,22,54.55,-1.12,-12.54,1.45
2239.TW,P09_量縮後爆量紅K,11,54.55,-10.36,-22.02,1.45
6283.TW,P11_多頭排列紅K,33,54.55,-6.87,-16.21,1.45
6792.TW,P05_連跌反轉紅K,22,54.55,-0.45,-13.52,1.45
2032.TW,P08_黃金交叉量增,11,54.55,-2.02,-11.55,1.45
6890.TW,P11_多頭排列紅K,8,100.0,1.44,-14.87,1.44
2495.TW,P10_組合訊號,51,64.71,6.05,-9.24,1.44
2610.TW,P02_量增紅K,17,58.82,7.36,-9.27,1.44
2408.TW,P12_多頭回檔,38,55.26,8.28,-14.5,1.44
6582.TW,P08_黃金交叉量增,13,53.85,8.67,-14.62,1.44
8499.TW,P09_量縮後爆量紅K,8,75.0,4.24,-6.37,1.43
5284.TW,P10_組合訊號,69,71.01,4.87,-8.95,1.43
3708.TW,P06_價量背離,51,68.63,5.28,-12.89,1.43
2548.TW,P04_長下影線放量,66,60.61,6.91,-4.04,1.43
910322.TW,P02_量增紅K,57,54.39,-1.96,-10.91,1.43
4439.TW,P12_多頭回檔,57,54.39,-0.09,-7.41,1.43
6278.TW,P01_量縮價穩,55,72.73,4.57,-9.91,1.42
6782.TW,P06_價量背離,43,62.79,6.41,-16.7,1.42
1256.TW,P04_長下影線放量,39,61.54,6.68,-10.68,1.42
6691.TW,P10_組合訊號,44,61.36,6.72,-9.86,1.42
5243.TW,P10_組合訊號,36,61.11,6.77,-10.48,1.42
3679.TW,P02_量增紅K,21,47.62,10.68,-7.5,1.42
2617.TW,P12_多頭回檔,32,75.0,4.21,-7.24,1.41
5244.TW,P12_多頭回檔,35,65.71,5.79,-9.09,1.41
8045.TW,P10_組合訊號,42,61.9,6.59,-8.26,1.41
8045.TW,P12_多頭回檔,44,61.36,6.7,-13.93,1.41
3312.TW,P11_多頭排列紅K,35,60.0,7.02,-11.29,1.41
2504.TW,P03_均線支撐放量,35,54.29,-1.49,-11.18,1.41
3530.TW,P11_多頭排列紅K,35,54.29,-5.18,-17.77,1.41
2462.TW,P05_連跌反轉紅K,35,54.29,-0.71,-11.62,1.41
3296.TW,P05_連跌反轉紅K,35,54.29,-0.74,-14.38,1.41
4960.TW,P11_多頭排列紅K,59,54.24,-2.99,-12.7,1.41
9110.TW,P01_量縮價穩,315,44.76,11.79,-10.95,1.41
2377.TW,P06_價量背離,26,80.77,3.41,-10.85,1.4
2428.TW,P07_RSI超賣量縮,35,71.43,4.75,-10.62,1.4
6782.TW,P07_RSI超賣量縮,58,68.97,5.18,-16.51,1.4
3530.TW,P05_連跌反轉紅K,37,64.86,5.95,-11.8,1.4
2539.TW,P05_連跌反轉紅K,23,60.87,6.8,-4.76,1.4
2007.TW,P04_長下影線放量,49,57.14,7.7,-11.93,1.4
2481.TW,P03_均線支撐放量,24,54.17,-3.6,-19.87,1.4
6689.TW,P10_組合訊號,24,54.17,-3.29,-14.3,1.4
8222.TW,P12_多頭回檔,24,54.17,-2.87,-8.78,1.4
1589.TW,P12_多頭回檔,24,54.17,-2.01,-13.0,1.4
1540.TW,P05_連跌反轉紅K,24,54.17,-2.73,-13.01,1.4
2524.TW,P09_量縮後爆量紅K,19,63.16,6.29,-6.89,1.39
6117.TW,P03_均線支撐放量,43,60.47,6.88,-10.24,1.39
2020.TW,P10_組合訊號,58,56.9,7.74,-5.4,1.39
2241.TW,P04_長下影線放量,61,54.1,-2.52,-13.15,1.39
1235.TW,P09_量縮後爆量紅K,38,52.63,8.94,-4.9,1.39
9110.TW,P08_黃金交叉量增,10,50.0,9.79,-12.05,1.39
1325.TW,P11_多頭排列紅K,41,34.15,17.57,-15.17,1.39
2357.TW,P04_長下影線放量,55,65.45,5.8,-9.35,1.38
6431.TW,P12_多頭回檔,57,61.4,6.65,-11.87,1.38
1725.TW,P01_量縮價穩,186,56.99,7.7,-9.75,1.38
1313.TW,P04_長下影線放量,37,54.05,-0.2,-12.11,1.38
2233.TW,P04_長下影線放量,37,54.05,-1.53,-14.57,1.38
4148.TW,P11_多頭排列紅K,37,54.05,-0.15,-13.14,1.38
1736.TW,P07_RSI超賣量縮,36,77.78,3.76,-13.53,1.37
2467.TW,P04_長下影線放量,16,62.5,6.39,-11.52,1.37
5607.TW,P12_多頭回檔,42,59.52,7.06,-10.34,1.37
4564.TW,P04_長下影線放量,45,55.56,8.07,-12.51,1.37
2308.TW,P12_多頭回檔,40,50.0,9.73,-9.32,1.37
8103.TW,P08_黃金交叉量增,9,77.78,3.75,-6.34,1.36
3437.TW,P11_多頭排列紅K,31,67.74,5.34,-14.65,1.36
2455.TW,P01_量縮價穩,53,66.04,5.66,-15.58,1.36
3010.TW,P01_量縮價穩,105,65.71,5.73,-6.29,1.36
8463.TW,P10_組合訊號,57,64.91,5.88,-8.68,1.36
3530.TW,P03_均線支撐放量,22,63.64,6.13,-14.79,1.36
6213.TW,P02_量增紅K,23,60.87,6.73,-11.39,1.36
2486.TW,P12_多頭回檔,26,57.69,7.48,-17.07,1.36
5484.TW,P09_量縮後爆量紅K,33,57.58,7.52,-12.96,1.36
6139.TW,P03_均線支撐放量,25,44.0,12.0,-8.66,1.36
3532.TW,P10_組合訊號,27,81.48,3.25,-13.05,1.35
4960.TW,P06_價量背離,60,73.33,4.39,-10.84,1.35
1712.TW,P04_長下影線放量,36,66.67,5.53,-3.7,1.35
6197.TW,P09_量縮後爆量紅K,9,66.67,5.52,-10.85,1.35
1608.TW,P12_多頭回檔,34,64.71,5.9,-12.04,1.35
1725.TW,P10_組合訊號,78,61.54,6.57,-7.13,1.35
6285.TW,P10_組合訊號,39,53.85,-1.07,-12.53,1.35
6412.TW,P02_量增紅K,26,53.85,-1.14,-9.98,1.35
2204.TW,P10_組合訊號,52,53.85,-2.38,-12.38,1.35
4961.TW,P03_均線支撐放量,26,53.85,-2.49,-16.21,1.35
1442.TW,P08_黃金交叉量增,13,53.85,-2.54,-11.03,1.35
8215.TW,P04_長下影線放量,26,53.85,-1.48,-10.88,1.35
1527.TW,P02_量增紅K,13,53.85,-0.58,-11.01,1.35
6657.TW,P12_多頭回檔,13,53.85,-3.07,-15.59,1.35
4564.TW,P09_量縮後爆量紅K,13,53.85,-3.1,-15.63,1.35
1598.TW,P10_組合訊號,52,53.85,-2.7,-11.27,1.35
6952.TW,P07_RSI超賣量縮,39,53.85,-2.24,-10.08,1.35
2461.TW,P11_多頭排列紅K,39,53.85,-1.05,-11.82,1.35
6902.TW,P05_連跌反轉紅K,13,53.85,-1.06,-16.16,1.35
7721.TW,P11_多頭排列紅K,13,53.85,-7.53,-17.1,1.35
3092.TW,P10_組合訊號,39,53.85,-3.89,-14.14,1.35
3652.TW,P09_量縮後爆量紅K,13,53.85,-4.08,-16.54,1.35
2302.TW,P11_多頭排列紅K,45,48.89,10.07,-14.97,1.35
2401.TW,P07_RSI超賣量縮,53,71.7,4.63,-11.84,1.34
2462.TW,P07_RSI超賣量縮,80,71.25,4.71,-9.4,1.34
1809.TW,P01_量縮價穩,110,69.09,5.07,-11.15,1.34
2377.TW,P04_長下影線放量,45,66.67,5.51,-11.13,1.34
5706.TW,P01_量縮價穩,101,66.34,5.57,-11.45,1.34
1907.TW,P12_多頭回檔,47,63.83,6.06,-6.63,1.34
8454.TW,P05_連跌反轉紅K,28,53.57,8.57,-10.4,1.34
4934.TW,P09_量縮後爆量紅K,9,77.78,3.71,-24.28,1.33
6166.TW,P04_長下影線放量,40,67.5,5.34,-9.37,1.33
2354.TW,P05_連跌反轉紅K,33,66.67,5.5,-7.62,1.33
2493.TW,P06_價量背離,92,60.87,6.69,-6.66,1.33
4722.TW,P01_量縮價穩,172,60.47,6.78,-5.2,1.33
2603.TW,P05_連跌反轉紅K,19,57.89,7.38,-11.94,1.33
4722.TW,P04_長下影線放量,81,55.56,7.99,-5.73,1.33
2385.TW,P09_量縮後爆量紅K,4,50.0,9.66,-5.7,1.33
5215.TW,P12_多頭回檔,42,47.62,10.49,-9.87,1.33
3532.TW,P08_黃金交叉量增,7,85.71,2.71,-9.8,1.32
6257.TW,P11_多頭排列紅K,46,69.57,4.96,-8.19,1.32
2328.TW,P10_組合訊號,35,68.57,5.14,-7.38,1.32
2890.TW,P01_量縮價穩,72,68.06,5.23,-5.37,1.32
4977.TW,P04_長下影線放量,30,66.67,5.48,-11.34,1.32
910322.TW,P10_組合訊號,42,64.29,5.94,-7.87,1.32
6525.TW,P05_連跌反轉紅K,29,62.07,6.4,-8.15,1.32
2707.TW,P04_長下影線放量,44,61.36,6.56,-8.36,1.32
3447.TW,P07_RSI超賣量縮,54,53.7,-1.47,-11.8,1.32
2424.TW,P09_量縮後爆量紅K,41,53.66,-3.6,-16.58,1.32
3008.TW,P04_長下影線放量,30,66.67,5.47,-11.72,1.31
3050.TW,P01_量縮價穩,121,61.16,6.59,-7.72,1.31
4414.TW,P06_價量背離,69,53.62,-4.52,-14.15,1.31
9919.TW,P03_均線支撐放量,50,52.0,8.99,-7.19,1.31
6197.TW,P02_量增紅K,23,73.91,4.23,-12.72,1.3
2228.TW,P05_連跌反轉紅K,21,71.43,4.62,-12.02,1.3
3416.TW,P07_RSI超賣量縮,44,70.45,4.78,-7.58,1.3
2885.TW,P03_均線支撐放量,103,67.96,5.21,-5.62,1.3
5215.TW,P03_均線支撐放量,31,67.74,5.25,-9.56,1.3
4919.TW,P05_連跌反轉紅K,27,62.96,6.18,-12.5,1.3
8150.TW,P05_連跌反轉紅K,33,60.61,6.69,-11.73,1.3
3019.TW,P12_多頭回檔,28,53.57,-0.19,-14.65,1.3
3059.TW,P12_多頭回檔,28,53.57,-1.05,-13.28,1.3
8215.TW,P12_多頭回檔,28,53.57,-0.33,-13.64,1.3
6834.TW,P10_組合訊號,28,53.57,-0.54,-10.88,1.3
1466.TW,P11_多頭排列紅K,28,53.57,-1.16,-14.83,1.3
1313.TW,P07_RSI超賣量縮,61,52.46,8.82,-12.49,1.3
6669.TW,P11_多頭排列紅K,57,75.44,3.99,-14.79,1.29
3673.TW,P05_連跌反轉紅K,29,68.97,5.02,-10.1,1.29
3563.TW,P12_多頭回檔,35,65.71,5.62,-14.79,1.29
2855.TW,P10_組合訊號,52,59.62,6.9,-7.94,1.29
5515.TW,P06_價量背離,123,56.91,7.57,-5.57,1.29
2612.TW,P10_組合訊號,43,53.49,-1.23,-13.74,1.29
3550.TW,P11_多頭排列紅K,43,53.49,-0.48,-12.21,1.29
6605.TW,P09_量縮後爆量紅K,6,100.0,1.28,-9.15,1.28
4551.TW,P11_多頭排列紅K,34,67.65,5.25,-14.0,1.28
6405.TW,P10_組合訊號,60,66.67,5.42,-7.45,1.28
2388.TW,P02_量增紅K,17,64.71,5.8,-15.44,1.28
2539.TW,P06_價量背離,122,55.74,7.85,-2.72,1.28
2453.TW,P11_多頭排列紅K,50,54.0,8.33,-10.99,1.28
1725.TW,P07_RSI超賣量縮,73,53.42,-2.29,-12.47,1.28
3715.TW,P06_價量背離,20,40.0,13.69,-15.71,1.28
1439.TW,P08_黃金交叉量增,10,80.0,3.33,-6.09,1.27
2211.TW,P04_長下影線放量,31,67.74,5.21,-9.61,1.27
2838.TW,P06_價量背離,109,66.06,5.52,-3.65,1.27
9105.TW,P04_長下影線放量,26,61.54,6.44,-9.48,1.27
6854.TW,P11_多頭排列紅K,29,58.62,7.1,-17.13,1.27
1513.TW,P12_多頭回檔,42,54.76,8.09,-9.7,1.27
3481.TW,P03_均線支撐放量,30,53.33,-3.55,-16.79,1.27
6278.TW,P11_多頭排列紅K,45,53.33,-0.85,-13.04,1.27
2323.TW,P12_多頭回檔,15,53.33,-0.02,-10.47,1.27
4137.TW,P04_長下影線放量,30,53.33,-0.5,-8.81,1.27
6120.TW,P11_多頭排列紅K,30,53.33,-2.39,-16.19,1.27
6722.TW,P11_多頭排列紅K,30,53.33,-3.2,-9.04,1.27
8104.TW,P11_多頭排列紅K,30,53.33,-4.01,-17.78,1.27
6952.TW,P02_量增紅K,15,53.33,-4.95,-10.97,1.27
6835.TW,P05_連跌反轉紅K,15,53.33,-1.76,-10.8,1.27
7721.TW,P10_組合訊號,15,53.33,-0.86,-15.68,1.27
3092.TW,P11_多頭排列紅K,30,53.33,-6.42,-18.07,1.27
1587.TW,P10_組合訊號,66,45.45,11.19,-9.57,1.27
5706.TW,P04_長下影線放量,31,70.97,4.64,-11.76,1.26
6768.TW,P01_量縮價穩,118,61.86,6.35,-6.54,1.26
2301.TW,P03_均線支撐放量,70,61.43,6.45,-6.99,1.26
2890.TW,P06_價量背離,68,60.29,6.7,-4.61,1.26
2545.TW,P04_長下影線放量,74,58.11,7.22,-8.07,1.26
2331.TW,P04_長下影線放量,21,57.14,7.45,-12.58,1.26
2630.TW,P05_連跌反轉紅K,32,56.25,7.69,-11.04,1.26
1528.TW,P10_組合訊號,29,55.17,7.97,-7.74,1.26
4919.TW,P07_RSI超賣量縮,45,73.33,4.25,-12.96,1.25
4739.TW,P01_量縮價穩,93,70.97,4.62,-13.61,1.25
6743.TW,P12_多頭回檔,25,68.0,5.14,-19.35,1.25
1608.TW,P11_多頭排列紅K,27,66.67,5.38,-10.81,1.25
2440.TW,P03_均線支撐放量,88,62.5,6.21,-9.85,1.25
2014.TW,P10_組合訊號,36,61.11,6.5,-10.49,1.25
6672.TW,P05_連跌反轉紅K,21,57.14,7.43,-11.75,1.25
4583.TW,P03_均線支撐放量,33,51.52,9.01,-8.06,1.25
1319.TW,P02_量增紅K,16,75.0,3.99,-7.37,1.24
3015.TW,P10_組合訊號,60,70.0,4.77,-6.36,1.24
6830.TW,P11_多頭排列紅K,34,67.65,5.18,-14.13,1.24
2903.TW,P07_RSI超賣量縮,44,63.64,5.95,-7.4,1.24
2328.TW,P11_多頭排列紅K,42,61.9,6.32,-10.74,1.24
2505.TW,P10_組合訊號,63,60.32,6.66,-7.37,1.24
6189.TW,P03_均線支撐放量,65,60.0,6.74,-4.16,1.24
4545.TW,P06_價量背離,87,59.77,6.79,-6.41,1.24
2340.TW,P02_量增紅K,30,56.67,7.53,-13.49,1.24
6743.TW,P06_價量背離,47,53.19,-7.09,-17.36,1.24
2477.TW,P11_多頭排列紅K,47,53.19,-1.01,-12.47,1.24
6668.TW,P07_RSI超賣量縮,79,53.16,-0.6,-14.82,1.24
1540.TW,P08_黃金交叉量增,8,50.0,9.49,-9.74,1.24
9914.TW,P08_黃金交叉量增,7,71.43,4.52,-11.84,1.23
1524.TW,P07_RSI超賣量縮,45,71.11,4.57,-6.12,1.23
6526.TW,P07_RSI超賣量縮,17,64.71,5.72,-15.68,1.23
1235.TW,P02_量增紅K,63,63.49,5.97,-8.27,1.23
2723.TW,P04_長下影線放量,32,53.12,-2.33,-14.05,1.23
6153.TW,P03_均線支撐放量,32,53.12,-0.86,-13.56,1.23
1762.TW,P04_長下影線放量,32,53.12,-3.36,-12.83,1.23
2344.TW,P02_量增紅K,23,86.96,2.46,-11.32,1.22
2495.TW,P06_價量背離,75,54.67,8.03,-10.29,1.22
1598.TW,P03_均線支撐放量,49,53.06,-1.47,-12.53,1.22
1472.TW,P07_RSI超賣量縮,100,53.0,-1.34,-19.12,1.22
6768.TW,P05_連跌反轉紅K,26,65.38,5.56,-6.06,1.21
3011.TW,P01_量縮價穩,141,63.12,6.01,-12.69,1.21
3010.TW,P07_RSI超賣量縮,32,62.5,6.14,-9.95,1.21
4994.TW,P08_黃金交叉量增,8,62.5,6.14,-6.81,1.21
2049.TW,P12_多頭回檔,34,52.94,-4.21,-16.98,1.21
4915.TW,P02_量增紅K,17,52.94,-2.24,-11.81,1.21
9921.TW,P06_價量背離,34,52.94,-3.62,-14.25,1.21
1314.TW,P02_量增紅K,17,52.94,-1.47,-9.87,1.21
6177.TW,P02_量增紅K,17,52.94,-0.94,-9.84,1.21
3592.TW,P01_量縮價穩,34,52.94,-2.67,-16.18,1.21
2723.TW,P11_多頭排列紅K,34,52.94,-2.57,-18.2,1.21
7765.TW,P12_多頭回檔,17,52.94,-3.22,-10.55,1.21
4142.TW,P01_量縮價穩,102,52.94,-1.91,-10.73,1.21
3003.TW,P12_多頭回檔,34,52.94,-1.36,-13.78,1.21
1305.TW,P02_量增紅K,17,52.94,-2.16,-11.75,1.21
1472.TW,P02_量增紅K,51,52.94,-0.09,-15.15,1.21
1506.TW,P04_長下影線放量,102,52.94,-0.18,-10.8,1.21
6902.TW,P10_組合訊號,17,52.94,-9.9,-20.59,1.21
2425.TW,P11_多頭排列紅K,34,52.94,-2.67,-15.0,1.21
3094.TW,P12_多頭回檔,34,52.94,-1.23,-12.71,1.21
9911.TW,P09_量縮後爆量紅K,1,100.0,1.2,-0.4,1.2
2606.TW,P12_多頭回檔,39,74.36,4.03,-10.76,1.2
6282.TW,P12_多頭回檔,19,68.42,4.98,-9.6,1.2
6177.TW,P05_連跌反轉紅K,18,66.67,5.3,-7.98,1.2
4766.TW,P11_多頭排列紅K,58,62.07,6.21,-9.09,1.2
2451.TW,P10_組合訊號,50,62.0,6.23,-4.81,1.2
2607.TW,P11_多頭排列紅K,39,61.54,6.33,-9.96,1.2
2607.TW,P12_多頭回檔,51,68.63,4.94,-7.55,1.19
6438.TW,P11_多頭排列紅K,39,66.67,5.29,-11.84,1.19
2614.TW,P12_多頭回檔,12,66.67,5.28,-11.11,1.19
2357.TW,P01_量縮價穩,62,64.52,5.7,-8.56,1.19
2115.TW,P09_量縮後爆量紅K,8,62.5,6.1,-3.59,1.19
6142.TW,P05_連跌反轉紅K,47,55.32,7.8,-13.93,1.19
9921.TW,P04_長下影線放量,53,52.83,-2.5,-14.8,1.19
5521.TW,P11_多頭排列紅K,38,52.63,8.56,-11.44,1.19
2505.TW,P02_量增紅K,24,66.67,5.26,-13.15,1.18
3257.TW,P07_RSI超賣量縮,64,60.94,6.43,-12.59,1.18
2520.TW,P05_連跌反轉紅K,33,57.58,7.21,-10.73,1.18
1909.TW,P04_長下影線放量,36,52.78,-5.41,-12.07,1.18
3021.TW,P02_量增紅K,36,52.78,-0.15,-10.83,1.18
9802.TW,P12_多頭回檔,50,76.0,3.74,-11.02,1.17
2424.TW,P06_價量背離,163,67.48,5.1,-12.87,1.17
2527.TW,P12_多頭回檔,58,65.52,5.48,-7.08,1.17
3704.TW,P02_量增紅K,40,62.5,6.07,-13.72,1.17
3703.TW,P06_價量背離,74,60.81,6.43,-7.01,1.17
2883.TW,P12_多頭回檔,60,60.0,6.62,-6.58,1.17
6152.TW,P01_量縮價穩,131,58.02,7.08,-12.28,1.17
3005.TW,P12_多頭回檔,40,55.0,7.85,-7.99,1.17
2254.TW,P03_均線支撐放量,55,52.73,-3.8,-12.03,1.17
2923.TW,P10_組合訊號,77,75.32,3.83,-8.53,1.16
6257.TW,P04_長下影線放量,37,67.57,5.08,-7.93,1.16
8112.TW,P02_量增紅K,15,66.67,5.24,-7.13,1.16
1808.TW,P09_量縮後爆量紅K,12,66.67,5.25,-7.48,1.16
3209.TW,P03_均線支撐放量,36,66.67,5.24,-8.29,1.16
4540.TW,P05_連跌反轉紅K,27,66.67,5.24,-9.48,1.16
8016.TW,P02_量增紅K,20,65.0,5.55,-11.02,1.16
3002.TW,P07_RSI超賣量縮,42,64.29,5.69,-8.4,1.16
2477.TW,P05_連跌反轉紅K,29,62.07,6.15,-10.0,1.16
4583.TW,P06_價量背離,109,60.55,6.47,-9.15,1.16
1503.TW,P01_量縮價穩,111,59.46,6.73,-6.2,1.16
1568.TW,P12_多頭回檔,35,57.14,7.27,-11.82,1.16
1618.TW,P09_量縮後爆量紅K,11,54.55,7.96,-10.81,1.16
9938.TW,P02_量增紅K,19,52.63,-0.79,-16.06,1.16
2342.TW,P12_多頭回檔,19,52.63,-1.27,-15.56,1.16
1310.TW,P05_連跌反轉紅K,38,52.63,-0.85,-9.74,1.16
2467.TW,P02_量增紅K,22,50.0,9.32,-10.71,1.16
2369.TW,P02_量增紅K,38,71.05,4.48,-14.3,1.15
6558.TW,P03_均線支撐放量,27,70.37,4.59,-14.56,1.15
3024.TW,P06_價量背離,91,68.13,4.96,-9.78,1.15
2424.TW,P04_長下影線放量,34,67.65,5.05,-15.5,1.15
5469.TW,P04_長下影線放量,30,66.67,5.22,-11.04,1.15
6213.TW,P07_RSI超賣量縮,52,63.46,5.84,-15.67,1.15
1457.TW,P09_量縮後爆量紅K,7,71.43,4.4,-7.37,1.14
4976.TW,P11_多頭排列紅K,38,68.42,4.89,-15.31,1.14
2838.TW,P01_量縮價穩,147,65.99,5.33,-3.73,1.14
4536.TW,P05_連跌反轉紅K,29,65.52,5.42,-11.49,1.14
3028.TW,P11_多頭排列紅K,49,63.27,5.87,-4.79,1.14
6541.TW,P06_價量背離,95,63.16,5.89,-15.08,1.14
4137.TW,P03_均線支撐放量,59,52.54,-1.54,-9.79,1.14
2642.TW,P07_RSI超賣量縮,59,52.54,-0.08,-10.23,1.14
6456.TW,P11_多頭排列紅K,40,52.5,-9.23,-17.48,1.14
2457.TW,P05_連跌反轉紅K,40,52.5,-2.67,-17.49,1.14
6835.TW,P10_組合訊號,40,52.5,-1.6,-10.04,1.14
2424.TW,P05_連跌反轉紅K,40,52.5,-6.34,-19.24,1.14
2885.TW,P11_多頭排列紅K,108,66.67,5.2,-5.09,1.13
1760.TW,P04_長下影線放量,18,66.67,5.19,-14.14,1.13
1225.TW,P03_均線支撐放量,80,66.25,5.28,-8.32,1.13
6491.TW,P05_連跌反轉紅K,26,65.38,5.43,-14.4,1.13
5521.TW,P12_多頭回檔,25,64.0,5.71,-9.13,1.13
3711.TW,P05_連跌反轉紅K,34,61.76,6.17,-12.35,1.13
2890.TW,P05_連跌反轉紅K,26,61.54,6.21,-6.74,1.13
3704.TW,P10_組合訊號,28,60.71,6.39,-14.76,1.13
2392.TW,P03_均線支撐放量,25,60.0,6.55,-9.87,1.13
8478.TW,P11_多頭排列紅K,25,60.0,6.55,-13.14,1.13
3711.TW,P02_量增紅K,12,58.33,6.94,-11.25,1.13
6283.TW,P12_多頭回檔,36,58.33,6.93,-12.91,1.13
4739.TW,P06_價量背離,61,52.46,-0.94,-15.4,1.13
2474.TW,P07_RSI超賣量縮,30,80.0,3.16,-8.08,1.12
2453.TW,P03_均線支撐放量,21,71.43,4.37,-10.51,1.12
2413.TW,P04_長下影線放量,27,66.67,5.17,-14.54,1.12
2442.TW,P07_RSI超賣量縮,39,64.1,5.67,-12.62,1.12
2850.TW,P01_量縮價穩,133,60.15,6.49,-3.76,1.12
6271.TW,P02_量增紅K,21,52.38,-4.8,-18.7,1.12
9914.TW,P10_組合訊號,42,52.38,-2.94,-15.19,1.12
3049.TW,P04_長下影線放量,21,52.38,-3.93,-13.99,1.12
6861.TW,P11_多頭排列紅K,21,52.38,-1.29,-17.75,1.12
3094.TW,P11_多頭排列紅K,42,52.38,-1.61,-13.91,1.12
4572.TW,P12_多頭回檔,41,80.49,3.08,-8.73,1.11
3694.TW,P08_黃金交叉量增,12,75.0,3.81,-13.56,1.11
1795.TW,P12_多頭回檔,18,72.22,4.23,-16.6,1.11
4968.TW,P03_均線支撐放量,26,69.23,4.72,-18.53,1.11
4755.TW,P05_連跌反轉紅K,32,65.62,5.35,-10.26,1.11
2233.TW,P12_多頭回檔,48,64.58,5.55,-9.54,1.11
2617.TW,P07_RSI超賣量縮,48,56.25,7.43,-8.28,1.11
2349.TW,P04_長下影線放量,32,56.25,7.41,-13.42,1.11
1476.TW,P01_量縮價穩,86,52.33,-0.09,-12.39,1.11
1339.TW,P09_量縮後爆量紅K,15,66.67,5.15,-6.9,1.1
1314.TW,P07_RSI超賣量縮,47,61.7,6.12,-9.35,1.1
2351.TW,P10_組合訊號,31,61.29,6.21,-13.16,1.1
6805.TW,P01_量縮價穩,10,60.0,6.5,-24.09,1.1
6605.TW,P03_均線支撐放量,35,57.14,7.18,-8.2,1.1
8454.TW,P10_組合訊號,44,52.27,-2.43,-12.59,1.1
6579.TW,P06_價量背離,76,51.32,8.78,-7.36,1.1
2530.TW,P07_RSI超賣量縮,63,71.43,4.33,-4.16,1.09
2423.TW,P06_價量背離,46,67.39,5.01,-4.35,1.09
8163.TW,P06_價量背離,67,67.16,5.05,-8.11,1.09
5880.TW,P09_量縮後爆量紅K,3,66.67,5.14,-3.83,1.09
3042.TW,P06_價量背離,44,65.91,5.28,-8.48,1.09
2015.TW,P01_量縮價穩,127,64.57,5.53,-4.33,1.09
2374.TW,P01_量縮價穩,118,61.02,6.26,-9.25,1.09
2413.TW,P01_量縮價穩,109,59.63,6.56,-16.11,1.09
4566.TW,P12_多頭回檔,16,56.25,7.38,-10.11,1.09
6269.TW,P10_組合訊號,46,52.17,-2.02,-12.2,1.09
1515.TW,P02_量增紅K,23,52.17,-9.47,-16.77,1.09
2399.TW,P12_多頭回檔,23,52.17,-3.17,-18.27,1.09
6108.TW,P05_連跌反轉紅K,23,52.17,-1.79,-13.48,1.09
1721.TW,P06_價量背離,138,51.45,8.73,-9.05,1.09
6854.TW,P04_長下影線放量,28,50.0,9.19,-13.76,1.09
9958.TW,P11_多頭排列紅K,42,71.43,4.32,-14.88,1.08
4952.TW,P03_均線支撐放量,37,67.57,4.95,-8.02,1.08
3003.TW,P03_均線支撐放量,29,65.52,5.34,-7.6,1.08
1795.TW,P04_長下影線放量,20,65.0,5.43,-16.33,1.08
4739.TW,P12_多頭回檔,28,60.71,6.31,-17.29,1.08
8261.TW,P12_多頭回檔,24,58.33,6.85,-13.94,1.08
6235.TW,P12_多頭回檔,31,58.06,6.91,-16.89,1.08
5522.TW,P03_均線支撐放量,83,56.63,7.27,-7.79,1.08
2467.TW,P06_價量背離,74,55.41,7.59,-7.92,1.08
3380.TW,P04_長下影線放量,27,77.78,3.37,-10.96,1.07
1608.TW,P03_均線支撐放量,34,67.65,4.93,-8.79,1.07
2472.TW,P10_組合訊號,27,62.96,5.82,-10.88,1.07
2485.TW,P12_多頭回檔,32,62.5,5.91,-12.98,1.07
9939.TW,P06_價量背離,84,59.52,6.55,-5.95,1.07
1459.TW,P07_RSI超賣量縮,87,54.02,7.94,-7.72,1.07
1440.TW,P07_RSI超賣量縮,58,53.45,8.11,-8.24,1.07
6271.TW,P11_多頭排列紅K,48,52.08,-2.83,-14.93,1.07
2485.TW,P11_多頭排列紅K,48,52.08,-0.97,-15.3,1.07
6861.TW,P10_組合訊號,48,52.08,-5.42,-16.47,1.07
1446.TW,P10_組合訊號,47,61.7,6.06,-7.25,1.06
6691.TW,P07_RSI超賣量縮,44,61.36,6.14,-8.57,1.06
1436.TW,P09_量縮後爆量紅K,10,60.0,6.44,-3.81,1.06
2457.TW,P01_量縮價穩,87,58.62,6.75,-14.34,1.06
2367.TW,P11_多頭排列紅K,33,57.58,7.0,-12.25,1.06
2467.TW,P01_量縮價穩,120,54.17,7.89,-9.6,1.06
2105.TW,P07_RSI超賣量縮,50,52.0,-0.33,-7.65,1.06
2492.TW,P07_RSI超賣量縮,50,52.0,-0.05,-16.03,1.06
9938.TW,P10_組合訊號,50,52.0,-2.37,-12.2,1.06
6869.TW,P04_長下影線放量,25,52.0,-2.03,-16.59,1.06
4927.TW,P02_量增紅K,25,52.0,-5.4,-23.59,1.06
5285.TW,P02_量增紅K,25,52.0,-1.47,-16.21,1.06
6668.TW,P02_量增紅K,25,52.0,-0.6,-16.88,1.06
2462.TW,P12_多頭回檔,25,52.0,-4.11,-14.04,1.06
3024.TW,P02_量增紅K,25,52.0,-0.29,-10.4,1.06
3189.TW,P03_均線支撐放量,25,76.0,3.59,-10.59,1.05
2612.TW,P02_量增紅K,18,66.67,5.08,-12.2,1.05
1711.TW,P05_連跌反轉紅K,20,65.0,5.38,-8.79,1.05
6582.TW,P12_多頭回檔,30,63.33,5.71,-8.0,1.05
6657.TW,P04_長下影線放量,19,63.16,5.75,-13.99,1.05
3376.TW,P04_長下影線放量,35,62.86,5.81,-11.39,1.05
1215.TW,P01_量縮價穩,137,59.12,6.62,-4.67,1.05
2630.TW,P01_量縮價穩,152,55.26,7.56,-11.06,1.05
6861.TW,P01_量縮價穩,102,51.96,-7.48,-17.85,1.05
4137.TW,P11_多頭排列紅K,52,51.92,-2.17,-10.77,1.05
8422.TW,P09_量縮後爆量紅K,6,50.0,9.1,-6.89,1.05
4976.TW,P12_多頭回檔,31,48.39,9.64,-18.32,1.05
8482.TW,P02_量增紅K,32,46.88,10.18,-5.74,1.05
8499.TW,P11_多頭排列紅K,45,46.67,10.24,-9.06,1.05
3416.TW,P06_價量背離,77,61.04,6.18,-5.44,1.04
9939.TW,P04_長下影線放量,51,60.78,6.22,-6.01,1.04
2012.TW,P11_多頭排列紅K,37,56.76,7.17,-8.43,1.04
1809.TW,P02_量增紅K,51,54.9,7.65,-10.77,1.04
1789.TW,P12_多頭回檔,27,51.85,-3.28,-11.01,1.04
3380.TW,P12_多頭回檔,27,51.85,-2.24,-15.76,1.04
1568.TW,P02_量增紅K,27,51.85,-5.33,-15.9,1.04
6698.TW,P11_多頭排列紅K,27,51.85,-6.48,-15.82,1.04
1762.TW,P03_均線支撐放量,27,51.85,-0.58,-12.17,1.04
1521.TW,P07_RSI超賣量縮,81,51.85,-3.2,-9.29,1.04
6271.TW,P05_連跌反轉紅K,32,78.12,3.27,-12.33,1.03
6438.TW,P04_長下影線放量,28,75.0,3.7,-12.62,1.03
6668.TW,P10_組合訊號,38,68.42,4.74,-11.8,1.03
8021.TW,P05_連跌反轉紅K,30,63.33,5.69,-10.33,1.03
3036.TW,P01_量縮價穩,83,62.65,5.81,-9.97,1.03
3028.TW,P07_RSI超賣量縮,57,61.4,6.07,-4.8,1.03
2537.TW,P04_長下影線放量,27,51.85,8.49,-7.72,1.03
3296.TW,P06_價量背離,56,51.79,-1.08,-15.73,1.03
9906.TW,P05_連跌反轉紅K,37,51.35,8.65,-11.47,1.03
4961.TW,P05_連跌反轉紅K,26,50.0,9.06,-15.11,1.03
1471.TW,P01_量縮價穩,119,47.06,10.06,-15.94,1.03
2731.TW,P09_量縮後爆量紅K,7,42.86,11.74,-11.45,1.03
2250.TW,P04_長下影線放量,13,76.92,3.43,-7.76,1.02
2436.TW,P04_長下影線放量,31,70.97,4.31,-16.69,1.02
2428.TW,P06_價量背離,53,69.81,4.49,-8.9,1.02
2485.TW,P08_黃金交叉量增,9,66.67,5.03,-8.6,1.02
2481.TW,P02_量增紅K,16,62.5,5.83,-17.67,1.02
2369.TW,P06_價量背離,45,57.78,6.89,-10.2,1.02
6491.TW,P12_多頭回檔,29,51.72,-0.52,-15.17,1.02
8105.TW,P03_均線支撐放量,29,51.72,-2.73,-19.96,1.02
4722.TW,P11_多頭排列紅K,77,48.05,9.69,-6.73,1.02
6605.TW,P02_量增紅K,17,76.47,3.47,-12.63,1.01
3563.TW,P07_RSI超賣量縮,62,66.13,5.11,-13.93,1.01
3545.TW,P11_多頭排列紅K,33,57.58,6.92,-15.0,1.01
2327.TW,P05_連跌反轉紅K,33,54.55,7.69,-12.25,1.01
2524.TW,P07_RSI超賣量縮,60,51.67,-0.62,-10.97,1.01
2605.TW,P10_組合訊號,25,72.0,4.12,-10.07,1.0
6224.TW,P05_連跌反轉紅K,33,69.7,4.48,-9.4,1.0
2024.TW,P04_長下影線放量,56,67.86,4.79,-7.14,1.0
1808.TW,P10_組合訊號,56,66.07,5.11,-7.15,1.0
2337.TW,P07_RSI超賣量縮,37,64.86,5.33,-11.87,1.0
8150.TW,P10_組合訊號,37,64.86,5.33,-10.47,1.0
2812.TW,P05_連跌反轉紅K,18,61.11,6.1,-2.72,1.0
4108.TW,P02_量增紅K,31,51.61,-0.96,-11.2,1.0
6792.TW,P04_長下影線放量,31,51.61,-3.05,-16.94,1.0
2431.TW,P05_連跌反轉紅K,28,75.0,3.66,-10.14,0.99
1503.TW,P07_RSI超賣量縮,54,70.37,4.35,-10.08,0.99
5284.TW,P03_均線支撐放量,67,65.67,5.17,-7.76,0.99
1802.TW,P07_RSI超賣量縮,63,63.49,5.58,-11.38,0.99
3617.TW,P11_多頭排列紅K,59,62.71,5.73,-10.13,0.99
9902.TW,P07_RSI超賣量縮,66,60.61,6.19,-8.61,0.99
3028.TW,P08_黃金交叉量增,5,60.0,6.32,-2.65,0.99
4958.TW,P06_價量背離,26,57.69,6.84,-7.77,0.99
2107.TW,P07_RSI超賣量縮,47,57.45,6.91,-2.55,0.99
6854.TW,P02_量增紅K,16,56.25,7.2,-13.0,0.99
6862.TW,P03_均線支撐放量,4,75.0,3.64,-16.69,0.98
2882.TW,P07_RSI超賣量縮,35,71.43,4.17,-6.34,0.98
2352.TW,P04_長下影線放量,23,69.57,4.47,-9.6,0.98
8163.TW,P10_組合訊號,42,69.05,4.56,-7.89,0.98
1808.TW,P01_量縮價穩,131,67.94,4.75,-7.07,0.98
1603.TW,P01_量縮價穩,120,65.83,5.12,-7.43,0.98
5203.TW,P04_長下影線放量,29,65.52,5.19,-10.13,0.98
2365.TW,P02_量增紅K,23,65.22,5.23,-11.16,0.98
3605.TW,P05_連跌反轉紅K,30,63.33,5.59,-12.97,0.98
4934.TW,P06_價量背離,55,61.82,5.91,-16.39,0.98
3557.TW,P11_多頭排列紅K,39,61.54,5.96,-14.87,0.98
6533.TW,P07_RSI超賣量縮,52,59.62,6.39,-16.66,0.98
4763.TW,P08_黃金交叉量增,9,55.56,7.36,-14.57,0.98
5243.TW,P03_均線支撐放量,11,54.55,7.63,-12.09,0.98
6278.TW,P12_多頭回檔,33,51.52,-1.34,-14.43,0.98
4119.TW,P07_RSI超賣量縮,66,51.52,-0.68,-9.29,0.98
1316.TW,P03_均線支撐放量,33,51.52,-1.28,-13.75,0.98
6754.TW,P11_多頭排列紅K,33,51.52,-0.89,-10.07,0.98
6722.TW,P12_多頭回檔,35,74.29,3.73,-7.84,0.97
1626.TW,P07_RSI超賣量縮,98,64.29,5.4,-7.57,0.97
2233.TW,P05_連跌反轉紅K,33,57.58,6.84,-9.94,0.97
1773.TW,P01_量縮價穩,121,57.02,6.98,-7.6,0.97
8499.TW,P04_長下影線放量,41,56.1,7.21,-7.59,0.97
3703.TW,P01_量縮價穩,105,51.43,-0.14,-9.45,0.97
1905.TW,P04_長下影線放量,35,51.43,-1.18,-11.37,0.97
2241.TW,P03_均線支撐放量,35,51.43,-2.02,-12.54,0.97
7799.TW,P08_黃金交叉量增,2,50.0,8.94,-24.8,0.97
4906.TW,P11_多頭排列紅K,32,78.12,3.19,-9.87,0.96
2480.TW,P09_量縮後爆量紅K,13,69.23,4.5,-8.35,0.96
3679.TW,P08_黃金交叉量增,6,66.67,4.93,-5.66,0.96
6176.TW,P10_組合訊號,37,64.86,5.27,-7.73,0.96
2340.TW,P03_均線支撐放量,18,61.11,6.02,-15.14,0.96
3051.TW,P12_多頭回檔,43,60.47,6.17,-14.88,0.96
3005.TW,P06_價量背離,60,60.0,6.26,-8.18,0.96
6830.TW,P12_多頭回檔,22,59.09,6.47,-12.22,0.96
2303.TW,P12_多頭回檔,54,57.41,6.87,-8.08,0.96
1515.TW,P12_多頭回檔,37,51.35,-3.31,-16.03,0.96
6412.TW,P03_均線支撐放量,67,67.16,4.83,-8.51,0.95
1471.TW,P07_RSI超賣量縮,112,65.18,5.19,-15.07,0.95
2440.TW,P04_長下影線放量,68,64.71,5.28,-10.8,0.95
2324.TW,P06_價量背離,45,64.44,5.34,-6.49,0.95
4722.TW,P03_均線支撐放量,87,63.22,5.58,-3.97,0.95
3669.TW,P11_多頭排列紅K,40,62.5,5.72,-14.3,0.95
2020.TW,P11_多頭排列紅K,50,62.0,5.82,-7.21,0.95
2312.TW,P06_價量背離,57,61.4,5.96,-7.89,0.95
4915.TW,P06_價量背離,36,61.11,6.02,-9.63,0.95
1442.TW,P01_量縮價穩,150,60.67,6.1,-8.76,0.95
9914.TW,P07_RSI超賣量縮,39,51.28,-7.65,-17.58,0.95
1810.TW,P12_多頭回檔,39,51.28,-1.7,-13.07,0.95
1217.TW,P12_多頭回檔,39,51.28,-0.01,-6.52,0.95
2377.TW,P10_組合訊號,25,72.0,4.02,-11.77,0.94
2451.TW,P01_量縮價穩,89,65.17,5.19,-5.7,0.94
3450.TW,P12_多頭回檔,27,59.26,6.4,-12.23,0.94
2369.TW,P04_長下影線放量,29,58.62,6.54,-16.18,0.94
3167.TW,P03_均線支撐放量,30,56.67,7.01,-8.84,0.94
5608.TW,P07_RSI超賣量縮,121,51.24,-2.19,-13.19,0.94
2355.TW,P10_組合訊號,41,51.22,-0.32,-13.12,0.94
2538.TW,P04_長下影線放量,41,51.22,-0.05,-10.1,0.94
2062.TW,P04_長下影線放量,41,51.22,-1.74,-10.88,0.94
2062.TW,P12_多頭回檔,41,51.22,-0.52,-9.47,0.94
1218.TW,P09_量縮後爆量紅K,5,80.0,2.91,-7.45,0.93
2495.TW,P03_均線支撐放量,33,72.73,3.91,-8.75,0.93
3588.TW,P09_量縮後爆量紅K,12,66.67,4.89,-10.98,0.93
1731.TW,P08_黃金交叉量增,9,66.67,4.89,-5.68,0.93
2330.TW,P10_組合訊號,31,61.29,5.94,-7.4,0.93
3338.TW,P07_RSI超賣量縮,69,60.87,6.03,-11.12,0.93
1342.TW,P01_量縮價穩,147,60.54,6.09,-8.62,0.93
2204.TW,P03_均線支撐放量,43,51.16,-0.11,-12.44,0.93
1531.TW,P07_RSI超賣量縮,52,46.15,10.18,-6.02,0.93
2331.TW,P06_價量背離,57,66.67,4.88,-11.63,0.92
6670.TW,P12_多頭回檔,49,65.31,5.13,-7.83,0.92
2850.TW,P12_多頭回檔,111,63.96,5.38,-4.22,0.92
2329.TW,P02_量增紅K,40,60.0,6.2,-13.98,0.92
6443.TW,P06_價量背離,62,59.68,6.26,-13.67,0.92
910861.TW,P09_量縮後爆量紅K,29,58.62,6.51,-10.46,0.92
4164.TW,P12_多頭回檔,37,48.65,9.28,-8.23,0.92
2348.TW,P05_連跌反轉紅K,30,76.67,3.32,-10.34,0.91
2228.TW,P07_RSI超賣量縮,53,67.92,4.64,-12.05,0.91
2882.TW,P06_價量背離,64,67.19,4.78,-4.97,0.91
2369.TW,P01_量縮價穩,70,67.14,4.78,-11.49,0.91
2812.TW,P08_黃金交叉量增,9,66.67,4.86,-5.06,0.91
1525.TW,P02_量增紅K,23,65.22,5.13,-9.47,0.91
3042.TW,P10_組合訊號,39,64.1,5.34,-10.2,0.91
9914.TW,P03_均線支撐放量,47,51.06,-4.42,-16.25,0.91
8104.TW,P01_量縮價穩,94,51.06,-1.25,-16.6,0.91
1423.TW,P11_多頭排列紅K,63,50.79,8.57,-4.55,0.91
4763.TW,P01_量縮價穩,73,65.75,5.02,-12.22,0.9
1795.TW,P01_量縮價穩,46,65.22,5.11,-12.74,0.9
6606.TW,P08_黃金交叉量增,14,64.29,5.29,-2.51,0.9
2537.TW,P07_RSI超賣量縮,59,62.71,5.6,-10.34,0.9
1436.TW,P08_黃金交叉量增,8,62.5,5.64,-6.27,0.9
3450.TW,P10_組合訊號,28,60.71,6.01,-12.25,0.9
1504.TW,P01_量縮價穩,89,57.3,6.79,-7.36,0.9
2642.TW,P08_黃金交叉量增,7,57.14,6.83,-8.19,0.9
2201.TW,P07_RSI超賣量縮,39,56.41,7.01,-7.92,0.9
2327.TW,P07_RSI超賣量縮,33,54.55,7.48,-11.79,0.9
2534.TW,P01_量縮價穩,159,50.94,-0.6,-9.15,0.9
8222.TW,P09_量縮後爆量紅K,10,80.0,2.86,-10.69,0.89
3591.TW,P06_價量背離,52,67.31,4.72,-9.84,0.89
9921.TW,P02_量增紅K,22,63.64,5.4,-10.06,0.89
8215.TW,P07_RSI超賣量縮,59,62.71,5.59,-11.47,0.89
9944.TW,P08_黃金交叉量增,8,62.5,5.63,-4.3,0.89
3055.TW,P12_多頭回檔,37,62.16,5.7,-10.01,0.89
2426.TW,P07_RSI超賣量縮,50,60.0,6.16,-12.2,0.89
2385.TW,P03_均線支撐放量,68,58.82,6.41,-5.95,0.89
1472.TW,P01_量縮價穩,273,50.92,-1.98,-16.38,0.89
5471.TW,P07_RSI超賣量縮,55,50.91,-0.29,-11.18,0.89
6108.TW,P10_組合訊號,55,50.91,-2.07,-9.35,0.89
2024.TW,P02_量增紅K,55,50.91,-2.92,-11.45,0.89
6515.TW,P08_黃金交叉量增,5,80.0,2.85,-14.5,0.88
3518.TW,P04_長下影線放量,29,72.41,3.88,-15.36,0.88
6670.TW,P04_長下影線放量,41,68.29,4.54,-8.32,0.88
9921.TW,P08_黃金交叉量增,9,66.67,4.82,-11.94,0.88
2515.TW,P06_價量背離,69,60.87,5.95,-7.91,0.88
1210.TW,P03_均線支撐放量,48,60.42,6.04,-4.47,0.88
3550.TW,P08_黃金交叉量增,15,60.0,6.14,-8.44,0.88
2421.TW,P07_RSI超賣量縮,47,57.45,6.71,-13.94,0.88
4989.TW,P10_組合訊號,34,55.88,7.1,-12.77,0.88
1536.TW,P06_價量背離,59,50.85,-0.06,-11.23,0.88
3533.TW,P08_黃金交叉量增,8,75.0,3.49,-13.65,0.87
3022.TW,P04_長下影線放量,30,73.33,3.73,-10.4,0.87
4439.TW,P09_量縮後爆量紅K,11,72.73,3.83,-6.14,0.87
2312.TW,P11_多頭排列紅K,48,70.83,4.11,-11.84,0.87
6224.TW,P11_多頭排列紅K,38,63.16,5.47,-11.46,0.87
1104.TW,P10_組合訊號,56,62.5,5.59,-5.23,0.87
2611.TW,P12_多頭回檔,50,62.0,5.7,-6.98,0.87
8114.TW,P10_組合訊號,52,53.85,7.62,-9.24,0.87
6283.TW,P01_量縮價穩,132,50.76,-0.94,-15.55,0.87
4557.TW,P07_RSI超賣量縮,62,72.58,3.83,-9.84,0.86
2428.TW,P12_多頭回檔,25,72.0,3.92,-10.06,0.86
2890.TW,P10_組合訊號,43,65.12,5.07,-5.68,0.86
1437.TW,P05_連跌反轉紅K,24,62.5,5.57,-5.44,0.86
2239.TW,P06_價量背離,69,50.72,-7.98,-17.01,0.86
2485.TW,P07_RSI超賣量縮,73,50.68,-0.45,-11.83,0.86
4564.TW,P06_價量背離,73,50.68,-2.42,-11.4,0.86
2885.TW,P06_價量背離,44,70.45,4.14,-5.96,0.85
2457.TW,P12_多頭回檔,27,70.37,4.15,-14.13,0.85
4994.TW,P06_價量背離,54,64.81,5.11,-10.69,0.85
2439.TW,P03_均線支撐放量,49,61.22,5.81,-9.34,0.85
2855.TW,P03_均線支撐放量,50,60.0,6.08,-6.13,0.85
4164.TW,P07_RSI超賣量縮,67,59.7,6.15,-7.42,0.85
6176.TW,P12_多頭回檔,66,57.58,6.63,-6.99,0.85
4976.TW,P06_價量背離,79,50.63,-0.83,-14.95,0.85
1589.TW,P07_RSI超賣量縮,79,50.63,-1.43,-11.73,0.85
1727.TW,P12_多頭回檔,35,37.14,14.13,-9.83,0.85
1473.TW,P11_多頭排列紅K,43,69.77,4.24,-10.23,0.84
2515.TW,P10_組合訊號,34,64.71,5.11,-9.74,0.84
2027.TW,P05_連跌反轉紅K,31,61.29,5.79,-10.42,0.84
2520.TW,P01_量縮價穩,82,59.76,6.11,-8.97,0.84
3149.TW,P10_組合訊號,32,59.38,6.21,-14.96,0.84
2233.TW,P01_量縮價穩,116,57.76,6.58,-9.31,0.84
6807.TW,P03_均線支撐放量,41,53.66,7.62,-9.02,0.84
4576.TW,P06_價量背離,87,50.57,-0.36,-12.07,0.84
1444.TW,P07_RSI超賣量縮,89,50.56,-0.36,-9.57,0.84
8081.TW,P02_量增紅K,13,76.92,3.18,-14.42,0.83
8131.TW,P08_黃金交叉量增,7,71.43,3.96,-3.98,0.83
4977.TW,P03_均線支撐放量,29,68.97,4.36,-11.74,0.83
5469.TW,P03_均線支撐放量,33,66.67,4.74,-11.93,0.83
3013.TW,P08_黃金交叉量增,12,66.67,4.75,-8.98,0.83
6994.TW,P11_多頭排列紅K,9,66.67,4.74,-13.97,0.83
1597.TW,P07_RSI超賣量縮,66,63.64,5.31,-11.1,0.83
7631.TW,P01_量縮價穩,75,62.67,5.49,-8.9,0.83
2330.TW,P06_價量背離,24,62.5,5.53,-7.74,0.83
3454.TW,P07_RSI超賣量縮,39,61.54,5.73,-9.08,0.83
5434.TW,P04_長下影線放量,54,61.11,5.81,-7.26,0.83
2428.TW,P01_量縮價穩,96,60.42,5.95,-11.1,0.83
3563.TW,P03_均線支撐放量,32,59.38,6.19,-11.59,0.83
1568.TW,P07_RSI超賣量縮,73,58.9,6.3,-11.06,0.83
5515.TW,P02_量增紅K,20,55.0,7.23,-8.57,0.83
3149.TW,P08_黃金交叉量增,17,47.06,9.64,-18.16,0.83
4764.TW,P08_黃金交叉量增,11,45.45,10.22,-11.55,0.83
5434.TW,P08_黃金交叉量增,4,75.0,3.43,-9.26,0.82
1468.TW,P07_RSI超賣量縮,92,58.7,6.33,-8.72,0.82
2382.TW,P03_均線支撐放量,62,54.84,7.26,-9.46,0.82
1524.TW,P12_多頭回檔,40,52.5,7.89,-5.58,0.82
1533.TW,P06_價量背離,105,50.48,-3.39,-13.14,0.82
1506.TW,P06_價量背離,109,50.46,-2.12,-9.97,0.82
1614.TW,P05_連跌反轉紅K,14,50.0,8.64,-2.81,0.82
6794.TW,P09_量縮後爆量紅K,2,50.0,8.63,-6.23,0.82
4935.TW,P03_均線支撐放量,45,48.89,9.0,-11.48,0.82
4588.TW,P03_均線支撐放量,19,42.11,11.58,-12.51,0.82
8105.TW,P12_多頭回檔,17,76.47,3.21,-12.65,0.81
6670.TW,P05_連跌反轉紅K,28,71.43,3.93,-7.82,0.81
3006.TW,P03_均線支撐放量,27,70.37,4.1,-17.09,0.81
6582.TW,P04_長下影線放量,31,64.52,5.11,-11.87,0.81
2024.TW,P12_多頭回檔,69,62.32,5.54,-5.97,0.81
2812.TW,P02_量增紅K,5,60.0,6.02,-4.53,0.81
8081.TW,P05_連跌反轉紅K,25,60.0,6.02,-12.12,0.81
2537.TW,P06_價量背離,80,58.75,6.3,-7.72,0.81
4755.TW,P12_多頭回檔,52,48.08,9.25,-8.9,0.81
6695.TW,P03_均線支撐放量,26,73.08,3.67,-18.46,0.8
9955.TW,P07_RSI超賣量縮,80,70.0,4.15,-9.14,0.8
6698.TW,P08_黃金交叉量增,10,70.0,4.15,-14.39,0.8
2338.TW,P04_長下影線放量,26,69.23,4.26,-13.76,0.8
1611.TW,P06_價量背離,112,63.39,5.31,-6.68,0.8
2382.TW,P06_價量背離,27,62.96,5.38,-6.85,0.8
2535.TW,P01_量縮價穩,137,61.31,5.72,-4.47,0.8
4526.TW,P05_連跌反轉紅K,28,57.14,6.64,-11.18,0.8
5876.TW,P09_量縮後爆量紅K,4,50.0,8.61,-6.94,0.8
8114.TW,P03_均線支撐放量,52,50.0,8.6,-6.64,0.8
4551.TW,P04_長下影線放量,22,68.18,4.42,-14.27,0.79
2597.TW,P10_組合訊號,45,60.0,5.98,-8.66,0.79
5234.TW,P09_量縮後爆量紅K,5,60.0,5.98,-9.1,0.79
2355.TW,P02_量增紅K,17,58.82,6.24,-9.47,0.79
5284.TW,P12_多頭回檔,53,56.6,6.77,-8.19,0.79
2471.TW,P01_量縮價穩,142,56.34,6.83,-6.38,0.79
2451.TW,P05_連跌反轉紅K,26,53.85,7.47,-4.14,0.79
3052.TW,P11_多頭排列紅K,44,50.0,8.58,-6.11,0.79
2610.TW,P09_量縮後爆量紅K,5,40.0,12.48,-10.53,0.79
5258.TW,P09_量縮後爆量紅K,12,75.0,3.37,-13.37,0.78
4588.TW,P11_多頭排列紅K,18,72.22,3.77,-12.27,0.78
3712.TW,P10_組合訊號,28,67.86,4.47,-10.95,0.78
1342.TW,P05_連跌反轉紅K,28,64.29,5.1,-7.52,0.78
4916.TW,P02_量增紅K,25,60.0,5.97,-12.87,0.78
3031.TW,P09_量縮後爆量紅K,5,60.0,5.97,-10.27,0.78
1436.TW,P02_量增紅K,29,58.62,6.26,-5.1,0.78
5515.TW,P12_多頭回檔,73,57.53,6.53,-4.56,0.78
9105.TW,P10_組合訊號,25,56.0,6.89,-7.61,0.78
6206.TW,P06_價量背離,80,55.0,7.15,-6.4,0.78
1541.TW,P01_量縮價穩,241,50.21,-0.78,-10.74,0.78
2455.TW,P04_長下影線放量,30,80.0,2.71,-18.35,0.77
3607.TW,P05_連跌反轉紅K,30,73.33,3.6,-12.48,0.77
2851.TW,P06_價量背離,130,66.92,4.61,-5.24,0.77
2460.TW,P03_均線支撐放量,35,65.71,4.82,-11.86,0.77
1808.TW,P05_連跌反轉紅K,29,65.52,4.86,-7.81,0.77
3437.TW,P06_價量背離,60,65.0,4.95,-11.99,0.77
1612.TW,P10_組合訊號,30,56.67,6.72,-9.85,0.77
6112.TW,P04_長下影線放量,35,51.43,8.11,-6.47,0.77
1752.TW,P03_均線支撐放量,24,41.67,11.64,-8.22,0.77
3617.TW,P12_多頭回檔,47,65.96,4.77,-9.93,0.76
6415.TW,P04_長下影線放量,52,65.38,4.88,-20.74,0.76
2472.TW,P01_量縮價穩,61,63.93,5.14,-12.47,0.76
6183.TW,P04_長下影線放量,52,63.46,5.22,-3.47,0.76
1907.TW,P04_長下影線放量,45,62.22,5.47,-6.47,0.76
2425.TW,P06_價量背離,85,61.18,5.69,-11.29,0.76
2415.TW,P07_RSI超賣量縮,54,61.11,5.71,-11.06,0.76
2535.TW,P10_組合訊號,68,60.29,5.87,-4.18,0.76
3058.TW,P02_量增紅K,36,47.22,9.44,-13.28,0.76
2634.TW,P06_價量背離,78,65.38,4.86,-5.48,0.75
6806.TW,P01_量縮價穩,73,63.01,5.3,-14.93,0.75
2535.TW,P03_均線支撐放量,74,62.16,5.47,-4.14,0.75
1528.TW,P03_均線支撐放量,37,59.46,6.03,-8.94,0.75
1256.TW,P02_量增紅K,28,57.14,6.56,-10.33,0.75
2465.TW,P10_組合訊號,23,56.52,6.71,-14.97,0.75
1783.TW,P11_多頭排列紅K,38,52.63,7.72,-12.56,0.75
2308.TW,P09_量縮後爆量紅K,2,50.0,-0.61,-13.84,0.75
2317.TW,P09_量縮後爆量紅K,4,50.0,-1.85,-10.58,0.75
2881.TW,P08_黃金交叉量增,6,50.0,-0.81,-9.68,0.75
2885.TW,P02_量增紅K,6,50.0,-4.55,-13.66,0.75
8046.TW,P08_黃金交叉量增,4,50.0,-7.28,-27.26,0.75
3044.TW,P09_量縮後爆量紅K,4,50.0,-6.33,-16.15,0.75
1101.TW,P09_量縮後爆量紅K,4,50.0,-3.12,-8.08,0.75
1101.TW,P11_多頭排列紅K,46,50.0,-1.46,-8.28,0.75
2337.TW,P08_黃金交叉量增,6,50.0,-0.88,-13.79,0.75
2409.TW,P02_量增紅K,16,50.0,-6.82,-15.9,0.75
2347.TW,P02_量增紅K,4,50.0,-0.88,-9.4,0.75
6415.TW,P01_量縮價穩,26,50.0,-7.37,-22.94,0.75
6415.TW,P09_量縮後爆量紅K,2,50.0,-1.25,-23.46,0.75
5269.TW,P07_RSI超賣量縮,30,50.0,-3.17,-24.36,0.75
6789.TW,P06_價量背離,32,50.0,-0.94,-17.75,0.75
9910.TW,P09_量縮後爆量紅K,6,50.0,-1.18,-11.2,0.75
9904.TW,P10_組合訊號,50,50.0,-0.44,-10.81,0.75
2542.TW,P09_量縮後爆量紅K,2,50.0,-1.89,-7.83,0.75
6285.TW,P02_量增紅K,14,50.0,-1.61,-13.4,0.75
6285.TW,P03_均線支撐放量,28,50.0,-0.08,-13.06,0.75
2354.TW,P11_多頭排列紅K,38,50.0,-0.74,-9.97,0.75
2049.TW,P05_連跌反轉紅K,34,50.0,-1.59,-15.29,0.75
6526.TW,P05_連跌反轉紅K,10,50.0,-1.94,-17.42,0.75
6526.TW,P06_價量背離,10,50.0,-4.08,-16.79,0.75
1717.TW,P09_量縮後爆量紅K,6,50.0,-0.78,-4.98,0.75
6257.TW,P02_量增紅K,16,50.0,-0.82,-16.35,0.75
2492.TW,P10_組合訊號,18,50.0,-5.11,-14.91,0.75
3532.TW,P09_量縮後爆量紅K,6,50.0,-5.99,-15.87,0.75
2006.TW,P09_量縮後爆量紅K,6,50.0,-0.17,-6.78,0.75
6890.TW,P08_黃金交叉量增,2,50.0,-3.24,-30.62,0.75
5469.TW,P10_組合訊號,24,50.0,-5.44,-15.0,0.75
2504.TW,P02_量增紅K,18,50.0,-0.59,-12.07,0.75
2504.TW,P08_黃金交叉量增,2,50.0,-9.19,-21.64,0.75
2421.TW,P08_黃金交叉量增,2,50.0,-0.54,-14.13,0.75
6592.TW,P08_黃金交叉量增,6,50.0,-3.08,-13.43,0.75
2367.TW,P09_量縮後爆量紅K,6,50.0,-5.76,-11.17,0.75
2498.TW,P09_量縮後爆量紅K,4,50.0,-6.1,-16.61,0.75
6412.TW,P09_量縮後爆量紅K,12,50.0,-0.67,-9.12,0.75
1514.TW,P09_量縮後爆量紅K,4,50.0,-3.92,-14.3,0.75
2455.TW,P10_組合訊號,22,50.0,-3.5,-20.24,0.75
6271.TW,P04_長下影線放量,40,50.0,-1.68,-14.92,0.75
2208.TW,P11_多頭排列紅K,26,50.0,-3.17,-13.92,0.75
1434.TW,P08_黃金交叉量增,14,50.0,-2.06,-7.72,0.75
7722.TW,P04_長下影線放量,6,50.0,-9.78,-26.83,0.75
7722.TW,P12_多頭回檔,4,50.0,-6.14,-27.63,0.75
2023.TW,P09_量縮後爆量紅K,4,50.0,-9.14,-17.89,0.75
3515.TW,P09_量縮後爆量紅K,8,50.0,-7.68,-16.97,0.75
2388.TW,P10_組合訊號,20,50.0,-14.96,-23.46,0.75
7795.TW,P09_量縮後爆量紅K,2,50.0,8.5,-10.03,0.75
1227.TW,P08_黃金交叉量增,8,50.0,-0.52,-6.36,0.75
3714.TW,P01_量縮價穩,46,50.0,-5.35,-14.79,0.75
2014.TW,P08_黃金交叉量增,8,50.0,-10.5,-19.15,0.75
3583.TW,P09_量縮後爆量紅K,6,50.0,-0.27,-19.08,0.75
2439.TW,P09_量縮後爆量紅K,6,50.0,-6.41,-15.79,0.75
9914.TW,P06_價量背離,36,50.0,-5.14,-15.56,0.75
2428.TW,P09_量縮後爆量紅K,10,50.0,-2.1,-13.02,0.75
6491.TW,P09_量縮後爆量紅K,10,50.0,-4.63,-17.95,0.75
6269.TW,P09_量縮後爆量紅K,2,50.0,-12.1,-16.72,0.75
7749.TW,P03_均線支撐放量,2,50.0,-13.81,-17.79,0.75
7749.TW,P10_組合訊號,2,50.0,-12.63,-16.46,0.75
6719.TW,P01_量縮價穩,24,50.0,-1.21,-13.97,0.75
6719.TW,P12_多頭回檔,6,50.0,-8.13,-17.4,0.75
1707.TW,P09_量縮後爆量紅K,2,50.0,-9.57,-11.74,0.75
6962.TW,P01_量縮價穩,4,50.0,-5.09,-23.13,0.75
6962.TW,P10_組合訊號,6,50.0,-11.93,-18.52,0.75
2605.TW,P02_量增紅K,22,50.0,-2.11,-17.95,0.75
2605.TW,P08_黃金交叉量增,12,50.0,-4.2,-20.18,0.75
1536.TW,P09_量縮後爆量紅K,6,50.0,-4.74,-10.82,0.75
3592.TW,P05_連跌反轉紅K,20,50.0,-5.05,-19.67,0.75
3592.TW,P09_量縮後爆量紅K,2,50.0,-0.27,-22.49,0.75
7711.TW,P06_價量背離,4,50.0,-18.93,-29.37,0.75
7711.TW,P08_黃金交叉量增,2,50.0,-10.64,-29.09,0.75
2489.TW,P08_黃金交叉量增,6,50.0,-5.01,-13.67,0.75
3016.TW,P04_長下影線放量,20,50.0,-3.09,-17.24,0.75
6937.TW,P11_多頭排列紅K,12,50.0,-1.48,-14.65,0.75
1312.TW,P04_長下影線放量,34,50.0,-2.11,-13.69,0.75
5243.TW,P08_黃金交叉量增,6,50.0,-4.24,-15.36,0.75
4576.TW,P08_黃金交叉量增,12,50.0,-9.69,-19.11,0.75
6965.TW,P01_量縮價穩,12,50.0,-7.97,-17.05,0.75
6965.TW,P05_連跌反轉紅K,6,50.0,-2.51,-15.95,0.75
6965.TW,P10_組合訊號,2,50.0,-16.2,-27.02,0.75
2031.TW,P09_量縮後爆量紅K,6,50.0,-0.58,-13.51,0.75
2231.TW,P08_黃金交叉量增,4,50.0,-2.01,-8.87,0.75
2485.TW,P06_價量背離,78,50.0,-1.22,-11.45,0.75
6533.TW,P09_量縮後爆量紅K,4,50.0,-6.97,-29.11,0.75
2323.TW,P03_均線支撐放量,26,50.0,-1.52,-13.32,0.75
2348.TW,P06_價量背離,60,50.0,-0.73,-11.76,0.75
1710.TW,P02_量增紅K,18,50.0,-4.64,-11.88,0.75
7765.TW,P03_均線支撐放量,18,50.0,-1.74,-9.95,0.75
2338.TW,P12_多頭回檔,26,50.0,-5.22,-19.25,0.75
1563.TW,P03_均線支撐放量,8,50.0,-3.08,-14.01,0.75
1563.TW,P04_長下影線放量,12,50.0,-6.61,-12.5,0.75
3708.TW,P04_長下影線放量,24,50.0,-1.77,-13.45,0.75
4771.TW,P05_連跌反轉紅K,6,50.0,-8.08,-18.46,0.75
6525.TW,P08_黃金交叉量增,6,50.0,-9.73,-15.56,0.75
6209.TW,P04_長下影線放量,26,50.0,-0.15,-14.95,0.75
6153.TW,P08_黃金交叉量增,10,50.0,-5.98,-18.43,0.75
1582.TW,P08_黃金交叉量增,2,50.0,-6.64,-17.31,0.75
8213.TW,P07_RSI超賣量縮,54,50.0,-2.33,-10.87,0.75
6957.TW,P08_黃金交叉量增,2,50.0,-21.17,-30.79,0.75
6957.TW,P09_量縮後爆量紅K,4,50.0,-6.76,-19.3,0.75
6715.TW,P08_黃金交叉量增,10,50.0,-2.09,-17.32,0.75
2534.TW,P05_連跌反轉紅K,38,50.0,-0.55,-10.15,0.75
2534.TW,P11_多頭排列紅K,68,50.0,-0.22,-9.91,0.75
2102.TW,P09_量縮後爆量紅K,8,50.0,-7.34,-12.37,0.75
2332.TW,P09_量縮後爆量紅K,10,50.0,-3.66,-17.73,0.75
5531.TW,P11_多頭排列紅K,32,50.0,-3.39,-10.94,0.75
6534.TW,P02_量增紅K,6,50.0,-1.04,-5.86,0.75
7740.TW,P05_連跌反轉紅K,4,50.0,-12.39,-18.67,0.75
7740.TW,P08_黃金交叉量增,2,50.0,-25.76,-31.04,0.75
7740.TW,P10_組合訊號,2,50.0,-24.44,-28.39,0.75
6862.TW,P09_量縮後爆量紅K,2,50.0,-14.1,-24.3,0.75
6863.TW,P03_均線支撐放量,12,50.0,-10.01,-16.68,0.75
9927.TW,P02_量增紅K,12,50.0,-1.57,-9.7,0.75
2762.TW,P11_多頭排列紅K,12,50.0,-2.6,-8.25,0.75
4438.TW,P02_量增紅K,20,50.0,-0.27,-9.19,0.75
3003.TW,P02_量增紅K,20,50.0,-3.93,-14.65,0.75
2536.TW,P09_量縮後爆量紅K,4,50.0,-0.84,-8.46,0.75
3645.TW,P12_多頭回檔,20,50.0,-1.22,-18.89,0.75
6120.TW,P09_量縮後爆量紅K,2,50.0,-4.11,-11.31,0.75
2228.TW,P08_黃金交叉量增,8,50.0,-0.02,-8.28,0.75
3049.TW,P08_黃金交叉量增,2,50.0,-0.2,-9.3,0.75
3049.TW,P12_多頭回檔,32,50.0,-3.24,-14.59,0.75
2029.TW,P08_黃金交叉量增,6,50.0,-7.25,-12.11,0.75
1225.TW,P09_量縮後爆量紅K,18,50.0,-4.02,-13.45,0.75
1305.TW,P08_黃金交叉量增,6,50.0,-5.31,-12.68,0.75
6117.TW,P02_量增紅K,42,50.0,-1.48,-13.85,0.75
4994.TW,P09_量縮後爆量紅K,10,50.0,-8.93,-16.4,0.75
2614.TW,P10_組合訊號,42,50.0,-1.09,-10.73,0.75
8215.TW,P03_均線支撐放量,26,50.0,-1.86,-11.96,0.75
8215.TW,P06_價量背離,66,50.0,-1.43,-12.55,0.75
8215.TW,P08_黃金交叉量增,6,50.0,-3.91,-13.61,0.75
4164.TW,P08_黃金交叉量增,4,50.0,-2.71,-11.63,0.75
6958.TW,P09_量縮後爆量紅K,4,50.0,-8.74,-12.23,0.75
4119.TW,P08_黃金交叉量增,4,50.0,-0.22,-9.15,0.75
5203.TW,P02_量增紅K,26,50.0,-0.56,-11.93,0.75
2442.TW,P09_量縮後爆量紅K,10,50.0,-0.36,-12.81,0.75
6933.TW,P03_均線支撐放量,4,50.0,-3.68,-19.18,0.75
2426.TW,P09_量縮後爆量紅K,6,50.0,-6.67,-12.42,0.75
7791.TW,P01_量縮價穩,30,50.0,-0.84,-10.29,0.75
6756.TW,P02_量增紅K,16,50.0,-6.54,-20.31,0.75
6756.TW,P06_價量背離,42,50.0,-2.16,-17.69,0.75
4540.TW,P12_多頭回檔,32,50.0,-2.08,-12.65,0.75
6776.TW,P02_量增紅K,22,50.0,-0.98,-14.48,0.75
2012.TW,P09_量縮後爆量紅K,10,50.0,-0.92,-7.96,0.75
1524.TW,P08_黃金交叉量增,14,50.0,-2.1,-9.31,0.75
8442.TW,P08_黃金交叉量增,18,50.0,-1.69,-9.46,0.75
1464.TW,P11_多頭排列紅K,36,50.0,-1.68,-9.8,0.75
1525.TW,P04_長下影線放量,28,50.0,-2.0,-9.93,0.75
3338.TW,P09_量縮後爆量紅K,12,50.0,-8.98,-18.52,0.75
3338.TW,P10_組合訊號,20,50.0,-6.32,-20.46,0.75
6928.TW,P03_均線支撐放量,4,50.0,-8.55,-25.93,0.75
6928.TW,P11_多頭排列紅K,2,50.0,-8.0,-15.33,0.75
1611.TW,P08_黃金交叉量增,8,50.0,-2.75,-10.36,0.75
6657.TW,P09_量縮後爆量紅K,4,50.0,-4.17,-10.83,0.75
6168.TW,P09_量縮後爆量紅K,10,50.0,-2.26,-14.7,0.75
6838.TW,P07_RSI超賣量縮,20,50.0,-4.44,-21.7,0.75
6205.TW,P08_黃金交叉量增,14,50.0,-6.08,-13.26,0.75
8438.TW,P04_長下影線放量,46,50.0,-4.55,-14.52,0.75
4439.TW,P11_多頭排列紅K,34,50.0,-1.05,-8.07,0.75
6722.TW,P05_連跌反轉紅K,16,50.0,-0.32,-9.73,0.75
4564.TW,P02_量增紅K,26,50.0,-4.91,-14.09,0.75
4564.TW,P11_多頭排列紅K,28,50.0,-3.86,-14.62,0.75
2488.TW,P08_黃金交叉量增,6,50.0,-0.48,-5.27,0.75
7730.TW,P05_連跌反轉紅K,10,50.0,-2.54,-16.07,0.75
2462.TW,P08_黃金交叉量增,16,50.0,-4.05,-12.55,0.75
2254.TW,P08_黃金交叉量增,2,50.0,-2.48,-15.27,0.75
1587.TW,P02_量增紅K,22,50.0,-5.2,-15.57,0.75
8104.TW,P04_長下影線放量,22,50.0,-1.28,-14.52,0.75
1598.TW,P08_黃金交叉量增,6,50.0,-3.14,-9.82,0.75
1598.TW,P11_多頭排列紅K,42,50.0,-3.18,-15.44,0.75
6582.TW,P05_連跌反轉紅K,36,50.0,-4.13,-13.17,0.75
8011.TW,P11_多頭排列紅K,50,50.0,-3.16,-14.05,0.75
9919.TW,P07_RSI超賣量縮,74,50.0,-4.07,-13.11,0.75
2239.TW,P02_量增紅K,28,50.0,-7.62,-19.09,0.75
6861.TW,P03_均線支撐放量,28,50.0,-3.4,-16.4,0.75
6142.TW,P02_量增紅K,40,50.0,-0.16,-11.53,0.75
2241.TW,P08_黃金交叉量增,12,50.0,-11.43,-18.71,0.75
2069.TW,P09_量縮後爆量紅K,6,50.0,-8.32,-11.1,0.75
2038.TW,P08_黃金交叉量增,6,50.0,-1.04,-8.89,0.75
2302.TW,P08_黃金交叉量增,10,50.0,-5.66,-16.24,0.75
4108.TW,P08_黃金交叉量增,8,50.0,-6.92,-10.16,0.75
6902.TW,P02_量增紅K,12,50.0,-7.93,-17.97,0.75
6902.TW,P03_均線支撐放量,16,50.0,-4.8,-15.9,0.75
6902.TW,P04_長下影線放量,16,50.0,-14.4,-19.84,0.75
6902.TW,P08_黃金交叉量增,2,50.0,-7.87,-16.86,0.75
6792.TW,P07_RSI超賣量縮,62,50.0,-1.15,-14.37,0.75
6909.TW,P05_連跌反轉紅K,4,50.0,-9.63,-19.49,0.75
6909.TW,P10_組合訊號,4,50.0,-21.1,-24.52,0.75
6909.TW,P12_多頭回檔,2,50.0,-15.9,-23.95,0.75
4555.TW,P05_連跌反轉紅K,18,50.0,-1.59,-12.33,0.75
6591.TW,P02_量增紅K,22,50.0,-1.84,-16.35,0.75
6834.TW,P06_價量背離,62,50.0,-0.46,-11.2,0.75
7721.TW,P03_均線支撐放量,14,50.0,-0.48,-12.62,0.75
7721.TW,P08_黃金交叉量增,4,50.0,-1.02,-16.77,0.75
6936.TW,P05_連跌反轉紅K,2,50.0,-1.55,-5.1,0.75
8162.TW,P08_黃金交叉量增,2,50.0,-1.48,-8.45,0.75
7732.TW,P08_黃金交叉量增,2,50.0,-6.52,-11.18,0.75
4956.TW,P10_組合訊號,36,50.0,-1.71,-17.66,0.75
6906.TW,P05_連跌反轉紅K,12,50.0,-6.21,-21.53,0.75
6906.TW,P08_黃金交叉量增,4,50.0,-11.8,-24.84,0.75
6906.TW,P09_量縮後爆量紅K,2,50.0,-14.67,-19.37,0.75
6906.TW,P10_組合訊號,14,50.0,-3.16,-22.18,0.75
6906.TW,P12_多頭回檔,2,50.0,-7.73,-19.49,0.75
6552.TW,P08_黃金交叉量增,4,50.0,-5.88,-17.24,0.75
6108.TW,P09_量縮後爆量紅K,10,50.0,-1.91,-10.4,0.75
1446.TW,P09_量縮後爆量紅K,6,50.0,-2.76,-6.07,0.75
2032.TW,P09_量縮後爆量紅K,10,50.0,-13.6,-21.24,0.75
6698.TW,P02_量增紅K,30,50.0,-8.46,-18.4,0.75
6698.TW,P09_量縮後爆量紅K,12,50.0,-2.72,-14.69,0.75
2314.TW,P09_量縮後爆量紅K,18,50.0,-2.58,-18.18,0.75
3518.TW,P09_量縮後爆量紅K,4,50.0,-8.77,-18.91,0.75
6666.TW,P08_黃金交叉量增,10,50.0,-1.67,-9.37,0.75
6666.TW,P12_多頭回檔,36,50.0,-3.86,-12.92,0.75
4155.TW,P09_量縮後爆量紅K,6,50.0,-4.79,-14.9,0.75
3419.TW,P03_均線支撐放量,36,50.0,-2.72,-13.15,0.75
3419.TW,P12_多頭回檔,24,50.0,-2.75,-13.06,0.75
4190.TW,P09_量縮後爆量紅K,6,50.0,-4.55,-11.45,0.75
1467.TW,P08_黃金交叉量增,10,50.0,-2.34,-5.9,0.75
1471.TW,P09_量縮後爆量紅K,18,50.0,-2.56,-19.75,0.75
1735.TW,P05_連跌反轉紅K,16,50.0,-1.25,-8.9,0.75
2497.TW,P11_多頭排列紅K,33,48.48,8.99,-17.48,0.75
5484.TW,P07_RSI超賣量縮,115,45.22,10.14,-12.72,0.75
2405.TW,P01_量縮價穩,94,71.28,3.86,-10.98,0.74
1229.TW,P11_多頭排列紅K,48,66.67,4.61,-5.83,0.74
1535.TW,P09_量縮後爆量紅K,11,63.64,5.17,-3.85,0.74
8162.TW,P05_連跌反轉紅K,13,61.54,5.58,-9.9,0.74
9939.TW,P10_組合訊號,57,61.4,5.6,-6.8,0.74
8021.TW,P02_量增紅K,28,60.71,5.74,-9.39,0.74
2480.TW,P03_均線支撐放量,59,59.32,6.04,-4.29,0.74
3046.TW,P10_組合訊號,39,58.97,6.13,-17.14,0.74
1308.TW,P07_RSI超賣量縮,60,58.33,6.26,-7.36,0.74
2504.TW,P05_連跌反轉紅K,31,58.06,6.34,-9.95,0.74
1721.TW,P10_組合訊號,42,52.38,7.78,-8.12,0.74
3380.TW,P06_價量背離,43,79.07,2.78,-10.94,0.73
2028.TW,P07_RSI超賣量縮,75,70.67,3.94,-10.21,0.73
2812.TW,P10_組合訊號,40,70.0,4.05,-4.38,0.73
3533.TW,P11_多頭排列紅K,47,68.09,4.35,-13.7,0.73
1590.TW,P03_均線支撐放量,33,66.67,4.59,-14.79,0.73
2480.TW,P01_量縮價穩,129,62.02,5.46,-5.43,0.73
2542.TW,P10_組合訊號,55,61.82,5.5,-4.2,0.73
3694.TW,P01_量縮價穩,91,60.44,5.79,-12.8,0.73
1504.TW,P12_多頭回檔,57,59.65,5.96,-7.89,0.73
3257.TW,P05_連跌反轉紅K,26,57.69,6.4,-12.09,0.73
2356.TW,P01_量縮價穩,60,56.67,6.64,-6.8,0.73
2516.TW,P07_RSI超賣量縮,100,56.0,6.81,-7.09,0.73
4736.TW,P09_量縮後爆量紅K,1,100.0,0.72,-1.6,0.72
2458.TW,P12_多頭回檔,37,72.97,3.58,-10.81,0.72
3652.TW,P03_均線支撐放量,53,64.15,5.04,-8.13,0.72
2527.TW,P05_連跌反轉紅K,36,63.89,5.09,-10.02,0.72
3016.TW,P02_量增紅K,19,63.16,5.23,-14.12,0.72
6176.TW,P01_量縮價穩,76,61.84,5.49,-5.75,0.72
2607.TW,P06_價量背離,89,61.8,5.5,-5.57,0.72
2228.TW,P10_組合訊號,43,60.47,5.76,-7.12,0.72
2383.TW,P03_均線支撐放量,25,60.0,5.87,-18.46,0.72
2484.TW,P05_連跌反轉紅K,34,58.82,6.12,-10.38,0.72
2323.TW,P04_長下影線放量,14,57.14,6.52,-10.26,0.72
1443.TW,P12_多頭回檔,140,51.43,8.01,-5.25,0.72
4906.TW,P07_RSI超賣量縮,41,80.49,2.58,-9.89,0.71
4906.TW,P01_量縮價穩,60,70.0,4.01,-7.76,0.71
2387.TW,P02_量增紅K,20,65.0,4.87,-13.34,0.71
2461.TW,P06_價量背離,65,64.62,4.93,-7.09,0.71
2612.TW,P03_均線支撐放量,28,64.29,5.0,-9.21,0.71
1307.TW,P07_RSI超賣量縮,61,63.93,5.06,-7.32,0.71
1773.TW,P06_價量背離,44,63.64,5.11,-9.0,0.71
8112.TW,P12_多頭回檔,50,58.0,6.3,-8.58,0.71
8454.TW,P04_長下影線放量,36,52.78,7.61,-12.44,0.71
6909.TW,P02_量增紅K,1,100.0,0.7,-9.57,0.7
3376.TW,P11_多頭排列紅K,50,72.0,3.69,-13.78,0.7
4906.TW,P10_組合訊號,52,69.23,4.13,-7.55,0.7
6491.TW,P02_量增紅K,32,65.62,4.73,-12.52,0.7
9902.TW,P12_多頭回檔,65,63.08,5.21,-5.47,0.7
2420.TW,P05_連跌反轉紅K,29,62.07,5.41,-7.7,0.7
2392.TW,P02_量增紅K,22,59.09,6.04,-11.46,0.7
2615.TW,P06_價量背離,56,58.93,6.07,-10.16,0.7
912000.TW,P05_連跌反轉紅K,17,52.94,7.54,-13.72,0.7
2539.TW,P10_組合訊號,48,50.0,8.39,-2.79,0.7
1215.TW,P06_價量背離,114,62.28,5.35,-3.35,0.69
2637.TW,P04_長下影線放量,31,61.29,5.55,-13.48,0.69
3149.TW,P01_量縮價穩,139,58.99,6.04,-15.96,0.69
4770.TW,P10_組合訊號,30,56.67,6.57,-12.38,0.69
9136.TW,P04_長下影線放量,59,49.15,8.65,-7.4,0.69
2645.TW,P07_RSI超賣量縮,33,45.45,9.92,-8.52,0.69
3703.TW,P05_連跌反轉紅K,30,76.67,3.02,-8.07,0.68
6239.TW,P02_量增紅K,14,71.43,3.75,-14.01,0.68
2258.TW,P06_價量背離,28,67.86,4.32,-9.51,0.68
2474.TW,P08_黃金交叉量增,6,66.67,4.52,-8.5,0.68
2613.TW,P06_價量背離,82,64.63,4.89,-8.35,0.68
1256.TW,P12_多頭回檔,48,64.58,4.89,-10.48,0.68
1604.TW,P11_多頭排列紅K,72,62.5,5.28,-4.82,0.68
1464.TW,P05_連跌反轉紅K,23,60.87,5.61,-8.07,0.68
3149.TW,P02_量增紅K,47,59.57,5.9,-18.23,0.68
6491.TW,P07_RSI超賣量縮,50,58.0,6.23,-14.62,0.68
8249.TW,P06_價量背離,88,55.68,6.8,-6.55,0.68
2305.TW,P01_量縮價穩,109,49.54,-0.48,-12.95,0.68
6862.TW,P07_RSI超賣量縮,11,72.73,3.54,-12.94,0.67
2313.TW,P01_量縮價穩,50,62.0,5.37,-12.58,0.67
6183.TW,P05_連跌反轉紅K,34,61.76,5.42,-5.79,0.67
1535.TW,P05_連跌反轉紅K,39,58.97,6.0,-6.3,0.67
6117.TW,P01_量縮價穩,161,56.52,6.57,-9.07,0.67
3356.TW,P12_多頭回檔,25,56.0,6.69,-15.93,0.67
2331.TW,P02_量增紅K,30,53.33,7.38,-12.05,0.67
3645.TW,P08_黃金交叉量增,10,80.0,2.58,-12.89,0.66
2442.TW,P01_量縮價穩,113,68.14,4.23,-9.99,0.66
3305.TW,P10_組合訊號,31,67.74,4.3,-8.72,0.66
3413.TW,P01_量縮價穩,62,61.29,5.5,-12.37,0.66
3135.TW,P01_量縮價穩,69,56.52,6.55,-13.55,0.66
2493.TW,P01_量縮價穩,123,54.47,7.07,-6.2,0.66
3024.TW,P07_RSI超賣量縮,59,54.24,7.12,-9.7,0.66
2020.TW,P12_多頭回檔,57,52.63,7.55,-6.84,0.66
2464.TW,P02_量增紅K,16,50.0,8.31,-9.56,0.66
1305.TW,P01_量縮價穩,91,49.45,-0.73,-12.56,0.66
1710.TW,P01_量縮價穩,87,49.43,-2.74,-10.11,0.66
6666.TW,P07_RSI超賣量縮,83,49.4,-1.43,-11.65,0.66
2354.TW,P02_量增紅K,19,68.42,4.18,-10.58,0.65
2228.TW,P11_多頭排列紅K,37,67.57,4.32,-8.32,0.65
7730.TW,P03_均線支撐放量,12,58.33,6.12,-10.0,0.65
2903.TW,P04_長下影線放量,63,57.14,6.39,-6.14,0.65
6768.TW,P02_量增紅K,21,57.14,6.38,-9.01,0.65
2467.TW,P10_組合訊號,58,56.9,6.44,-9.6,0.65
9935.TW,P06_價量背離,75,49.33,-2.15,-10.91,0.65
1589.TW,P06_價量背離,75,49.33,-1.78,-11.49,0.65
2305.TW,P05_連跌反轉紅K,29,48.28,8.84,-13.36,0.65
1235.TW,P07_RSI超賣量縮,39,66.67,4.47,-11.58,0.64
2471.TW,P03_均線支撐放量,38,63.16,5.1,-6.08,0.64
3591.TW,P12_多頭回檔,24,62.5,5.22,-8.13,0.64
2704.TW,P11_多頭排列紅K,69,60.87,5.54,-6.4,0.64
2890.TW,P11_多頭排列紅K,100,60.0,5.73,-4.58,0.64
1617.TW,P11_多頭排列紅K,31,58.06,6.16,-6.82,0.64
2637.TW,P01_量縮價穩,58,56.9,6.43,-10.53,0.64
3346.TW,P06_價量背離,69,49.28,-1.94,-14.54,0.64
1582.TW,P11_多頭排列紅K,19,73.68,3.35,-8.35,0.63
1615.TW,P02_量增紅K,16,68.75,4.1,-7.35,0.63
8222.TW,P01_量縮價穩,137,64.23,4.88,-8.03,0.63
2377.TW,P08_黃金交叉量增,8,62.5,5.21,-12.5,0.63
4977.TW,P06_價量背離,42,61.9,5.32,-12.22,0.63
6215.TW,P02_量增紅K,38,55.26,6.8,-13.31,0.63
2012.TW,P03_均線支撐放量,63,49.21,-0.16,-8.06,0.63
6902.TW,P01_量縮價穩,63,49.21,-5.78,-17.72,0.63
6152.TW,P04_長下影線放量,49,71.43,3.67,-12.18,0.62
6128.TW,P09_量縮後爆量紅K,6,66.67,4.42,-4.57,0.62
2102.TW,P05_連跌反轉紅K,44,63.64,4.97,-9.43,0.62
2006.TW,P12_多頭回檔,74,63.51,5.0,-5.0,0.62
1309.TW,P05_連跌反轉紅K,30,50.0,8.23,-11.76,0.62
6443.TW,P01_量縮價穩,59,49.15,-3.36,-14.87,0.62
4569.TW,P05_連跌反轉紅K,6,33.33,15.86,-17.7,0.62
5521.TW,P09_量縮後爆量紅K,2,100.0,0.61,-4.33,0.61
8487.TW,P09_量縮後爆量紅K,6,66.67,4.42,-6.48,0.61
2609.TW,P07_RSI超賣量縮,83,50.6,8.05,-11.67,0.61
5608.TW,P06_價量背離,114,49.12,-4.86,-14.35,0.61
4190.TW,P10_組合訊號,55,49.09,-1.31,-8.97,0.61
6142.TW,P09_量縮後爆量紅K,11,72.73,3.45,-10.45,0.6
6722.TW,P04_長下影線放量,32,68.75,4.05,-6.37,0.6
2405.TW,P07_RSI超賣量縮,69,68.12,4.15,-9.77,0.6
3605.TW,P01_量縮價穩,95,66.32,4.46,-11.55,0.6
2331.TW,P01_量縮價穩,72,62.5,5.15,-10.81,0.6
3679.TW,P01_量縮價穩,167,60.48,5.56,-8.41,0.6
3356.TW,P09_量縮後爆量紅K,9,55.56,6.68,-11.74,0.6
2867.TW,P12_多頭回檔,53,49.06,-1.62,-10.49,0.6
6666.TW,P03_均線支撐放量,53,49.06,-4.55,-11.8,0.6
2371.TW,P07_RSI超賣量縮,64,67.19,4.3,-12.05,0.59
2413.TW,P06_價量背離,60,66.67,4.39,-11.66,0.59
1597.TW,P01_量縮價穩,114,65.79,4.54,-10.27,0.59
2457.TW,P03_均線支撐放量,32,65.62,4.57,-11.23,0.59
4938.TW,P04_長下影線放量,61,65.57,4.57,-7.13,0.59
2302.TW,P01_量縮價穩,106,63.21,5.0,-12.66,0.59
2417.TW,P11_多頭排列紅K,37,59.46,5.76,-15.68,0.59
3010.TW,P05_連跌反轉紅K,24,54.17,7.0,-9.63,0.59
6133.TW,P03_均線支撐放量,48,52.08,7.57,-9.16,0.59
2317.TW,P05_連跌反轉紅K,22,50.0,8.18,-6.84,0.59
2105.TW,P12_多頭回檔,49,48.98,-0.2,-8.33,0.59
8473.TW,P11_多頭排列紅K,49,48.98,-0.15,-11.34,0.59
2906.TW,P12_多頭回檔,49,48.98,-0.7,-8.5,0.59
1589.TW,P01_量縮價穩,98,48.98,-1.22,-13.14,0.59
1304.TW,P04_長下影線放量,47,48.94,-0.49,-11.18,0.59
6830.TW,P05_連跌反轉紅K,21,66.67,4.38,-12.17,0.58
6426.TW,P06_價量背離,57,66.67,4.38,-13.96,0.58
3518.TW,P02_量增紅K,31,64.52,4.76,-13.02,0.58
7711.TW,P01_量縮價穩,14,64.29,4.79,-22.89,0.58
6235.TW,P01_量縮價穩,98,56.12,6.51,-15.38,0.58
5285.TW,P05_連跌反轉紅K,38,55.26,6.72,-11.06,0.58
6598.TW,P04_長下影線放量,60,53.33,7.21,-10.57,0.58
5471.TW,P12_多頭回檔,45,48.89,-0.38,-11.08,0.58
6224.TW,P10_組合訊號,45,48.89,-0.11,-11.92,0.58
4148.TW,P12_多頭回檔,45,48.89,-3.46,-16.11,0.58
3706.TW,P10_組合訊號,38,60.53,5.5,-6.22,0.57
1760.TW,P07_RSI超賣量縮,60,60.0,5.62,-14.23,0.57
3617.TW,P01_量縮價穩,128,57.81,6.09,-7.55,0.57
2347.TW,P08_黃金交叉量增,7,57.14,6.26,-7.02,0.57
1904.TW,P04_長下影線放量,43,48.84,-1.78,-8.22,0.57
6757.TW,P08_黃金交叉量增,1,100.0,0.56,-12.85,0.56
6239.TW,P09_量縮後爆量紅K,4,75.0,3.08,-9.83,0.56
2455.TW,P11_多頭排列紅K,46,71.74,3.54,-16.08,0.56
9955.TW,P05_連跌反轉紅K,20,65.0,4.64,-12.69,0.56
3356.TW,P02_量增紅K,29,62.07,5.17,-11.7,0.56
2020.TW,P04_長下影線放量,36,58.33,5.95,-7.32,0.56
4148.TW,P04_長下影線放量,31,58.06,6.01,-9.15,0.56
3050.TW,P09_量縮後爆量紅K,16,56.25,6.44,-8.06,0.56
8926.TW,P11_多頭排列紅K,61,52.46,7.41,-6.71,0.56
2901.TW,P07_RSI超賣量縮,45,51.11,7.79,-3.55,0.56
1515.TW,P10_組合訊號,41,48.78,-3.15,-14.33,0.56
6835.TW,P02_量增紅K,41,48.78,-0.52,-9.46,0.56
2453.TW,P05_連跌反轉紅K,22,77.27,2.77,-11.45,0.55
1470.TW,P12_多頭回檔,60,71.67,3.53,-5.57,0.55
6525.TW,P03_均線支撐放量,49,67.35,4.22,-7.01,0.55
6414.TW,P11_多頭排列紅K,36,66.67,4.32,-9.98,0.55
3209.TW,P11_多頭排列紅K,42,64.29,4.75,-8.42,0.55
2884.TW,P01_量縮價穩,61,63.93,4.82,-4.46,0.55
3550.TW,P03_均線支撐放量,56,57.14,6.22,-9.28,0.55
3702.TW,P10_組合訊號,46,56.52,6.36,-5.48,0.55
6668.TW,P08_黃金交叉量增,10,50.0,8.11,-15.03,0.55
5871.TW,P06_價量背離,39,48.72,-0.1,-9.87,0.55
4438.TW,P11_多頭排列紅K,39,48.72,-1.05,-9.66,0.55
2484.TW,P03_均線支撐放量,39,48.72,-0.31,-12.44,0.55
9934.TW,P11_多頭排列紅K,39,48.72,-3.33,-10.98,0.55
6672.TW,P04_長下影線放量,41,75.61,2.97,-11.98,0.54
2481.TW,P11_多頭排列紅K,34,61.76,5.21,-15.87,0.54
3416.TW,P12_多頭回檔,48,60.42,5.48,-8.56,0.54
3026.TW,P07_RSI超賣量縮,48,58.33,5.93,-6.34,0.54
9945.TW,P11_多頭排列紅K,48,56.25,6.4,-7.91,0.54
4551.TW,P10_組合訊號,37,48.65,-0.92,-15.97,0.54
3022.TW,P06_價量背離,74,48.65,-0.01,-11.49,0.54
6952.TW,P10_組合訊號,37,48.65,-2.83,-8.37,0.54
3094.TW,P10_組合訊號,37,48.65,-0.01,-13.2,0.54
6558.TW,P11_多頭排列紅K,39,71.79,3.49,-16.29,0.53
3504.TW,P08_黃金交叉量增,7,71.43,3.54,-13.97,0.53
2351.TW,P05_連跌反轉紅K,30,66.67,4.3,-12.97,0.53
2395.TW,P12_多頭回檔,60,65.0,4.59,-7.75,0.53
3338.TW,P12_多頭回檔,24,62.5,5.05,-12.51,0.53
6152.TW,P06_價量背離,94,58.51,5.88,-13.86,0.53
2528.TW,P11_多頭排列紅K,51,50.98,7.77,-8.66,0.53
1305.TW,P06_價量背離,72,48.61,-3.29,-12.97,0.53
1587.TW,P07_RSI超賣量縮,72,48.61,-0.83,-12.94,0.53
1605.TW,P11_多頭排列紅K,35,48.57,-0.28,-15.38,0.53
4942.TW,P07_RSI超賣量縮,35,48.57,-1.47,-9.73,0.53
2328.TW,P07_RSI超賣量縮,50,72.0,3.44,-10.73,0.52
2458.TW,P05_連跌反轉紅K,29,68.97,3.9,-9.94,0.52
1712.TW,P11_多頭排列紅K,69,66.67,4.29,-5.83,0.52
1810.TW,P02_量增紅K,37,62.16,5.1,-9.93,0.52
1319.TW,P07_RSI超賣量縮,29,62.07,5.11,-10.79,0.52
2038.TW,P07_RSI超賣量縮,97,60.82,5.37,-10.26,0.52
2027.TW,P08_黃金交叉量增,5,60.0,5.53,-7.45,0.52
2208.TW,P08_黃金交叉量增,10,60.0,5.53,-7.01,0.52
6191.TW,P03_均線支撐放量,28,57.14,6.16,-10.06,0.52
1443.TW,P04_長下影線放量,86,50.0,8.03,-5.06,0.52
6456.TW,P01_量縮價穩,68,48.53,-4.06,-15.22,0.52
6153.TW,P01_量縮價穩,68,48.53,-2.54,-14.17,0.52
6443.TW,P03_均線支撐放量,33,48.48,-8.89,-17.59,0.52
5471.TW,P03_均線支撐放量,33,48.48,-0.18,-10.73,0.52
3380.TW,P01_量縮價穩,78,70.51,3.65,-12.17,0.51
4915.TW,P03_均線支撐放量,36,66.67,4.27,-10.6,0.51
3059.TW,P06_價量背離,62,66.13,4.36,-11.03,0.51
6153.TW,P05_連跌反轉紅K,32,65.62,4.44,-10.72,0.51
4994.TW,P07_RSI超賣量縮,40,65.0,4.56,-11.12,0.51
4934.TW,P04_長下影線放量,58,63.79,4.77,-15.71,0.51
2477.TW,P01_量縮價穩,177,62.71,4.98,-8.76,0.51
3014.TW,P06_價量背離,47,59.57,5.61,-10.22,0.51
8103.TW,P04_長下影線放量,27,55.56,6.51,-10.93,0.51
6189.TW,P05_連跌反轉紅K,21,52.38,7.34,-7.56,0.51
2241.TW,P06_價量背離,97,48.45,-0.64,-10.75,0.51
9904.TW,P01_量縮價穩,64,48.44,-0.9,-9.53,0.51
1904.TW,P03_均線支撐放量,64,48.44,-0.32,-7.33,0.51
2007.TW,P10_組合訊號,64,48.44,-0.44,-11.94,0.51
8011.TW,P05_連跌反轉紅K,29,75.86,2.88,-9.79,0.5
6285.TW,P06_價量背離,41,68.29,3.98,-8.6,0.5
9934.TW,P08_黃金交叉量增,9,66.67,4.25,-8.67,0.5
3545.TW,P05_連跌反轉紅K,34,64.71,4.6,-13.56,0.5
2498.TW,P06_價量背離,39,64.1,4.7,-11.66,0.5
3231.TW,P07_RSI超賣量縮,33,63.64,4.79,-8.98,0.5
2355.TW,P03_均線支撐放量,42,61.9,5.12,-10.99,0.5
6689.TW,P01_量縮價穩,137,58.39,5.84,-10.53,0.5
5521.TW,P05_連跌反轉紅K,31,54.84,6.67,-8.09,0.5
2305.TW,P09_量縮後爆量紅K,11,54.55,6.76,-10.67,0.5
8131.TW,P05_連跌反轉紅K,16,50.0,7.99,-6.85,0.5
6116.TW,P11_多頭排列紅K,31,48.39,-2.34,-13.23,0.5
1786.TW,P11_多頭排列紅K,31,48.39,-0.74,-14.45,0.5
8438.TW,P12_多頭回檔,31,48.39,-0.77,-9.06,0.5
8476.TW,P03_均線支撐放量,31,48.39,-3.22,-18.96,0.5
1734.TW,P07_RSI超賣量縮,56,46.43,9.15,-5.33,0.5
2379.TW,P03_均線支撐放量,38,68.42,3.94,-12.1,0.49
3004.TW,P01_量縮價穩,120,66.67,4.24,-10.52,0.49
2201.TW,P02_量增紅K,21,61.9,5.09,-8.93,0.49
2369.TW,P11_多頭排列紅K,42,61.9,5.1,-15.16,0.49
3021.TW,P06_價量背離,98,60.2,5.44,-7.23,0.49
2374.TW,P10_組合訊號,36,58.33,5.84,-9.06,0.49
4912.TW,P10_組合訊號,37,56.76,6.19,-13.25,0.49
2618.TW,P05_連跌反轉紅K,30,53.33,7.04,-12.78,0.49
2723.TW,P10_組合訊號,45,53.33,7.04,-10.52,0.49
2239.TW,P07_RSI超賣量縮,91,48.35,-4.2,-16.9,0.49
4119.TW,P10_組合訊號,60,48.33,-0.53,-8.76,0.49
2356.TW,P11_多頭排列紅K,55,45.45,9.47,-7.13,0.49
1597.TW,P05_連跌反轉紅K,31,70.97,3.54,-9.32,0.48
2228.TW,P06_價量背離,81,66.67,4.22,-7.24,0.48
1609.TW,P06_價量背離,50,64.0,4.69,-11.02,0.48
2442.TW,P06_價量背離,55,63.64,4.76,-10.34,0.48
6415.TW,P12_多頭回檔,19,63.16,4.85,-16.06,0.48
2302.TW,P10_組合訊號,40,62.5,4.97,-11.88,0.48
3679.TW,P12_多頭回檔,63,58.73,5.74,-7.4,0.48
1603.TW,P04_長下影線放量,33,57.58,6.0,-8.37,0.48
6550.TW,P04_長下影線放量,79,55.7,6.43,-22.82,0.48
3703.TW,P04_長下影線放量,34,50.0,7.96,-10.82,0.48
2101.TW,P05_連跌反轉紅K,29,48.28,-0.33,-9.23,0.48
1536.TW,P11_多頭排列紅K,29,48.28,-2.07,-12.84,0.48
1522.TW,P12_多頭回檔,29,48.28,-0.12,-10.34,0.48
4571.TW,P12_多頭回檔,29,48.28,-0.28,-12.33,0.48
5608.TW,P01_量縮價穩,116,48.28,-5.36,-15.11,0.48
4976.TW,P01_量縮價穩,87,48.28,-4.18,-20.68,0.48
4722.TW,P06_價量背離,100,44.0,9.99,-4.94,0.48
910322.TW,P08_黃金交叉量增,11,81.82,2.13,-9.97,0.47
2612.TW,P01_量縮價穩,111,68.47,3.92,-10.3,0.47
2881.TW,P09_量縮後爆量紅K,3,66.67,4.2,-3.89,0.47
2537.TW,P01_量縮價穩,107,66.36,4.26,-9.63,0.47
3013.TW,P01_量縮價穩,111,63.96,4.68,-9.3,0.47
3021.TW,P11_多頭排列紅K,43,60.47,5.35,-9.67,0.47
4904.TW,P08_黃金交叉量增,7,57.14,6.07,-2.71,0.47
1712.TW,P12_多頭回檔,64,53.12,7.06,-4.08,0.47
2374.TW,P06_價量背離,67,52.24,7.29,-11.06,0.47
2945.TW,P07_RSI超賣量縮,83,48.19,-3.29,-9.91,0.47
5871.TW,P02_量增紅K,9,77.78,2.6,-11.5,0.46
3135.TW,P07_RSI超賣量縮,24,75.0,2.94,-11.66,0.46
2460.TW,P07_RSI超賣量縮,70,71.43,3.44,-17.08,0.46
2474.TW,P06_價量背離,43,69.77,3.69,-7.06,0.46
3704.TW,P11_多頭排列紅K,43,60.47,5.33,-13.02,0.46
1436.TW,P01_量縮價穩,211,59.24,5.58,-5.41,0.46
1605.TW,P08_黃金交叉量增,7,57.14,6.05,-12.76,0.46
6585.TW,P12_多頭回檔,22,50.0,7.92,-12.74,0.46
2401.TW,P10_組合訊號,27,48.15,-3.46,-15.92,0.46
1710.TW,P03_均線支撐放量,54,48.15,-3.12,-11.4,0.46
6153.TW,P04_長下影線放量,27,48.15,-6.45,-18.3,0.46
4142.TW,P02_量增紅K,27,48.15,-1.45,-14.28,0.46
6906.TW,P07_RSI超賣量縮,27,48.15,-1.58,-21.02,0.46
4720.TW,P11_多頭排列紅K,27,48.15,-1.97,-12.69,0.46
1532.TW,P02_量增紅K,21,71.43,3.43,-5.09,0.45
1590.TW,P11_多頭排列紅K,60,70.0,3.64,-12.89,0.45
2753.TW,P12_多頭回檔,43,67.44,4.05,-6.74,0.45
2908.TW,P02_量增紅K,18,66.67,4.18,-5.11,0.45
3419.TW,P07_RSI超賣量縮,64,65.62,4.35,-11.72,0.45
6115.TW,P09_量縮後爆量紅K,8,62.5,4.91,-2.57,0.45
2515.TW,P12_多頭回檔,37,62.16,4.98,-7.34,0.45
2367.TW,P05_連跌反轉紅K,21,61.9,5.04,-13.3,0.45
6230.TW,P07_RSI超賣量縮,77,48.05,-4.23,-17.49,0.45
4545.TW,P04_長下影線放量,58,67.24,4.07,-8.05,0.44
2614.TW,P09_量縮後爆量紅K,6,66.67,4.15,-11.07,0.44
3008.TW,P10_組合訊號,29,65.52,4.36,-11.37,0.44
3034.TW,P08_黃金交叉量增,8,62.5,4.9,-9.33,0.44
2891.TW,P04_長下影線放量,71,61.97,5.01,-6.21,0.44
4148.TW,P07_RSI超賣量縮,93,61.29,5.14,-10.97,0.44
2891.TW,P06_價量背離,51,60.78,5.24,-4.74,0.44
2545.TW,P05_連跌反轉紅K,41,58.54,5.71,-7.45,0.44
3694.TW,P06_價量背離,65,56.92,6.07,-12.77,0.44
2007.TW,P02_量增紅K,35,51.43,7.47,-14.6,0.44
2609.TW,P10_組合訊號,25,48.0,-0.0,-12.3,0.44
2492.TW,P01_量縮價穩,50,48.0,-2.29,-15.02,0.44
1515.TW,P05_連跌反轉紅K,25,48.0,-2.35,-17.37,0.44
2425.TW,P02_量增紅K,25,48.0,-3.5,-15.32,0.44
4906.TW,P03_均線支撐放量,33,75.76,2.81,-12.17,0.43
2535.TW,P02_量增紅K,9,66.67,4.15,-2.85,0.43
3046.TW,P11_多頭排列紅K,29,65.52,4.34,-19.0,0.43
8016.TW,P12_多頭回檔,30,60.0,5.38,-11.48,0.43
1708.TW,P11_多頭排列紅K,47,59.57,5.48,-10.37,0.43
2543.TW,P10_組合訊號,48,58.33,5.74,-4.76,0.43
2515.TW,P07_RSI超賣量縮,47,57.45,5.94,-9.23,0.43
8476.TW,P05_連跌反轉紅K,28,53.57,6.87,-22.02,0.43
2338.TW,P01_量縮價穩,52,51.92,7.31,-12.37,0.43
6224.TW,P06_價量背離,73,47.95,-1.36,-10.09,0.43
1710.TW,P04_長下影線放量,48,47.92,-3.36,-11.24,0.43
2241.TW,P05_連跌反轉紅K,48,47.92,-5.12,-13.19,0.43
2431.TW,P01_量縮價穩,144,47.92,-0.65,-12.81,0.43
3588.TW,P11_多頭排列紅K,34,76.47,2.7,-16.96,0.42
3016.TW,P07_RSI超賣量縮,71,71.83,3.33,-12.68,0.42
2481.TW,P10_組合訊號,33,66.67,4.14,-14.06,0.42
1416.TW,P05_連跌反轉紅K,22,63.64,4.65,-4.44,0.42
2545.TW,P11_多頭排列紅K,77,62.34,4.9,-7.85,0.42
9902.TW,P06_價量背離,142,59.86,5.4,-5.71,0.42
5515.TW,P10_組合訊號,76,52.63,7.1,-5.83,0.42
3049.TW,P07_RSI超賣量縮,71,47.89,-1.25,-12.6,0.42
3004.TW,P08_黃金交叉量增,13,84.62,1.76,-10.79,0.41
2923.TW,P12_多頭回檔,72,72.22,3.26,-9.97,0.41
2393.TW,P04_長下影線放量,33,69.7,3.63,-11.06,0.41
2812.TW,P04_長下影線放量,65,64.62,4.47,-4.49,0.41
3090.TW,P03_均線支撐放量,49,61.22,5.1,-6.25,0.41
1535.TW,P08_黃金交叉量增,12,58.33,5.71,-2.21,0.41
7631.TW,P11_多頭排列紅K,14,57.14,5.97,-11.53,0.41
2480.TW,P10_組合訊號,53,56.6,6.09,-5.28,0.41
2329.TW,P05_連跌反轉紅K,32,56.25,6.17,-13.78,0.41
2364.TW,P03_均線支撐放量,33,51.52,7.39,-18.16,0.41
1303.TW,P07_RSI超賣量縮,46,47.83,-2.31,-11.17,0.41
8046.TW,P03_均線支撐放量,23,47.83,-0.61,-17.76,0.41
2332.TW,P04_長下影線放量,23,47.83,-2.0,-16.7,0.41
2236.TW,P12_多頭回檔,46,47.83,-0.23,-11.06,0.41
6657.TW,P03_均線支撐放量,23,47.83,-2.57,-13.61,0.41
6534.TW,P09_量縮後爆量紅K,9,66.67,4.09,-7.22,0.4
6282.TW,P07_RSI超賣量縮,35,65.71,4.26,-10.41,0.4
2612.TW,P07_RSI超賣量縮,65,64.62,4.45,-9.2,0.4
6914.TW,P05_連跌反轉紅K,16,62.5,4.84,-8.36,0.4
6412.TW,P04_長下影線放量,53,62.26,4.89,-10.71,0.4
2369.TW,P07_RSI超賣量縮,53,62.26,4.88,-12.03,0.4
1438.TW,P07_RSI超賣量縮,80,61.25,5.08,-9.23,0.4
2645.TW,P11_多頭排列紅K,31,58.06,5.75,-10.62,0.4
1304.TW,P03_均線支撐放量,44,47.73,-2.41,-11.68,0.4
1906.TW,P11_多頭排列紅K,44,47.73,-1.88,-9.79,0.4
2476.TW,P04_長下影線放量,49,46.94,8.77,-8.58,0.4
4108.TW,P07_RSI超賣量縮,90,46.67,8.85,-9.53,0.4
3031.TW,P05_連跌反轉紅K,17,70.59,3.47,-11.64,0.39
2816.TW,P09_量縮後爆量紅K,9,66.67,4.09,-4.41,0.39
1760.TW,P09_量縮後爆量紅K,3,66.67,4.08,-13.55,0.39
2474.TW,P03_均線支撐放量,67,65.67,4.26,-6.96,0.39
5285.TW,P11_多頭排列紅K,34,61.76,4.97,-12.14,0.39
5215.TW,P10_組合訊號,41,60.98,5.12,-10.12,0.39
1229.TW,P12_多頭回檔,59,59.32,5.46,-5.44,0.39
2239.TW,P10_組合訊號,65,47.69,-4.93,-14.25,0.39
6269.TW,P01_量縮價穩,86,47.67,-1.45,-11.99,0.39
2390.TW,P06_價量背離,86,47.67,-3.39,-13.58,0.39
4960.TW,P09_量縮後爆量紅K,9,77.78,2.49,-11.58,0.38
2613.TW,P10_組合訊號,28,71.43,3.34,-7.05,0.38
2515.TW,P08_黃金交叉量增,8,62.5,4.81,-10.72,0.38
1218.TW,P04_長下影線放量,34,61.76,4.95,-6.25,0.38
1101.TW,P10_組合訊號,42,47.62,-0.32,-7.47,0.38
2498.TW,P10_組合訊號,21,47.62,-4.93,-14.63,0.38
2617.TW,P05_連跌反轉紅K,21,47.62,-1.56,-13.46,0.38
3022.TW,P02_量增紅K,21,47.62,-0.78,-13.31,0.38
6933.TW,P07_RSI超賣量縮,21,47.62,-7.45,-23.74,0.38
2462.TW,P03_均線支撐放量,63,47.62,-0.39,-10.91,0.38
6835.TW,P12_多頭回檔,42,47.62,-0.58,-9.6,0.38
4414.TW,P01_量縮價穩,124,47.58,-5.85,-14.21,0.38
2923.TW,P08_黃金交叉量增,15,73.33,3.05,-11.4,0.37
3031.TW,P01_量縮價穩,94,69.15,3.66,-11.81,0.37
3059.TW,P04_長下影線放量,17,64.71,4.38,-9.17,0.37
9906.TW,P04_長下影線放量,51,64.71,4.39,-12.61,0.37
8039.TW,P02_量增紅K,24,58.33,5.63,-8.81,0.37
6005.TW,P05_連跌反轉紅K,25,56.0,6.16,-8.6,0.37
2357.TW,P09_量縮後爆量紅K,2,50.0,7.74,-4.08,0.37
1432.TW,P03_均線支撐放量,82,47.56,-0.52,-12.05,0.37
6142.TW,P03_均線支撐放量,61,47.54,-3.07,-13.09,0.37
6854.TW,P06_價量背離,41,46.34,8.91,-16.23,0.37
1723.TW,P09_量縮後爆量紅K,5,80.0,2.2,-4.6,0.36
4572.TW,P07_RSI超賣量縮,55,67.27,3.95,-7.96,0.36
3002.TW,P11_多頭排列紅K,58,67.24,3.94,-8.2,0.36
2338.TW,P11_多頭排列紅K,40,65.0,4.33,-16.34,0.36
4770.TW,P11_多頭排列紅K,34,58.82,5.51,-11.57,0.36
3338.TW,P06_價量背離,43,58.14,5.65,-13.68,0.36
9946.TW,P04_長下影線放量,66,56.06,6.13,-10.15,0.36
1435.TW,P09_量縮後爆量紅K,25,56.0,6.14,-11.46,0.36
3041.TW,P09_量縮後爆量紅K,13,53.85,6.66,-16.52,0.36
1587.TW,P01_量縮價穩,150,52.67,6.97,-9.34,0.36
4532.TW,P11_多頭排列紅K,40,47.5,-2.16,-10.91,0.36
4119.TW,P11_多頭排列紅K,40,47.5,-0.19,-7.41,0.36
4912.TW,P03_均線支撐放量,40,47.5,-1.6,-16.07,0.36
1762.TW,P10_組合訊號,40,47.5,-0.59,-11.56,0.36
6116.TW,P03_均線支撐放量,59,47.46,-1.46,-12.4,0.36
1710.TW,P10_組合訊號,59,47.46,-1.76,-8.81,0.36
1603.TW,P03_均線支撐放量,50,66.0,4.14,-6.94,0.35
2420.TW,P04_長下影線放量,35,65.71,4.19,-7.15,0.35
3011.TW,P04_長下影線放量,52,63.46,4.58,-14.46,0.35
5225.TW,P04_長下影線放量,35,62.86,4.7,-14.49,0.35
2364.TW,P04_長下影線放量,28,60.71,5.11,-18.21,0.35
2850.TW,P10_組合訊號,59,59.32,5.4,-4.85,0.35
3023.TW,P03_均線支撐放量,44,59.09,5.44,-9.93,0.35
4934.TW,P05_連跌反轉紅K,38,57.89,5.7,-21.73,0.35
1517.TW,P09_量縮後爆量紅K,12,50.0,7.7,-6.35,0.35
1506.TW,P07_RSI超賣量縮,135,47.41,-0.18,-10.54,0.35
1618.TW,P03_均線支撐放量,41,63.41,4.58,-7.55,0.34
3209.TW,P12_多頭回檔,30,63.33,4.6,-8.71,0.34
3652.TW,P01_量縮價穩,163,61.96,4.84,-8.47,0.34
5484.TW,P02_量增紅K,72,61.11,5.02,-12.59,0.34
3038.TW,P07_RSI超賣量縮,34,58.82,5.48,-8.84,0.34
8105.TW,P09_量縮後爆量紅K,12,58.33,5.59,-14.45,0.34
9941.TW,P11_多頭排列紅K,54,57.41,5.79,-7.18,0.34
3679.TW,P03_均線支撐放量,63,57.14,5.84,-5.97,0.34
3040.TW,P05_連跌反轉紅K,31,54.84,6.38,-8.18,0.34
1907.TW,P10_組合訊號,38,47.37,-1.25,-9.42,0.34
1806.TW,P09_量縮後爆量紅K,19,47.37,-3.09,-11.06,0.34
1589.TW,P04_長下影線放量,38,47.37,-5.86,-14.16,0.34
3605.TW,P02_量增紅K,33,72.73,3.09,-13.61,0.33
6269.TW,P05_連跌反轉紅K,19,68.42,3.72,-11.05,0.33
6202.TW,P07_RSI超賣量縮,49,67.35,3.88,-9.26,0.33
3596.TW,P12_多頭回檔,44,65.91,4.12,-10.85,0.33
3038.TW,P06_價量背離,75,64.0,4.46,-7.65,0.33
2801.TW,P07_RSI超賣量縮,19,63.16,4.61,-1.54,0.33
6722.TW,P03_均線支撐放量,34,61.76,4.87,-5.9,0.33
6695.TW,P12_多頭回檔,36,58.33,5.57,-17.78,0.33
2451.TW,P12_多頭回檔,64,57.81,5.67,-5.25,0.33
3447.TW,P10_組合訊號,29,55.17,6.29,-10.11,0.33
1215.TW,P05_連跌反轉紅K,19,52.63,6.92,-3.3,0.33
6552.TW,P01_量縮價穩,93,47.31,-2.15,-15.5,0.33
2227.TW,P07_RSI超賣量縮,55,47.27,-4.5,-14.12,0.33
1414.TW,P10_組合訊號,57,43.86,9.71,-5.91,0.33
2417.TW,P08_黃金交叉量增,7,71.43,3.25,-19.93,0.32
2603.TW,P01_量縮價穩,60,70.0,3.46,-13.49,0.32
5244.TW,P05_連跌反轉紅K,18,61.11,4.98,-9.16,0.32
6672.TW,P07_RSI超賣量縮,49,59.18,5.37,-11.29,0.32
1316.TW,P12_多頭回檔,24,58.33,5.54,-13.29,0.32
6189.TW,P12_多頭回檔,78,56.41,5.98,-4.91,0.32
2498.TW,P03_均線支撐放量,22,54.55,6.41,-13.51,0.32
2352.TW,P02_量增紅K,8,50.0,7.63,-11.05,0.32
2530.TW,P04_長下影線放量,72,47.22,-0.44,-7.07,0.32
1718.TW,P11_多頭排列紅K,36,47.22,-0.71,-10.68,0.32
4934.TW,P10_組合訊號,36,47.22,-5.55,-21.2,0.32
6835.TW,P04_長下影線放量,36,47.22,-2.06,-12.72,0.32
3013.TW,P02_量增紅K,36,69.44,3.52,-11.13,0.31
2010.TW,P05_連跌反轉紅K,19,63.16,4.58,-5.11,0.31
1605.TW,P06_價量背離,56,60.71,5.03,-10.82,0.31
2353.TW,P01_量縮價穩,50,58.0,5.61,-8.52,0.31
2302.TW,P12_多頭回檔,32,56.25,6.0,-13.35,0.31
2906.TW,P09_量縮後爆量紅K,19,52.63,6.9,-8.03,0.31
1734.TW,P01_量縮價穩,114,51.75,7.13,-5.5,0.31
2069.TW,P01_量縮價穩,123,47.15,-0.85,-10.9,0.31
6505.TW,P10_組合訊號,70,47.14,-0.02,-7.9,0.31
2712.TW,P02_量增紅K,70,47.14,-0.65,-11.18,0.31
2431.TW,P06_價量背離,70,47.14,-1.43,-13.96,0.31
6756.TW,P04_長下影線放量,17,76.47,2.54,-15.24,0.3
2460.TW,P12_多頭回檔,41,70.73,3.32,-14.09,0.3
911868.TW,P05_連跌反轉紅K,24,58.33,5.52,-14.98,0.3
8463.TW,P01_量縮價穩,162,55.56,6.13,-7.85,0.3
9938.TW,P01_量縮價穩,87,47.13,-2.73,-13.48,0.3
1904.TW,P01_量縮價穩,121,47.11,-0.94,-8.01,0.3
2206.TW,P07_RSI超賣量縮,32,62.5,4.66,-5.07,0.29
2301.TW,P07_RSI超賣量縮,30,60.0,5.14,-9.28,0.29
1708.TW,P06_價量背離,106,58.49,5.46,-5.18,0.29
2417.TW,P07_RSI超賣量縮,65,58.46,5.47,-15.04,0.29
9927.TW,P10_組合訊號,67,58.21,5.53,-5.34,0.29
2460.TW,P04_長下影線放量,45,55.56,6.12,-14.42,0.29
9958.TW,P01_量縮價穩,47,55.32,6.18,-14.45,0.29
2201.TW,P11_多頭排列紅K,46,54.35,6.42,-12.1,0.29
2008.TW,P07_RSI超賣量縮,48,52.08,7.0,-8.92,0.29
8028.TW,P04_長下影線放量,27,51.85,7.07,-16.31,0.29
2409.TW,P07_RSI超賣量縮,34,47.06,-0.41,-15.46,0.29
2915.TW,P02_量增紅K,17,47.06,-5.41,-13.53,0.29
9914.TW,P12_多頭回檔,34,47.06,-7.31,-15.06,0.29
6269.TW,P12_多頭回檔,34,47.06,-3.21,-14.56,0.29
4532.TW,P02_量增紅K,17,47.06,-0.8,-9.36,0.29
4736.TW,P07_RSI超賣量縮,17,47.06,-1.72,-5.87,0.29
4540.TW,P10_組合訊號,34,47.06,-3.71,-12.54,0.29
3041.TW,P02_量增紅K,34,47.06,-5.78,-22.71,0.29
8162.TW,P03_均線支撐放量,17,47.06,-1.19,-12.12,0.29
3058.TW,P09_量縮後爆量紅K,17,47.06,-1.51,-15.52,0.29
5519.TW,P08_黃金交叉量增,7,71.43,3.19,-10.02,0.28
6552.TW,P04_長下影線放量,29,68.97,3.56,-14.33,0.28
2006.TW,P11_多頭排列紅K,66,68.18,3.68,-6.77,0.28
2495.TW,P04_長下影線放量,39,64.1,4.36,-11.79,0.28
6214.TW,P02_量增紅K,11,63.64,4.44,-5.96,0.28
8367.TW,P04_長下影線放量,44,59.09,5.32,-6.34,0.28
4766.TW,P03_均線支撐放量,58,53.45,6.62,-5.42,0.28
6230.TW,P06_價量背離,83,46.99,-0.65,-16.89,0.28
2409.TW,P11_多頭排列紅K,49,46.94,-6.18,-17.68,0.28
6142.TW,P04_長下影線放量,49,46.94,-2.54,-16.67,0.28
2206.TW,P04_長下影線放量,45,40.0,11.21,-6.46,0.28
5258.TW,P03_均線支撐放量,24,75.0,2.69,-14.12,0.27
2351.TW,P07_RSI超賣量縮,43,65.12,4.17,-9.05,0.27
2484.TW,P06_價量背離,73,64.38,4.29,-9.0,0.27
4934.TW,P01_量縮價穩,84,64.29,4.3,-19.38,0.27
3557.TW,P10_組合訊號,59,62.71,4.59,-10.32,0.27
1477.TW,P01_量縮價穩,69,60.87,4.94,-12.09,0.27
2371.TW,P04_長下影線放量,42,59.52,5.21,-12.76,0.27
6192.TW,P10_組合訊號,54,59.26,5.26,-5.06,0.27
3038.TW,P10_組合訊號,38,57.89,5.56,-10.29,0.27
3416.TW,P03_均線支撐放量,58,53.45,6.61,-3.27,0.27
4958.TW,P10_組合訊號,32,46.88,-1.92,-13.7,0.27
6456.TW,P10_組合訊號,32,46.88,-0.04,-13.02,0.27
2485.TW,P04_長下影線放量,32,46.88,-0.49,-18.5,0.27
2466.TW,P05_連跌反轉紅K,32,46.88,-1.03,-8.56,0.27
1515.TW,P04_長下影線放量,32,46.88,-1.92,-16.63,0.27
1525.TW,P05_連跌反轉紅K,32,46.88,-1.59,-9.68,0.27
2017.TW,P05_連跌反轉紅K,32,46.88,-2.15,-11.59,0.27
4108.TW,P11_多頭排列紅K,32,46.88,-0.4,-10.52,0.27
5388.TW,P05_連跌反轉紅K,20,65.0,4.17,-7.23,0.26
8103.TW,P10_組合訊號,48,64.58,4.24,-9.94,0.26
5522.TW,P10_組合訊號,64,60.94,4.91,-6.75,0.26
6177.TW,P07_RSI超賣量縮,49,59.18,5.27,-5.96,0.26
1307.TW,P10_組合訊號,44,56.82,5.77,-5.98,0.26
3528.TW,P11_多頭排列紅K,44,52.27,6.9,-4.98,0.26
1504.TW,P08_黃金交叉量增,6,50.0,7.52,-7.28,0.26
3673.TW,P01_量縮價穩,47,46.81,-2.67,-11.82,0.26
4414.TW,P04_長下影線放量,47,46.81,-5.48,-15.43,0.26
1417.TW,P05_連跌反轉紅K,17,76.47,2.48,-6.78,0.25
3550.TW,P12_多頭回檔,50,62.0,4.69,-9.05,0.25
2527.TW,P01_量縮價穩,149,59.73,5.14,-7.91,0.25
3669.TW,P09_量縮後爆量紅K,15,53.33,6.6,-11.91,0.25
2337.TW,P02_量增紅K,16,50.0,7.5,-14.85,0.25
2406.TW,P06_價量背離,62,46.77,-0.19,-15.68,0.25
2355.TW,P07_RSI超賣量縮,57,77.19,2.39,-10.67,0.24
3532.TW,P01_量縮價穩,55,70.91,3.22,-13.35,0.24
6142.TW,P11_多頭排列紅K,47,68.09,3.63,-11.15,0.24
3055.TW,P04_長下影線放量,25,68.0,3.65,-12.61,0.24
2408.TW,P06_價量背離,29,65.52,4.05,-15.9,0.24
2340.TW,P01_量縮價穩,69,63.77,4.35,-12.44,0.24
2607.TW,P01_量縮價穩,128,61.72,4.74,-6.72,0.24
4545.TW,P01_量縮價穩,191,59.16,5.24,-7.33,0.24
6722.TW,P10_組合訊號,30,56.67,5.78,-5.24,0.24
8114.TW,P04_長下影線放量,35,45.71,8.84,-7.72,0.24
6526.TW,P01_量縮價穩,17,76.47,2.45,-12.91,0.23
6278.TW,P06_價量背離,34,73.53,2.83,-12.66,0.23
3016.TW,P03_均線支撐放量,23,69.57,3.39,-14.15,0.23
6756.TW,P05_連跌反轉紅K,23,65.22,4.08,-13.12,0.23
6412.TW,P12_多頭回檔,51,64.71,4.17,-8.4,0.23
3679.TW,P10_組合訊號,71,60.56,4.94,-7.74,0.23
2390.TW,P05_連跌反轉紅K,25,60.0,5.05,-12.73,0.23
8045.TW,P03_均線支撐放量,62,59.68,5.12,-10.84,0.23
3416.TW,P04_長下影線放量,52,57.69,5.53,-5.46,0.23
8249.TW,P03_均線支撐放量,40,55.0,6.14,-4.95,0.23
1617.TW,P07_RSI超賣量縮,39,53.85,6.43,-8.99,0.23
6206.TW,P03_均線支撐放量,51,50.98,7.18,-6.08,0.23
4583.TW,P12_多頭回檔,45,46.67,-0.76,-13.07,0.23
2352.TW,P05_連跌反轉紅K,30,46.67,-1.0,-12.61,0.23
4961.TW,P06_價量背離,60,46.67,-3.26,-16.25,0.23
3592.TW,P10_組合訊號,15,46.67,-3.71,-18.94,0.23
2511.TW,P03_均線支撐放量,90,46.67,-0.25,-6.4,0.23
1307.TW,P02_量增紅K,15,46.67,-0.76,-9.33,0.23
6965.TW,P06_價量背離,15,46.67,-5.95,-18.79,0.23
1563.TW,P01_量縮價穩,15,46.67,-5.55,-14.94,0.23
2913.TW,P10_組合訊號,75,46.67,-1.33,-9.61,0.23
2349.TW,P08_黃金交叉量增,15,46.67,-13.29,-18.33,0.23
6862.TW,P01_量縮價穩,15,46.67,-6.75,-21.1,0.23
3056.TW,P06_價量背離,60,46.67,-0.08,-10.35,0.23
1305.TW,P03_均線支撐放量,45,46.67,-3.72,-15.9,0.23
6591.TW,P11_多頭排列紅K,30,46.67,-1.1,-16.26,0.23
3296.TW,P08_黃金交叉量增,15,46.67,-2.2,-11.81,0.23
1903.TW,P07_RSI超賣量縮,101,64.36,4.22,-7.58,0.22
4164.TW,P10_組合訊號,43,62.79,4.49,-9.19,0.22
6776.TW,P07_RSI超賣量縮,36,52.78,6.67,-7.02,0.22
4119.TW,P01_量縮價穩,116,46.55,-0.7,-8.79,0.22
6625.TW,P10_組合訊號,58,46.55,-0.86,-13.16,0.22
1471.TW,P10_組合訊號,58,46.55,8.5,-18.52,0.22
2324.TW,P08_黃金交叉量增,4,75.0,2.61,-5.36,0.21
2399.TW,P01_量縮價穩,90,63.33,4.38,-14.85,0.21
3023.TW,P02_量增紅K,20,60.0,5.02,-12.43,0.21
1409.TW,P02_量增紅K,26,57.69,5.5,-9.85,0.21
2419.TW,P09_量縮後爆量紅K,7,57.14,5.61,-11.42,0.21
4934.TW,P12_多頭回檔,27,55.56,5.97,-15.87,0.21
6655.TW,P07_RSI超賣量縮,68,54.41,6.25,-5.82,0.21
2027.TW,P12_多頭回檔,43,46.51,-0.12,-10.54,0.21
6269.TW,P03_均線支撐放量,43,46.51,-1.75,-12.1,0.21
4137.TW,P12_多頭回檔,43,46.51,-2.17,-11.72,0.21
1525.TW,P03_均線支撐放量,43,46.51,-0.55,-9.54,0.21
6216.TW,P11_多頭排列紅K,43,46.51,-1.16,-8.6,0.21
6202.TW,P09_量縮後爆量紅K,10,70.0,3.29,-14.17,0.2
6862.TW,P06_價量背離,3,66.67,3.79,-15.34,0.2
2008.TW,P05_連跌反轉紅K,17,64.71,4.13,-7.12,0.2
6591.TW,P06_價量背離,62,59.68,5.07,-11.66,0.2
4588.TW,P07_RSI超賣量縮,31,54.84,6.13,-10.52,0.2
6201.TW,P12_多頭回檔,106,54.72,6.17,-3.72,0.2
5706.TW,P05_連跌反轉紅K,35,51.43,7.01,-17.34,0.2
1313.TW,P09_量縮後爆量紅K,4,50.0,7.4,-10.56,0.2
1307.TW,P05_連跌反轉紅K,28,46.43,-1.19,-10.96,0.2
2323.TW,P07_RSI超賣量縮,56,46.43,-3.2,-14.43,0.2
3062.TW,P03_均線支撐放量,28,46.43,-1.93,-17.37,0.2
6416.TW,P05_連跌反轉紅K,28,46.43,-1.81,-13.57,0.2
6431.TW,P09_量縮後爆量紅K,28,46.43,-0.33,-14.18,0.2
6209.TW,P02_量增紅K,25,68.0,3.57,-13.81,0.19
9939.TW,P11_多頭排列紅K,78,61.54,4.69,-6.14,0.19
1725.TW,P05_連跌反轉紅K,31,61.29,4.72,-13.48,0.19
2535.TW,P11_多頭排列紅K,61,59.02,5.18,-5.68,0.19
6873.TW,P11_多頭排列紅K,38,52.63,6.66,-14.36,0.19
2034.TW,P05_連跌反轉紅K,20,50.0,7.37,-5.94,0.19
2748.TW,P01_量縮價穩,110,46.36,-0.01,-11.17,0.19
2481.TW,P04_長下影線放量,25,68.0,3.56,-16.05,0.18
4927.TW,P05_連跌反轉紅K,35,62.86,4.43,-16.63,0.18
3023.TW,P05_連跌反轉紅K,26,61.54,4.67,-10.9,0.18
5292.TW,P02_量增紅K,45,60.0,4.96,-8.92,0.18
1528.TW,P06_價量背離,96,57.29,5.52,-9.61,0.18
3094.TW,P06_價量背離,77,57.14,5.56,-7.95,0.18
6835.TW,P07_RSI超賣量縮,32,56.25,5.76,-9.47,0.18
6655.TW,P10_組合訊號,56,55.36,5.97,-5.94,0.18
9946.TW,P03_均線支撐放量,56,55.36,5.98,-7.44,0.18
2374.TW,P07_RSI超賣量縮,60,55.0,6.06,-13.74,0.18
4571.TW,P10_組合訊號,34,47.06,8.26,-9.59,0.18
6830.TW,P07_RSI超賣量縮,41,46.34,-4.11,-17.02,0.18
2538.TW,P06_價量背離,123,46.34,-0.67,-9.29,0.18
2241.TW,P10_組合訊號,41,46.34,-2.73,-10.88,0.18
2314.TW,P03_均線支撐放量,41,46.34,-9.09,-23.18,0.18
2702.TW,P01_量縮價穩,162,46.3,-0.78,-10.97,0.18
4569.TW,P04_長下影線放量,19,31.58,15.75,-9.1,0.18
4581.TW,P09_量縮後爆量紅K,13,69.23,3.36,-5.93,0.17
3059.TW,P07_RSI超賣量縮,55,69.09,3.38,-11.0,0.17
3094.TW,P05_連跌反轉紅K,44,68.18,3.51,-11.56,0.17
1795.TW,P10_組合訊號,26,65.38,3.97,-15.46,0.17
6409.TW,P11_多頭排列紅K,65,64.62,4.1,-12.17,0.17
2881.TW,P04_長下影線放量,61,59.02,5.14,-5.77,0.17
2477.TW,P03_均線支撐放量,51,54.9,6.06,-9.52,0.17
3481.TW,P06_價量背離,50,52.0,6.79,-14.59,0.17
2458.TW,P09_量縮後爆量紅K,6,50.0,7.33,-11.53,0.17
6689.TW,P07_RSI超賣量縮,67,46.27,-5.03,-17.23,0.17
3168.TW,P06_價量背離,80,46.25,-0.08,-8.28,0.17
911622.TW,P02_量增紅K,93,46.24,-0.47,-9.55,0.17
4763.TW,P03_均線支撐放量,31,70.97,3.09,-10.86,0.16
3645.TW,P03_均線支撐放量,17,70.59,3.14,-13.48,0.16
1541.TW,P09_量縮後爆量紅K,17,64.71,4.07,-13.74,0.16
2812.TW,P12_多頭回檔,82,64.63,4.08,-4.99,0.16
6477.TW,P07_RSI超賣量縮,39,64.1,4.17,-14.21,0.16
2414.TW,P12_多頭回檔,84,63.1,4.34,-4.45,0.16
4977.TW,P12_多頭回檔,16,62.5,4.46,-11.87,0.16
2008.TW,P10_組合訊號,45,55.56,5.89,-5.63,0.16
3058.TW,P10_組合訊號,51,50.98,7.04,-11.65,0.16
2010.TW,P01_量縮價穩,127,50.39,7.21,-6.32,0.16
1708.TW,P08_黃金交叉量增,8,50.0,7.33,-6.57,0.16
7721.TW,P09_量縮後爆量紅K,4,50.0,7.31,-7.93,0.16
6743.TW,P11_多頭排列紅K,42,73.81,2.69,-16.93,0.15
3312.TW,P03_均線支撐放量,20,65.0,4.0,-9.57,0.15
3338.TW,P05_連跌反轉紅K,34,64.71,4.05,-11.67,0.15
8481.TW,P11_多頭排列紅K,38,60.53,4.82,-3.33,0.15
2383.TW,P05_連跌反轉紅K,26,57.69,5.39,-17.1,0.15
6201.TW,P11_多頭排列紅K,71,53.52,6.36,-4.16,0.15
2465.TW,P06_價量背離,80,52.5,6.62,-17.7,0.15
1725.TW,P04_長下影線放量,29,51.72,6.83,-7.71,0.15
4746.TW,P02_量增紅K,18,50.0,7.29,-15.5,0.15
1725.TW,P03_均線支撐放量,68,48.53,7.74,-5.09,0.15
1402.TW,P08_黃金交叉量增,13,46.15,-1.07,-9.19,0.15
2258.TW,P12_多頭回檔,13,46.15,-6.76,-16.84,0.15
2492.TW,P12_多頭回檔,13,46.15,-5.58,-21.1,0.15
6525.TW,P11_多頭排列紅K,39,46.15,-0.97,-12.5,0.15
4989.TW,P09_量縮後爆量紅K,13,46.15,-2.65,-16.61,0.15
7791.TW,P03_均線支撐放量,13,46.15,-4.44,-12.24,0.15
2748.TW,P05_連跌反轉紅K,26,46.15,-0.33,-9.22,0.15
4590.TW,P01_量縮價穩,13,46.15,-6.19,-20.19,0.15
2062.TW,P11_多頭排列紅K,39,46.15,-0.11,-11.03,0.15
6657.TW,P02_量增紅K,13,46.15,-2.42,-17.1,0.15
4934.TW,P08_黃金交叉量增,13,46.15,-1.84,-13.85,0.15
1598.TW,P05_連跌反轉紅K,26,46.15,-3.64,-13.4,0.15
2537.TW,P02_量增紅K,26,46.15,-1.88,-14.58,0.15
2241.TW,P11_多頭排列紅K,39,46.15,-3.38,-16.02,0.15
6906.TW,P01_量縮價穩,26,46.15,-5.89,-19.56,0.15
4968.TW,P04_長下影線放量,32,65.62,3.88,-19.05,0.14
2419.TW,P10_組合訊號,48,62.5,4.42,-11.27,0.14
2431.TW,P07_RSI超賣量縮,60,61.67,4.58,-10.03,0.14
4912.TW,P01_量縮價穩,98,61.22,4.67,-14.08,0.14
2441.TW,P12_多頭回檔,46,58.7,5.17,-6.12,0.14
2483.TW,P05_連跌反轉紅K,33,57.58,5.41,-6.12,0.14
1442.TW,P10_組合訊號,78,56.41,5.66,-8.3,0.14
6142.TW,P10_組合訊號,76,46.05,-1.58,-13.37,0.14
1466.TW,P09_量縮後爆量紅K,7,42.86,9.67,-10.7,0.14
2501.TW,P02_量增紅K,20,40.0,10.86,-7.34,0.14
3004.TW,P06_價量背離,62,74.19,2.61,-10.51,0.13
1402.TW,P05_連跌反轉紅K,35,62.86,4.34,-4.94,0.13
3036.TW,P04_長下影線放量,43,60.47,4.79,-10.61,0.13
3652.TW,P11_多頭排列紅K,27,59.26,5.02,-10.35,0.13
1231.TW,P10_組合訊號,50,56.0,5.74,-6.64,0.13
1457.TW,P08_黃金交叉量增,8,50.0,7.26,-2.64,0.13
1904.TW,P12_多頭回檔,50,46.0,-0.81,-7.96,0.13
4536.TW,P10_組合訊號,50,46.0,-0.51,-12.1,0.13
6456.TW,P03_均線支撐放量,50,46.0,-1.94,-13.49,0.13
2034.TW,P11_多頭排列紅K,50,46.0,-2.05,-10.29,0.13
3059.TW,P05_連跌反轉紅K,25,84.0,1.48,-13.11,0.12
2363.TW,P07_RSI超賣量縮,56,67.86,3.49,-11.46,0.12
2439.TW,P06_價量背離,71,63.38,4.23,-8.45,0.12
8271.TW,P10_組合訊號,43,62.79,4.34,-11.29,0.12
2031.TW,P01_量縮價穩,98,58.16,5.25,-12.77,0.12
1436.TW,P10_組合訊號,73,57.53,5.38,-4.89,0.12
1786.TW,P12_多頭回檔,37,45.95,-3.46,-13.21,0.12
4555.TW,P11_多頭排列紅K,37,45.95,-1.8,-10.03,0.12
3014.TW,P01_量縮價穩,75,66.67,3.66,-10.74,0.11
2527.TW,P11_多頭排列紅K,51,64.71,3.99,-8.92,0.11
6005.TW,P04_長下影線放量,40,60.0,4.85,-5.65,0.11
6112.TW,P11_多頭排列紅K,46,56.52,5.58,-8.56,0.11
1215.TW,P11_多頭排列紅K,72,55.56,5.8,-5.04,0.11
2539.TW,P11_多頭排列紅K,87,55.17,5.9,-4.83,0.11
2637.TW,P06_價量背離,54,46.3,8.37,-10.48,0.11
2449.TW,P02_量增紅K,12,66.67,3.65,-12.2,0.1
8114.TW,P02_量增紅K,21,66.67,3.65,-12.26,0.1
4137.TW,P05_連跌反轉紅K,25,64.0,4.09,-9.57,0.1
6230.TW,P11_多頭排列紅K,28,60.71,4.7,-13.76,0.1
2359.TW,P11_多頭排列紅K,28,57.14,5.43,-13.48,0.1
1907.TW,P01_量縮價穩,107,54.21,6.1,-7.33,0.1
2492.TW,P05_連跌反轉紅K,24,45.83,-2.24,-14.35,0.1
6116.TW,P02_量增紅K,24,45.83,-1.75,-13.68,0.1
2524.TW,P05_連跌反轉紅K,48,45.83,-1.74,-11.98,0.1
6838.TW,P06_價量背離,24,45.83,-2.04,-17.77,0.1
6283.TW,P02_量增紅K,24,45.83,-4.22,-17.75,0.1
6742.TW,P11_多頭排列紅K,24,45.83,-7.07,-19.88,0.1
3092.TW,P02_量增紅K,24,45.83,-6.14,-19.91,0.1
6552.TW,P05_連跌反轉紅K,24,45.83,-4.0,-17.12,0.1
2254.TW,P07_RSI超賣量縮,31,67.74,3.47,-9.63,0.09
2419.TW,P08_黃金交叉量增,6,66.67,3.63,-8.89,0.09
4148.TW,P10_組合訊號,40,65.0,3.9,-12.52,0.09
1714.TW,P05_連跌反轉紅K,22,63.64,4.13,-5.13,0.09
6152.TW,P02_量增紅K,43,62.79,4.3,-15.71,0.09
4763.TW,P12_多頭回檔,29,62.07,4.42,-18.59,0.09
1560.TW,P08_黃金交叉量增,5,60.0,4.82,-18.32,0.09
1504.TW,P07_RSI超賣量縮,39,58.97,5.03,-6.18,0.09
6117.TW,P06_價量背離,75,57.33,5.37,-8.5,0.09
3296.TW,P07_RSI超賣量縮,56,57.14,5.4,-14.16,0.09
1409.TW,P01_量縮價穩,123,55.28,5.83,-5.3,0.09
1717.TW,P07_RSI超賣量縮,42,52.38,6.54,-7.53,0.09
6155.TW,P11_多頭排列紅K,40,50.0,7.17,-12.75,0.09
2352.TW,P07_RSI超賣量縮,35,45.71,-3.14,-15.95,0.09
6456.TW,P04_長下影線放量,35,45.71,-1.71,-13.19,0.09
3694.TW,P10_組合訊號,35,45.71,-0.93,-14.03,0.09
4137.TW,P01_量縮價穩,105,45.71,-2.1,-10.32,0.09
1589.TW,P11_多頭排列紅K,35,45.71,-7.66,-18.09,0.09
1541.TW,P02_量增紅K,35,45.71,-3.18,-13.84,0.09
2009.TW,P01_量縮價穩,103,45.63,8.53,-13.85,0.09
6409.TW,P12_多頭回檔,53,73.58,2.62,-11.47,0.08
2436.TW,P10_組合訊號,39,71.79,2.86,-12.72,0.08
1528.TW,P01_量縮價穩,136,67.65,3.46,-10.07,0.08
6416.TW,P10_組合訊號,17,64.71,3.94,-8.12,0.08
1437.TW,P06_價量背離,136,60.29,4.75,-3.77,0.08
2375.TW,P04_長下影線放量,24,58.33,5.14,-17.34,0.08
1524.TW,P02_量增紅K,41,51.22,6.82,-9.57,0.08
1710.TW,P12_多頭回檔,46,45.65,-0.76,-10.82,0.08
1597.TW,P09_量縮後爆量紅K,11,81.82,1.64,-7.45,0.07
1463.TW,P05_連跌反轉紅K,22,72.73,2.72,-6.94,0.07
2337.TW,P01_量縮價穩,52,69.23,3.21,-10.99,0.07
3515.TW,P10_組合訊號,28,60.71,4.64,-16.37,0.07
2069.TW,P11_多頭排列紅K,38,60.53,4.68,-9.81,0.07
2611.TW,P10_組合訊號,39,58.97,4.98,-6.18,0.07
2337.TW,P03_均線支撐放量,29,58.62,5.06,-11.84,0.07
912000.TW,P12_多頭回檔,24,50.0,7.13,-9.56,0.07
1216.TW,P09_量縮後爆量紅K,3,66.67,3.59,-3.25,0.06
3060.TW,P12_多頭回檔,19,63.16,4.18,-12.16,0.06
2458.TW,P06_價量背離,40,62.5,4.3,-10.59,0.06
2543.TW,P01_量縮價穩,136,58.09,5.16,-5.25,0.06
2379.TW,P01_量縮價穩,33,57.58,5.27,-10.77,0.06
2637.TW,P07_RSI超賣量縮,38,55.26,5.77,-10.27,0.06
1608.TW,P08_黃金交叉量增,10,50.0,7.12,-10.34,0.06
2012.TW,P06_價量背離,112,45.54,-1.88,-8.66,0.06
911622.TW,P08_黃金交叉量增,16,43.75,9.13,-9.34,0.06
1467.TW,P09_量縮後爆量紅K,15,40.0,10.65,-8.59,0.06
6863.TW,P05_連跌反轉紅K,14,71.43,2.87,-14.94,0.05
5388.TW,P06_價量背離,44,59.09,4.93,-7.76,0.05
4571.TW,P05_連跌反轉紅K,25,56.0,5.59,-13.96,0.05
2032.TW,P07_RSI超賣量縮,70,51.43,6.71,-9.76,0.05
2308.TW,P05_連跌反轉紅K,28,50.0,7.11,-9.82,0.05
5608.TW,P09_量縮後爆量紅K,10,50.0,7.11,-18.68,0.05
2239.TW,P01_量縮價穩,156,45.51,-5.38,-15.33,0.05
2002.TW,P08_黃金交叉量增,11,45.45,-0.43,-6.09,0.05
1101.TW,P03_均線支撐放量,55,45.45,-0.34,-8.29,0.05
1722.TW,P10_組合訊號,66,45.45,-0.04,-6.2,0.05
2352.TW,P06_價量背離,55,45.45,-2.32,-12.8,0.05
1440.TW,P05_連跌反轉紅K,22,45.45,-0.93,-10.97,0.05
6719.TW,P03_均線支撐放量,11,45.45,-11.56,-22.38,0.05
6719.TW,P10_組合訊號,11,45.45,-10.7,-22.29,0.05
1789.TW,P11_多頭排列紅K,33,45.45,-2.91,-10.35,0.05
4736.TW,P04_長下影線放量,11,45.45,-2.78,-7.38,0.05
6192.TW,P09_量縮後爆量紅K,11,45.45,-0.44,-7.2,0.05
2485.TW,P05_連跌反轉紅K,33,45.45,-2.24,-15.19,0.05
2913.TW,P08_黃金交叉量增,11,45.45,-1.84,-9.71,0.05
6153.TW,P09_量縮後爆量紅K,11,45.45,-3.75,-16.8,0.05
2369.TW,P09_量縮後爆量紅K,11,45.45,-1.67,-17.93,0.05
4137.TW,P08_黃金交叉量增,11,45.45,-0.39,-12.27,0.05
6923.TW,P04_長下影線放量,11,45.45,-1.99,-15.7,0.05
4438.TW,P08_黃金交叉量增,11,45.45,-2.17,-9.46,0.05
4960.TW,P08_黃金交叉量增,11,45.45,-2.41,-12.76,0.05
1464.TW,P08_黃金交叉量增,11,45.45,-1.16,-6.42,0.05
2705.TW,P11_多頭排列紅K,55,45.45,-1.06,-10.67,0.05
1439.TW,P02_量增紅K,22,45.45,-0.02,-7.25,0.05
6754.TW,P08_黃金交叉量增,11,45.45,-6.74,-12.75,0.05
6835.TW,P03_均線支撐放量,44,45.45,-0.45,-9.49,0.05
2415.TW,P08_黃金交叉量增,11,45.45,-6.99,-19.08,0.05
2483.TW,P04_長下影線放量,55,45.45,-0.27,-9.87,0.05
2702.TW,P02_量增紅K,22,45.45,-5.54,-13.83,0.05
2258.TW,P03_均線支撐放量,15,80.0,1.8,-6.74,0.04
2545.TW,P01_量縮價穩,133,68.42,3.29,-7.46,0.04
3413.TW,P11_多頭排列紅K,39,64.1,3.99,-11.97,0.04
1442.TW,P11_多頭排列紅K,64,64.06,3.99,-9.09,0.04
2347.TW,P10_組合訊號,37,59.46,4.84,-5.13,0.04
1528.TW,P05_連跌反轉紅K,24,58.33,5.06,-11.21,0.04
6672.TW,P01_量縮價穩,61,57.38,5.27,-12.28,0.04
8454.TW,P03_均線支撐放量,37,56.76,5.4,-10.87,0.04
4916.TW,P09_量縮後爆量紅K,13,53.85,6.08,-14.36,0.04
2539.TW,P01_量縮價穩,131,51.91,6.56,-3.61,0.04
1438.TW,P01_量縮價穩,242,49.17,7.32,-8.93,0.04
9802.TW,P02_量增紅K,24,75.0,2.37,-10.73,0.03
2327.TW,P12_多頭回檔,26,69.23,3.16,-10.69,0.03
2351.TW,P11_多頭排列紅K,47,68.09,3.32,-13.59,0.03
2399.TW,P06_價量背離,63,66.67,3.55,-12.54,0.03
3596.TW,P01_量縮價穩,74,66.22,3.62,-10.76,0.03
2431.TW,P03_均線支撐放量,41,65.85,3.67,-11.15,0.03
2474.TW,P10_組合訊號,42,64.29,3.94,-7.5,0.03
4938.TW,P11_多頭排列紅K,50,60.0,4.72,-6.94,0.03
6189.TW,P04_長下影線放量,58,58.62,4.99,-5.06,0.03
2466.TW,P10_組合訊號,33,57.58,5.21,-5.97,0.03
6550.TW,P07_RSI超賣量縮,94,56.38,5.47,-19.22,0.03
6666.TW,P06_價量背離,97,45.36,-5.41,-14.21,0.03
2913.TW,P06_價量背離,150,45.33,-0.05,-8.49,0.03
6550.TW,P03_均線支撐放量,26,30.77,15.83,-19.93,0.03
2886.TW,P09_量縮後爆量紅K,2,100.0,0.02,-4.25,0.02
6799.TW,P05_連跌反轉紅K,29,68.97,3.19,-20.3,0.02
3406.TW,P12_多頭回檔,27,66.67,3.53,-16.77,0.02
6668.TW,P05_連跌反轉紅K,33,63.64,4.03,-11.26,0.02
8464.TW,P08_黃金交叉量增,13,61.54,4.41,-10.38,0.02
2420.TW,P10_組合訊號,45,60.0,4.7,-6.29,0.02
3338.TW,P11_多頭排列紅K,39,53.85,6.04,-15.81,0.02
3543.TW,P12_多頭回檔,53,52.83,6.29,-8.85,0.02
6666.TW,P10_組合訊號,64,45.31,-5.26,-13.88,0.02
9910.TW,P10_組合訊號,53,45.28,-2.22,-12.01,0.02
1506.TW,P05_連跌反轉紅K,53,45.28,-0.96,-11.13,0.02
1521.TW,P10_組合訊號,95,45.26,-1.88,-7.84,0.02
2317.TW,P03_均線支撐放量,58,44.83,8.66,-7.12,0.02
1597.TW,P02_量增紅K,30,66.67,3.51,-10.24,0.01
8374.TW,P04_長下影線放量,38,65.79,3.66,-8.15,0.01
1515.TW,P03_均線支撐放量,22,63.64,4.02,-14.31,0.01
2399.TW,P04_長下影線放量,24,58.33,5.02,-16.63,0.01
2539.TW,P04_長下影線放量,61,57.38,5.21,-3.74,0.01
2461.TW,P12_多頭回檔,41,56.1,5.49,-9.48,0.01
2468.TW,P06_價量背離,106,55.66,5.59,-5.76,0.01
1727.TW,P07_RSI超賣量縮,65,55.38,5.65,-8.48,0.01
5525.TW,P08_黃金交叉量增,11,54.55,5.85,-3.17,0.01
6206.TW,P10_組合訊號,63,52.38,6.38,-6.27,0.01
2530.TW,P12_多頭回檔,49,51.02,6.73,-6.05,0.01
2520.TW,P12_多頭回檔,42,45.24,-0.8,-12.5,0.01
3673.TW,P07_RSI超賣量縮,42,45.24,-2.12,-12.14,0.01
4155.TW,P01_量縮價穩,126,45.24,-0.03,-10.02,0.01
1524.TW,P11_多頭排列紅K,41,43.9,8.97,-8.28,0.01
6133.TW,P07_RSI超賣量縮,84,65.48,3.69,-10.01,0.0
6155.TW,P10_組合訊號,42,61.9,4.31,-9.73,0.0
2024.TW,P01_量縮價穩,258,61.24,4.44,-6.89,0.0
8103.TW,P12_多頭回檔,49,61.22,4.44,-11.69,0.0
3019.TW,P05_連跌反轉紅K,18,61.11,4.45,-10.06,-0.0
2034.TW,P07_RSI超賣量縮,68,58.82,4.91,-6.37,0.0
4737.TW,P11_多頭排列紅K,36,55.56,5.61,-6.41,0.0
1810.TW,P01_量縮價穩,153,52.94,6.23,-9.68,0.0
1442.TW,P06_價量背離,96,52.08,6.45,-6.41,0.0
2208.TW,P04_長下影線放量,31,45.16,-2.23,-16.87,-0.0
4551.TW,P12_多頭回檔,31,45.16,-3.78,-16.87,-0.0
8404.TW,P11_多頭排列紅K,31,45.16,-2.43,-13.02,-0.0
2332.TW,P11_多頭排列紅K,31,45.16,-0.67,-15.16,-0.0
2426.TW,P12_多頭回檔,31,45.16,-1.77,-12.78,-0.0
7732.TW,P03_均線支撐放量,31,45.16,-1.21,-10.49,-0.0
5222.TW,P09_量縮後爆量紅K,5,40.0,10.49,-18.33,-0.0
1325.TW,P06_價量背離,186,37.1,11.88,-10.35,0.0
1783.TW,P06_價量背離,58,65.52,3.67,-9.75,-0.01
3356.TW,P05_連跌反轉紅K,28,64.29,3.87,-13.31,-0.01
2228.TW,P01_量縮價穩,116,61.21,4.42,-9.31,-0.01
2753.TW,P10_組合訊號,47,57.45,5.16,-7.41,-0.01
2908.TW,P08_黃金交叉量增,7,57.14,5.24,-5.0,-0.01
2707.TW,P07_RSI超賣量縮,29,55.17,5.68,-8.52,-0.01
2239.TW,P04_長下影線放量,51,45.1,-1.46,-13.23,-0.01
1470.TW,P10_組合訊號,36,69.44,3.05,-6.12,-0.02
5906.TW,P05_連跌反轉紅K,26,69.23,3.09,-12.98,-0.02
6405.TW,P02_量增紅K,39,61.54,4.34,-11.03,-0.02
2906.TW,P07_RSI超賣量縮,50,54.0,5.93,-6.8,-0.02
4763.TW,P02_量增紅K,13,53.85,5.97,-16.39,-0.02
9911.TW,P12_多頭回檔,67,52.24,6.36,-3.23,-0.02
1475.TW,P04_長下影線放量,35,51.43,6.56,-14.03,-0.02
6923.TW,P01_量縮價穩,34,50.0,6.96,-10.7,-0.02
1341.TW,P08_黃金交叉量增,10,50.0,6.96,-3.13,-0.02
6116.TW,P04_長下影線放量,21,71.43,2.76,-12.68,-0.03
2923.TW,P02_量增紅K,80,68.75,3.14,-10.3,-0.03
6830.TW,P02_量增紅K,26,65.38,3.67,-14.57,-0.03
4572.TW,P01_量縮價穩,118,63.56,3.97,-8.75,-0.03
2707.TW,P02_量增紅K,16,62.5,4.16,-6.99,-0.03
2486.TW,P07_RSI超賣量縮,60,61.67,4.3,-16.98,-0.03
1597.TW,P06_價量背離,86,61.63,4.3,-8.21,-0.03
3029.TW,P06_價量背離,58,58.62,4.9,-8.16,-0.03
2347.TW,P06_價量背離,37,54.05,5.9,-5.32,-0.03
6177.TW,P01_量縮價穩,138,52.9,6.18,-5.07,-0.03
2722.TW,P10_組合訊號,27,51.85,6.44,-11.4,-0.03
2543.TW,P02_量增紅K,26,50.0,6.95,-8.04,-0.03
1725.TW,P12_多頭回檔,84,46.43,8.0,-7.21,-0.03
3481.TW,P11_多頭排列紅K,40,45.0,-2.07,-16.06,-0.03
8070.TW,P02_量增紅K,20,45.0,-0.5,-15.34,-0.03
2439.TW,P02_量增紅K,20,45.0,-4.62,-12.65,-0.03
3380.TW,P03_均線支撐放量,20,45.0,-2.57,-18.42,-0.03
4755.TW,P02_量增紅K,20,45.0,-5.02,-14.53,-0.03
2419.TW,P02_量增紅K,20,45.0,-0.44,-12.4,-0.03
6931.TW,P07_RSI超賣量縮,20,45.0,-11.46,-16.64,-0.03
8104.TW,P06_價量背離,60,45.0,-1.56,-16.32,-0.03
3413.TW,P09_量縮後爆量紅K,7,71.43,2.74,-15.98,-0.04
4927.TW,P11_多頭排列紅K,44,70.45,2.89,-15.96,-0.04
2374.TW,P08_黃金交叉量增,3,66.67,3.44,-8.94,-0.04
2838.TW,P04_長下影線放量,75,60.0,4.59,-5.57,-0.04
1445.TW,P08_黃金交叉量增,10,60.0,4.6,-6.34,-0.04
2524.TW,P11_多頭排列紅K,53,56.6,5.3,-10.79,-0.04
2431.TW,P10_組合訊號,49,44.9,-2.15,-14.07,-0.04
1533.TW,P05_連跌反轉紅K,28,67.86,3.25,-10.36,-0.05
4915.TW,P01_量縮價穩,65,67.69,3.27,-9.33,-0.05
2250.TW,P05_連跌反轉紅K,19,63.16,4.0,-11.36,-0.05
2476.TW,P08_黃金交叉量增,8,62.5,4.12,-8.8,-0.05
8367.TW,P07_RSI超賣量縮,60,60.0,4.59,-7.0,-0.05
1341.TW,P05_連跌反轉紅K,17,58.82,4.82,-3.76,-0.05
2530.TW,P11_多頭排列紅K,51,54.9,5.66,-7.29,-0.05
2362.TW,P06_價量背離,117,54.7,5.71,-6.1,-0.05
4977.TW,P11_多頭排列紅K,37,54.05,5.85,-16.29,-0.05
2423.TW,P05_連跌反轉紅K,25,52.0,6.37,-6.91,-0.05
1101.TW,P07_RSI超賣量縮,58,44.83,-1.43,-9.85,-0.05
2352.TW,P01_量縮價穩,58,44.83,-3.77,-14.96,-0.05
1536.TW,P05_連跌反轉紅K,29,44.83,-0.47,-13.97,-0.05
1312.TW,P12_多頭回檔,29,44.83,-0.89,-13.12,-0.05
6585.TW,P03_均線支撐放量,29,44.83,-4.21,-16.26,-0.05
8104.TW,P05_連跌反轉紅K,29,44.83,-2.51,-18.04,-0.05
2241.TW,P02_量增紅K,29,44.83,-1.45,-13.94,-0.05
1530.TW,P02_量增紅K,29,44.83,-0.47,-6.71,-0.05
2032.TW,P03_均線支撐放量,58,44.83,-0.98,-10.52,-0.05
1626.TW,P02_量增紅K,29,44.83,-0.97,-10.03,-0.05
3062.TW,P04_長下影線放量,16,75.0,2.26,-12.37,-0.06
1533.TW,P07_RSI超賣量縮,90,72.22,2.62,-12.04,-0.06
3015.TW,P02_量增紅K,22,59.09,4.74,-11.14,-0.06
1712.TW,P03_均線支撐放量,69,57.97,4.97,-3.31,-0.06
1319.TW,P08_黃金交叉量增,7,57.14,5.15,-8.92,-0.06
6655.TW,P11_多頭排列紅K,62,56.45,5.29,-7.49,-0.06
9136.TW,P05_連跌反轉紅K,25,56.0,5.39,-9.18,-0.06
9919.TW,P06_價量背離,132,46.21,8.02,-9.8,-0.06
3092.TW,P01_量縮價穩,134,44.78,-0.33,-14.78,-0.06
1810.TW,P11_多頭排列紅K,39,69.23,3.01,-11.55,-0.07
3518.TW,P06_價量背離,53,67.92,3.21,-13.29,-0.07
3014.TW,P07_RSI超賣量縮,42,66.67,3.4,-11.59,-0.07
2025.TW,P08_黃金交叉量增,6,66.67,3.39,-11.69,-0.07
2884.TW,P10_組合訊號,46,63.04,3.99,-4.04,-0.07
8112.TW,P06_價量背離,61,62.3,4.13,-7.32,-0.07
3062.TW,P01_量縮價穩,77,59.74,4.6,-12.21,-0.07
2420.TW,P06_價量背離,86,59.3,4.68,-5.66,-0.07
1711.TW,P06_價量背離,87,56.32,5.31,-8.75,-0.07
2427.TW,P12_多頭回檔,89,55.06,5.59,-5.51,-0.07
2889.TW,P12_多頭回檔,77,54.55,5.71,-4.51,-0.07
1443.TW,P03_均線支撐放量,158,51.9,6.36,-5.24,-0.07
1727.TW,P04_長下影線放量,37,51.35,6.5,-14.37,-0.07
9935.TW,P09_量縮後爆量紅K,14,50.0,6.86,-9.89,-0.07
6202.TW,P05_連跌反轉紅K,38,44.74,-1.18,-11.7,-0.07
5306.TW,P10_組合訊號,38,44.74,-0.24,-9.39,-0.07
1305.TW,P11_多頭排列紅K,38,44.74,-1.76,-15.4,-0.07
2614.TW,P03_均線支撐放量,38,44.74,-1.99,-10.58,-0.07
4919.TW,P06_價量背離,47,44.68,-3.06,-17.69,-0.07
1409.TW,P12_多頭回檔,47,44.68,-2.27,-9.01,-0.07
9938.TW,P06_價量背離,47,44.68,-4.59,-13.67,-0.07
1533.TW,P10_組合訊號,47,44.68,-6.46,-15.19,-0.07
8367.TW,P08_黃金交叉量增,7,71.43,2.69,-7.37,-0.08
8213.TW,P08_黃金交叉量增,9,66.67,3.38,-8.14,-0.08
6776.TW,P11_多頭排列紅K,42,64.29,3.76,-10.53,-0.08
2637.TW,P12_多頭回檔,47,59.57,4.62,-10.19,-0.08
2890.TW,P12_多頭回檔,93,58.06,4.92,-5.18,-0.08
8112.TW,P05_連跌反轉紅K,19,57.89,4.94,-9.54,-0.08
2105.TW,P11_多頭排列紅K,56,44.64,-1.28,-9.4,-0.08
3576.TW,P07_RSI超賣量縮,65,44.62,-1.51,-13.08,-0.08
9943.TW,P09_量縮後爆量紅K,11,36.36,12.02,-2.25,-0.08
6285.TW,P09_量縮後爆量紅K,7,85.71,1.06,-11.32,-0.09
8261.TW,P01_量縮價穩,68,70.59,2.79,-12.5,-0.09
3714.TW,P03_均線支撐放量,27,70.37,2.82,-10.71,-0.09
8028.TW,P09_量縮後爆量紅K,10,70.0,2.87,-11.09,-0.09
1342.TW,P09_量縮後爆量紅K,10,70.0,2.87,-6.11,-0.09
2374.TW,P05_連跌反轉紅K,26,65.38,3.57,-10.09,-0.09
6873.TW,P05_連跌反轉紅K,17,64.71,3.68,-10.99,-0.09
9910.TW,P05_連跌反轉紅K,36,63.89,3.81,-10.4,-0.09
8070.TW,P09_量縮後爆量紅K,10,60.0,4.52,-11.2,-0.09
1806.TW,P11_多頭排列紅K,32,59.38,4.65,-11.34,-0.09
2342.TW,P02_量增紅K,27,59.26,4.66,-13.49,-0.09
6206.TW,P07_RSI超賣量縮,53,56.6,5.21,-6.94,-0.09
2834.TW,P07_RSI超賣量縮,15,53.33,5.95,-3.28,-0.09
5469.TW,P12_多頭回檔,32,53.12,6.0,-12.49,-0.09
4552.TW,P06_價量背離,139,44.6,-0.53,-8.9,-0.09
1256.TW,P07_RSI超賣量縮,83,44.58,-1.62,-12.59,-0.09
1470.TW,P07_RSI超賣量縮,51,76.47,2.03,-4.3,-0.1
3060.TW,P01_量縮價穩,99,64.65,3.68,-10.7,-0.1
2049.TW,P02_量增紅K,20,60.0,4.51,-12.7,-0.1
8103.TW,P09_量縮後爆量紅K,10,60.0,4.5,-18.54,-0.1
3090.TW,P12_多頭回檔,41,56.1,5.3,-7.74,-0.1
1225.TW,P02_量增紅K,40,55.0,5.54,-8.81,-0.1
3715.TW,P05_連跌反轉紅K,11,54.55,5.66,-14.82,-0.1
1108.TW,P12_多頭回檔,48,52.08,6.25,-7.14,-0.1
3416.TW,P02_量增紅K,16,50.0,6.8,-6.61,-0.1
1708.TW,P09_量縮後爆量紅K,8,50.0,6.79,-7.65,-0.1
6854.TW,P12_多頭回檔,17,41.18,9.75,-15.82,-0.1
1540.TW,P09_量縮後爆量紅K,6,66.67,3.33,-1.82,-0.11
2102.TW,P04_長下影線放量,60,61.67,4.17,-9.84,-0.11
2357.TW,P03_均線支撐放量,55,60.0,4.48,-8.09,-0.11
2459.TW,P12_多頭回檔,80,58.75,4.73,-3.85,-0.11
3030.TW,P05_連跌反轉紅K,22,54.55,5.63,-9.49,-0.11
6152.TW,P12_多頭回檔,46,54.35,5.67,-11.53,-0.11
2611.TW,P04_長下影線放量,32,53.12,5.97,-9.55,-0.11
2881.TW,P02_量增紅K,9,44.44,-0.55,-7.69,-0.11
2890.TW,P02_量增紅K,9,44.44,-1.99,-11.85,-0.11
5876.TW,P08_黃金交叉量增,9,44.44,-1.81,-7.74,-0.11
6282.TW,P08_黃金交叉量增,9,44.44,-1.23,-12.2,-0.11
2498.TW,P12_多頭回檔,18,44.44,-0.15,-15.38,-0.11
2329.TW,P03_均線支撐放量,27,44.44,-1.26,-18.55,-0.11
1314.TW,P08_黃金交叉量增,9,44.44,-1.84,-11.96,-0.11
1434.TW,P02_量增紅K,9,44.44,-1.98,-8.94,-0.11
3576.TW,P12_多頭回檔,18,44.44,-1.9,-16.02,-0.11
9914.TW,P01_量縮價穩,72,44.44,-3.38,-16.5,-0.11
6116.TW,P07_RSI超賣量縮,45,44.44,-0.64,-13.72,-0.11
4961.TW,P08_黃金交叉量增,9,44.44,-10.41,-21.72,-0.11
9938.TW,P07_RSI超賣量縮,45,44.44,-1.76,-15.14,-0.11
2723.TW,P08_黃金交叉量增,9,44.44,-3.01,-15.57,-0.11
2231.TW,P12_多頭回檔,18,44.44,-9.4,-18.71,-0.11
2323.TW,P02_量增紅K,18,44.44,-5.19,-13.8,-0.11
2547.TW,P08_黃金交叉量增,9,44.44,-1.88,-8.43,-0.11
5288.TW,P02_量增紅K,18,44.44,-0.75,-10.8,-0.11
3708.TW,P10_組合訊號,27,44.44,-1.19,-15.42,-0.11
6230.TW,P04_長下影線放量,36,44.44,-0.64,-17.77,-0.11
2534.TW,P09_量縮後爆量紅K,9,44.44,-5.73,-14.61,-0.11
6914.TW,P10_組合訊號,9,44.44,-4.0,-11.64,-0.11
8163.TW,P08_黃金交叉量增,9,44.44,-6.15,-12.99,-0.11
1597.TW,P12_多頭回檔,27,44.44,-1.0,-12.51,-0.11
4119.TW,P04_長下影線放量,27,44.44,-0.63,-10.27,-0.11
4572.TW,P09_量縮後爆量紅K,9,44.44,-2.02,-10.22,-0.11
1256.TW,P09_量縮後爆量紅K,18,44.44,-1.09,-13.34,-0.11
7791.TW,P06_價量背離,18,44.44,-0.47,-7.65,-0.11
2748.TW,P09_量縮後爆量紅K,9,44.44,-1.65,-7.26,-0.11
1598.TW,P09_量縮後爆量紅K,9,44.44,-5.2,-15.4,-0.11
1506.TW,P09_量縮後爆量紅K,18,44.44,-5.37,-14.89,-0.11
1339.TW,P08_黃金交叉量增,9,44.44,-0.31,-10.86,-0.11
2241.TW,P12_多頭回檔,36,44.44,-5.59,-13.83,-0.11
4552.TW,P03_均線支撐放量,72,44.44,-1.98,-8.34,-0.11
2642.TW,P02_量增紅K,18,44.44,-1.08,-10.26,-0.11
6405.TW,P08_黃金交叉量增,9,44.44,-1.46,-11.11,-0.11
2390.TW,P04_長下影線放量,18,44.44,-5.51,-19.87,-0.11
1338.TW,P02_量增紅K,27,44.44,-1.68,-13.26,-0.11
6807.TW,P09_量縮後爆量紅K,14,42.86,9.07,-10.31,-0.11
3047.TW,P06_價量背離,64,71.88,2.58,-11.08,-0.12
3550.TW,P04_長下影線放量,45,57.78,4.9,-9.35,-0.12
2427.TW,P03_均線支撐放量,74,56.76,5.11,-4.96,-0.12
1616.TW,P12_多頭回檔,52,55.77,5.34,-11.84,-0.12
2356.TW,P10_組合訊號,43,53.49,5.86,-6.3,-0.12
1721.TW,P01_量縮價穩,157,52.87,6.02,-9.9,-0.12
1525.TW,P01_量縮價穩,178,44.38,-0.88,-10.43,-0.12
3711.TW,P01_量縮價穩,43,74.42,2.23,-10.94,-0.13
8464.TW,P03_均線支撐放量,76,73.68,2.32,-10.94,-0.13
5469.TW,P02_量增紅K,15,66.67,3.31,-12.96,-0.13
2351.TW,P02_量增紅K,22,63.64,3.79,-17.68,-0.13
2347.TW,P07_RSI超賣量縮,18,61.11,4.24,-4.64,-0.13
1225.TW,P10_組合訊號,43,58.14,4.82,-7.98,-0.13
6183.TW,P10_組合訊號,57,54.39,5.64,-2.86,-0.13
2548.TW,P10_組合訊號,53,52.83,6.01,-4.09,-0.13
5243.TW,P02_量增紅K,33,75.76,2.06,-13.23,-0.14
3059.TW,P03_均線支撐放量,31,70.97,2.67,-11.7,-0.14
2528.TW,P05_連跌反轉紅K,26,65.38,3.5,-8.51,-0.14
2460.TW,P01_量縮價穩,144,63.89,3.73,-14.73,-0.14
3591.TW,P05_連跌反轉紅K,35,62.86,3.91,-9.7,-0.14
2328.TW,P05_連跌反轉紅K,29,62.07,4.05,-10.14,-0.14
2461.TW,P01_量縮價穩,102,59.8,4.48,-8.85,-0.14
8104.TW,P09_量縮後爆量紅K,9,55.56,5.34,-13.01,-0.14
2007.TW,P05_連跌反轉紅K,49,51.02,6.44,-12.72,-0.14
2356.TW,P03_均線支撐放量,66,50.0,6.72,-8.8,-0.14
4919.TW,P02_量增紅K,20,75.0,2.13,-14.13,-0.15
4771.TW,P04_長下影線放量,7,71.43,2.59,-13.23,-0.15
3596.TW,P02_量增紅K,22,68.18,3.04,-12.59,-0.15
2612.TW,P11_多頭排列紅K,28,67.86,3.09,-11.63,-0.15
4934.TW,P11_多頭排列紅K,68,64.71,3.58,-19.37,-0.15
2884.TW,P03_均線支撐放量,83,63.86,3.72,-6.8,-0.15
4938.TW,P05_連跌反轉紅K,30,56.67,5.08,-7.08,-0.15
2459.TW,P11_多頭排列紅K,62,54.84,5.49,-3.44,-0.15
9935.TW,P05_連跌反轉紅K,21,52.38,6.08,-8.72,-0.15
6770.TW,P04_長下影線放量,28,50.0,6.71,-15.66,-0.15
6431.TW,P03_均線支撐放量,80,48.75,7.06,-12.13,-0.15
2349.TW,P01_量縮價穩,86,44.19,-2.6,-12.8,-0.15
2477.TW,P07_RSI超賣量縮,75,72.0,2.49,-9.36,-0.16
3059.TW,P08_黃金交叉量增,9,66.67,3.26,-11.2,-0.16
4526.TW,P04_長下影線放量,36,63.89,3.7,-12.5,-0.16
3044.TW,P01_量縮價穩,64,60.94,4.22,-10.45,-0.16
9955.TW,P02_量增紅K,34,58.82,4.63,-12.82,-0.16
6235.TW,P02_量增紅K,36,52.78,5.96,-16.82,-0.16
6116.TW,P05_連跌反轉紅K,34,44.12,-0.97,-14.68,-0.16
1789.TW,P03_均線支撐放量,34,44.12,-0.63,-8.85,-0.16
3712.TW,P12_多頭回檔,34,44.12,-0.84,-13.59,-0.16
1472.TW,P10_組合訊號,68,44.12,-1.6,-17.92,-0.16
8222.TW,P04_長下影線放量,34,44.12,-1.87,-16.03,-0.16
1735.TW,P07_RSI超賣量縮,34,44.12,-3.5,-12.6,-0.16
6451.TW,P10_組合訊號,41,65.85,3.37,-16.17,-0.17
3679.TW,P07_RSI超賣量縮,54,61.11,4.17,-8.65,-0.17
2883.TW,P10_組合訊號,36,58.33,4.7,-6.71,-0.17
5258.TW,P02_量增紅K,35,57.14,4.96,-15.29,-0.17
3702.TW,P02_量增紅K,13,53.85,5.69,-7.13,-0.17
1235.TW,P06_價量背離,119,51.26,6.33,-5.83,-0.17
1909.TW,P06_價量背離,93,44.09,-0.22,-10.54,-0.17
4119.TW,P06_價量背離,84,44.05,-1.7,-10.26,-0.17
2393.TW,P02_量增紅K,14,71.43,2.55,-11.05,-0.18
5388.TW,P03_均線支撐放量,31,67.74,3.06,-10.54,-0.18
1708.TW,P07_RSI超賣量縮,65,67.69,3.07,-6.07,-0.18
6271.TW,P01_量縮價穩,66,66.67,3.22,-11.12,-0.18
7732.TW,P10_組合訊號,19,63.16,3.8,-7.03,-0.18
3021.TW,P03_均線支撐放量,42,61.9,4.02,-5.76,-0.18
6285.TW,P04_長下影線放量,26,61.54,4.09,-11.04,-0.18
8464.TW,P05_連跌反轉紅K,34,58.82,4.6,-10.83,-0.18
1319.TW,P10_組合訊號,29,58.62,4.63,-7.89,-0.18
9941.TW,P01_量縮價穩,104,55.77,5.23,-9.47,-0.18
5519.TW,P01_量縮價穩,124,52.42,6.01,-6.38,-0.18
6431.TW,P08_黃金交叉量增,6,50.0,6.65,-10.85,-0.18
8131.TW,P07_RSI超賣量縮,50,44.0,-0.31,-6.55,-0.18
3576.TW,P02_量增紅K,25,44.0,-6.06,-20.91,-0.18
6202.TW,P03_均線支撐放量,50,44.0,-1.88,-11.62,-0.18
5306.TW,P03_均線支撐放量,50,44.0,-1.56,-8.82,-0.18
4564.TW,P01_量縮價穩,75,44.0,-2.23,-12.83,-0.18
2945.TW,P05_連跌反轉紅K,25,44.0,-3.11,-8.57,-0.18
3346.TW,P10_組合訊號,25,44.0,-2.66,-12.88,-0.18
6666.TW,P04_長下影線放量,25,44.0,-3.98,-12.82,-0.18
3006.TW,P08_黃金交叉量增,8,75.0,2.07,-16.96,-0.19
2332.TW,P07_RSI超賣量縮,45,68.89,2.89,-10.94,-0.19
6526.TW,P10_組合訊號,9,66.67,3.22,-15.84,-0.19
6768.TW,P07_RSI超賣量縮,31,64.52,3.56,-9.59,-0.19
2397.TW,P09_量縮後爆量紅K,5,60.0,4.35,-8.67,-0.19
2880.TW,P07_RSI超賣量縮,22,59.09,4.52,-2.69,-0.19
4536.TW,P04_長下影線放量,36,58.33,4.67,-13.85,-0.19
3003.TW,P05_連跌反轉紅K,29,55.17,5.34,-8.82,-0.19
3005.TW,P01_量縮價穩,77,50.65,6.44,-9.08,-0.19
2852.TW,P05_連跌反轉紅K,19,47.37,7.38,-3.11,-0.19
6931.TW,P12_多頭回檔,17,47.06,7.47,-7.39,-0.19
2023.TW,P07_RSI超賣量縮,63,46.03,7.78,-7.09,-0.19
8150.TW,P07_RSI超賣量縮,50,46.0,7.81,-11.05,-0.19
2461.TW,P09_量縮後爆量紅K,10,70.0,2.72,-9.03,-0.2
3588.TW,P07_RSI超賣量縮,60,68.33,2.95,-16.27,-0.2
2377.TW,P01_量縮價穩,42,66.67,3.21,-10.77,-0.2
1435.TW,P07_RSI超賣量縮,81,64.2,3.6,-16.97,-0.2
3051.TW,P11_多頭排列紅K,39,64.1,3.6,-15.66,-0.2
5906.TW,P08_黃金交叉量增,11,63.64,3.69,-8.18,-0.2
4536.TW,P03_均線支撐放量,41,63.41,3.72,-9.96,-0.2
4720.TW,P01_量縮價穩,113,61.95,3.98,-6.36,-0.2
6768.TW,P03_均線支撐放量,38,60.53,4.24,-4.51,-0.2
2008.TW,P03_均線支撐放量,78,55.13,5.33,-4.4,-0.2
2524.TW,P01_量縮價穩,233,52.79,5.88,-6.65,-0.2
1713.TW,P04_長下影線放量,63,52.38,5.98,-4.28,-0.2
1445.TW,P05_連跌反轉紅K,20,50.0,6.6,-7.81,-0.2
8404.TW,P05_連跌反轉紅K,41,43.9,-0.6,-10.01,-0.2
1305.TW,P10_組合訊號,41,43.9,-4.98,-14.01,-0.2
1515.TW,P06_價量背離,57,43.86,-4.2,-15.46,-0.2
4739.TW,P02_量增紅K,23,65.22,3.42,-15.21,-0.21
2367.TW,P07_RSI超賣量縮,49,63.27,3.74,-8.75,-0.21
2420.TW,P01_量縮價穩,108,62.04,3.94,-5.47,-0.21
3712.TW,P01_量縮價穩,89,61.8,3.99,-14.55,-0.21
3033.TW,P05_連跌反轉紅K,21,57.14,4.89,-4.97,-0.21
2845.TW,P08_黃金交叉量增,9,55.56,5.22,-3.45,-0.21
1760.TW,P06_價量背離,73,43.84,-1.38,-13.75,-0.21
1541.TW,P08_黃金交叉量增,11,72.73,2.32,-12.1,-0.22
4119.TW,P09_量縮後爆量紅K,12,66.67,3.17,-7.71,-0.22
5288.TW,P06_價量背離,70,65.71,3.31,-7.71,-0.22
3044.TW,P04_長下影線放量,44,61.36,4.04,-11.04,-0.22
2377.TW,P03_均線支撐放量,40,60.0,4.31,-10.43,-0.22
2458.TW,P02_量增紅K,15,60.0,4.3,-8.47,-0.22
8150.TW,P12_多頭回檔,38,57.89,4.72,-10.09,-0.22
3008.TW,P01_量縮價穩,48,43.75,-3.46,-14.11,-0.22
2371.TW,P03_均線支撐放量,32,43.75,-1.27,-14.75,-0.22
3714.TW,P12_多頭回檔,16,43.75,-5.03,-14.67,-0.22
6719.TW,P11_多頭排列紅K,16,43.75,-4.07,-14.67,-0.22
2231.TW,P01_量縮價穩,64,43.75,-3.54,-16.65,-0.22
2340.TW,P12_多頭回檔,16,43.75,-1.1,-15.98,-0.22
1532.TW,P04_長下影線放量,32,43.75,-2.14,-10.03,-0.22
8163.TW,P12_多頭回檔,32,43.75,-1.52,-11.77,-0.22
8105.TW,P05_連跌反轉紅K,16,43.75,-2.44,-14.69,-0.22
1760.TW,P01_量縮價穩,80,43.75,-0.8,-12.69,-0.22
6743.TW,P05_連跌反轉紅K,32,43.75,-5.79,-17.74,-0.22
6283.TW,P09_量縮後爆量紅K,16,43.75,-0.94,-15.26,-0.22
2425.TW,P10_組合訊號,16,43.75,-3.38,-13.7,-0.22
1446.TW,P11_多頭排列紅K,32,43.75,-2.58,-13.4,-0.22
2314.TW,P10_組合訊號,32,43.75,-6.55,-25.31,-0.22
1809.TW,P05_連跌反轉紅K,22,72.73,2.31,-9.79,-0.23
3607.TW,P06_價量背離,73,72.6,2.33,-11.44,-0.23
2049.TW,P10_組合訊號,31,64.52,3.49,-14.22,-0.23
4994.TW,P01_量縮價穩,111,63.06,3.74,-10.91,-0.23
3042.TW,P01_量縮價穩,54,62.96,3.75,-8.95,-0.23
4912.TW,P04_長下影線放量,34,61.76,3.96,-14.73,-0.23
8463.TW,P05_連跌反轉紅K,34,58.82,4.5,-10.03,-0.23
4439.TW,P07_RSI超賣量縮,62,58.06,4.66,-8.38,-0.23
2423.TW,P11_多頭排列紅K,67,56.72,4.93,-6.63,-0.23
4545.TW,P12_多頭回檔,76,50.0,6.54,-8.22,-0.23
6116.TW,P06_價量背離,71,43.66,-1.14,-13.19,-0.23
4562.TW,P07_RSI超賣量縮,71,43.66,-0.95,-11.1,-0.23
1906.TW,P12_多頭回檔,71,43.66,-0.81,-9.52,-0.23
2516.TW,P05_連跌反轉紅K,37,40.54,9.7,-10.34,-0.23
6706.TW,P10_組合訊號,25,76.0,1.89,-14.54,-0.24
2382.TW,P09_量縮後爆量紅K,4,75.0,2.02,-10.63,-0.24
6670.TW,P01_量縮價穩,95,68.42,2.88,-6.94,-0.24
2527.TW,P02_量增紅K,20,65.0,3.41,-10.36,-0.24
4571.TW,P04_長下影線放量,44,63.64,3.63,-10.54,-0.24
6116.TW,P10_組合訊號,39,61.54,3.99,-8.93,-0.24
2356.TW,P09_量縮後爆量紅K,5,60.0,4.26,-9.25,-0.24
3090.TW,P01_量縮價穩,93,56.99,4.86,-7.68,-0.24
2316.TW,P09_量縮後爆量紅K,10,50.0,6.52,-12.3,-0.24
1582.TW,P04_長下影線放量,30,50.0,6.52,-6.27,-0.24
3311.TW,P12_多頭回檔,55,43.64,-1.1,-8.75,-0.24
2501.TW,P01_量縮價穩,94,43.62,-0.66,-7.65,-0.24
5608.TW,P05_連跌反轉紅K,39,43.59,-1.03,-16.9,-0.24
3311.TW,P11_多頭排列紅K,39,43.59,-0.86,-10.17,-0.24
1325.TW,P02_量增紅K,27,37.04,11.25,-14.35,-0.24
3006.TW,P04_長下影線放量,21,66.67,3.12,-13.29,-0.25
2006.TW,P03_均線支撐放量,57,59.65,4.32,-5.83,-0.25
5522.TW,P05_連跌反轉紅K,41,56.1,5.02,-8.08,-0.25
1605.TW,P04_長下影線放量,29,55.17,5.23,-10.98,-0.25
2528.TW,P01_量縮價穩,194,54.64,5.36,-7.78,-0.25
2010.TW,P10_組合訊號,44,54.55,5.37,-6.93,-0.25
9934.TW,P03_均線支撐放量,62,43.55,-3.19,-10.17,-0.25
2906.TW,P10_組合訊號,62,43.55,-0.48,-7.99,-0.25
2882.TW,P08_黃金交叉量增,5,40.0,9.88,-3.77,-0.25
3413.TW,P10_組合訊號,27,66.67,3.1,-12.56,-0.26
1470.TW,P02_量增紅K,60,66.67,3.11,-6.7,-0.26
8039.TW,P04_長下影線放量,38,65.79,3.25,-8.84,-0.26
9902.TW,P02_量增紅K,32,65.62,3.28,-6.53,-0.26
2379.TW,P11_多頭排列紅K,60,63.33,3.64,-11.8,-0.26
1618.TW,P12_多頭回檔,38,55.26,5.2,-10.45,-0.26
1529.TW,P12_多頭回檔,26,53.85,5.51,-10.67,-0.26
4989.TW,P02_量增紅K,32,53.12,5.69,-10.89,-0.26
4566.TW,P02_量增紅K,23,43.48,-0.22,-14.66,-0.26
6668.TW,P06_價量背離,69,43.48,-0.29,-15.53,-0.26
4108.TW,P04_長下影線放量,46,43.48,-0.62,-11.8,-0.26
2314.TW,P12_多頭回檔,23,43.48,-10.31,-24.16,-0.26
4190.TW,P03_均線支撐放量,46,43.48,-3.71,-9.66,-0.26
2423.TW,P04_長下影線放量,69,59.42,4.33,-6.41,-0.27
1713.TW,P09_量縮後爆量紅K,11,54.55,5.34,-3.04,-0.27
6183.TW,P01_量縮價穩,153,54.25,5.4,-3.46,-0.27
3056.TW,P12_多頭回檔,50,54.0,5.46,-8.34,-0.27
1907.TW,P11_多頭排列紅K,64,53.12,5.67,-8.4,-0.27
9946.TW,P11_多頭排列紅K,48,52.08,5.91,-9.58,-0.27
4919.TW,P09_量縮後爆量紅K,6,50.0,6.47,-21.17,-0.27
1444.TW,P06_價量背離,152,43.42,-0.22,-7.14,-0.27
2440.TW,P05_連跌反轉紅K,53,43.4,-0.25,-13.41,-0.27
1454.TW,P07_RSI超賣量縮,63,68.25,2.85,-5.86,-0.28
2431.TW,P09_量縮後爆量紅K,14,64.29,3.45,-13.3,-0.28
1432.TW,P05_連跌反轉紅K,40,60.0,4.21,-11.5,-0.28
3617.TW,P04_長下影線放量,33,57.58,4.67,-8.7,-0.28
2421.TW,P01_量縮價穩,69,56.52,4.89,-14.21,-0.28
8103.TW,P03_均線支撐放量,32,56.25,4.95,-14.34,-0.28
8404.TW,P06_價量背離,82,56.1,4.98,-9.24,-0.28
3046.TW,P01_量縮價穩,110,55.45,5.12,-16.68,-0.28
8374.TW,P07_RSI超賣量縮,56,53.57,5.54,-12.24,-0.28
6768.TW,P10_組合訊號,42,52.38,5.83,-4.86,-0.28
6625.TW,P06_價量背離,113,43.36,-0.17,-10.13,-0.28
4576.TW,P11_多頭排列紅K,30,43.33,-2.28,-17.41,-0.28
1589.TW,P03_均線支撐放量,30,43.33,-8.51,-16.6,-0.28
6552.TW,P10_組合訊號,30,43.33,-2.67,-13.47,-0.28
4919.TW,P10_組合訊號,38,63.16,3.63,-11.46,-0.29
2539.TW,P02_量增紅K,24,54.17,5.39,-5.89,-0.29
2727.TW,P01_量縮價穩,85,50.59,6.25,-10.54,-0.29
4994.TW,P10_組合訊號,47,70.21,2.55,-8.82,-0.3
3014.TW,P03_均線支撐放量,31,61.29,3.94,-11.05,-0.3
4164.TW,P05_連跌反轉紅K,27,59.26,4.3,-9.14,-0.3
1339.TW,P07_RSI超賣量縮,45,57.78,4.59,-8.6,-0.3
2379.TW,P02_量增紅K,2,50.0,6.4,-13.34,-0.3
1314.TW,P10_組合訊號,37,43.24,-1.73,-10.02,-0.3
1312.TW,P05_連跌反轉紅K,37,43.24,-1.73,-11.7,-0.3
1533.TW,P12_多頭回檔,37,43.24,-1.13,-16.15,-0.3
1477.TW,P05_連跌反轉紅K,28,71.43,2.37,-11.88,-0.31
2436.TW,P12_多頭回檔,21,71.43,2.37,-13.71,-0.31
3138.TW,P09_量縮後爆量紅K,12,66.67,3.03,-14.81,-0.31
2425.TW,P12_多頭回檔,21,61.9,3.81,-11.69,-0.31
2330.TW,P01_量縮價穩,40,55.0,5.16,-9.24,-0.31
2539.TW,P12_多頭回檔,88,54.55,5.26,-4.55,-0.31
6776.TW,P01_量縮價穩,151,51.66,5.96,-5.88,-0.31
2539.TW,P03_均線支撐放量,109,49.54,6.51,-3.27,-0.31
8131.TW,P04_長下影線放量,57,47.37,7.12,-5.53,-0.31
9921.TW,P07_RSI超賣量縮,44,43.18,-4.53,-13.76,-0.31
9921.TW,P12_多頭回檔,44,43.18,-1.94,-14.34,-0.31
1256.TW,P05_連跌反轉紅K,51,43.14,-0.86,-13.77,-0.31
2705.TW,P04_長下影線放量,51,43.14,-0.58,-12.7,-0.31
6743.TW,P10_組合訊號,31,74.19,2.01,-16.26,-0.32
4912.TW,P07_RSI超賣量縮,54,70.37,2.5,-14.08,-0.32
8150.TW,P03_均線支撐放量,48,68.75,2.72,-13.52,-0.32
4994.TW,P04_長下影線放量,32,65.62,3.18,-9.69,-0.32
6285.TW,P01_量縮價穩,58,65.52,3.19,-8.09,-0.32
3050.TW,P06_價量背離,64,64.06,3.43,-8.38,-0.32
6168.TW,P05_連跌反轉紅K,38,63.16,3.57,-11.31,-0.32
3652.TW,P12_多頭回檔,47,59.57,4.21,-9.38,-0.32
4958.TW,P11_多頭排列紅K,59,59.32,4.26,-11.1,-0.32
3669.TW,P04_長下影線放量,29,58.62,4.4,-12.46,-0.32
6405.TW,P01_量縮價穩,199,58.29,4.47,-9.99,-0.32
5215.TW,P01_量縮價穩,120,51.67,5.93,-11.97,-0.32
2636.TW,P03_均線支撐放量,39,46.15,7.47,-9.23,-0.32
1455.TW,P10_組合訊號,58,43.1,-1.57,-12.09,-0.32
6120.TW,P05_連跌反轉紅K,19,68.42,2.75,-12.87,-0.33
6213.TW,P01_量縮價穩,58,67.24,2.92,-13.25,-0.33
2881.TW,P12_多頭回檔,80,55.0,5.14,-6.05,-0.33
2385.TW,P02_量增紅K,11,54.55,5.23,-5.27,-0.33
4764.TW,P07_RSI超賣量縮,56,46.43,7.37,-6.18,-0.33
9946.TW,P07_RSI超賣量縮,79,43.04,-2.97,-16.57,-0.33
3673.TW,P04_長下影線放量,16,68.75,2.68,-10.8,-0.34
4989.TW,P07_RSI超賣量縮,80,67.5,2.87,-11.4,-0.34
6442.TW,P03_均線支撐放量,70,64.29,3.37,-6.25,-0.34
4526.TW,P11_多頭排列紅K,38,60.53,4.0,-11.7,-0.34
6431.TW,P05_連跌反轉紅K,35,60.0,4.11,-11.62,-0.34
3149.TW,P06_價量背離,110,59.09,4.27,-14.48,-0.34
3607.TW,P12_多頭回檔,38,57.89,4.5,-10.4,-0.34
1717.TW,P08_黃金交叉量增,9,55.56,4.98,-6.77,-0.34
2427.TW,P07_RSI超賣量縮,56,55.36,5.04,-7.73,-0.34
9110.TW,P11_多頭排列紅K,64,45.31,7.69,-12.98,-0.34
9958.TW,P03_均線支撐放量,15,73.33,2.07,-16.31,-0.35
2423.TW,P09_量縮後爆量紅K,7,71.43,2.32,-6.17,-0.35
6477.TW,P12_多頭回檔,29,68.97,2.64,-16.37,-0.35
8464.TW,P06_價量背離,35,68.57,2.7,-10.73,-0.35
1477.TW,P11_多頭排列紅K,56,67.86,2.8,-12.39,-0.35
3607.TW,P01_量縮價穩,105,66.67,2.98,-9.0,-0.35
3416.TW,P11_多頭排列紅K,38,57.89,4.48,-6.39,-0.35
2528.TW,P12_多頭回檔,68,57.35,4.6,-9.28,-0.35
1417.TW,P11_多頭排列紅K,44,54.55,5.19,-7.87,-0.35
2441.TW,P10_組合訊號,32,53.12,5.52,-5.58,-0.35
3048.TW,P11_多頭排列紅K,47,51.06,6.03,-8.1,-0.35
9927.TW,P08_黃金交叉量增,6,50.0,6.29,-8.45,-0.35
1440.TW,P12_多頭回檔,24,45.83,7.52,-7.86,-0.35
1325.TW,P01_量縮價穩,131,44.27,8.03,-12.65,-0.35
2712.TW,P01_量縮價穩,275,42.91,-0.47,-11.4,-0.35
6689.TW,P11_多頭排列紅K,38,76.32,1.7,-14.9,-0.36
2515.TW,P09_量縮後爆量紅K,3,66.67,2.97,-8.13,-0.36
2477.TW,P06_價量背離,87,66.67,2.96,-8.39,-0.36
6282.TW,P06_價量背離,41,65.85,3.09,-9.53,-0.36
3049.TW,P03_均線支撐放量,38,63.16,3.51,-11.2,-0.36
911868.TW,P06_價量背離,159,61.01,3.88,-6.84,-0.36
2704.TW,P10_組合訊號,60,60.0,4.07,-7.07,-0.36
2851.TW,P10_組合訊號,73,58.9,4.27,-5.8,-0.36
8162.TW,P07_RSI超賣量縮,17,58.82,4.3,-7.17,-0.36
6192.TW,P03_均線支撐放量,64,56.25,4.81,-5.26,-0.36
3094.TW,P09_量縮後爆量紅K,16,56.25,4.8,-14.29,-0.36
1443.TW,P10_組合訊號,128,50.0,6.27,-5.14,-0.36
3008.TW,P08_黃金交叉量增,7,42.86,-2.85,-14.25,-0.36
6446.TW,P03_均線支撐放量,28,42.86,-0.4,-15.23,-0.36
1590.TW,P08_黃金交叉量增,7,42.86,-0.5,-19.13,-0.36
2337.TW,P09_量縮後爆量紅K,7,42.86,-1.41,-16.91,-0.36
5871.TW,P03_均線支撐放量,56,42.86,-2.63,-12.43,-0.36
1102.TW,P08_黃金交叉量增,7,42.86,-3.47,-8.78,-0.36
2409.TW,P01_量縮價穩,42,42.86,-0.69,-14.11,-0.36
6415.TW,P07_RSI超賣量縮,21,42.86,-3.39,-22.6,-0.36
2915.TW,P11_多頭排列紅K,49,42.86,-0.89,-10.29,-0.36
5522.TW,P02_量增紅K,14,42.86,-0.06,-6.85,-0.36
6213.TW,P09_量縮後爆量紅K,7,42.86,-4.51,-13.43,-0.36
1907.TW,P03_均線支撐放量,49,42.86,-2.13,-9.99,-0.36
6414.TW,P09_量縮後爆量紅K,7,42.86,-0.59,-10.46,-0.36
4915.TW,P08_黃金交叉量增,7,42.86,-3.16,-11.33,-0.36
2388.TW,P09_量縮後爆量紅K,7,42.86,-5.17,-22.67,-0.36
1536.TW,P10_組合訊號,35,42.86,-3.76,-14.79,-0.36
6456.TW,P09_量縮後爆量紅K,14,42.86,-7.81,-15.11,-0.36
1312.TW,P02_量增紅K,14,42.86,-3.81,-15.18,-0.36
6206.TW,P09_量縮後爆量紅K,7,42.86,-3.29,-11.38,-0.36
6965.TW,P03_均線支撐放量,7,42.86,-10.55,-23.24,-0.36
6202.TW,P01_量縮價穩,63,42.86,-1.74,-11.56,-0.36
6806.TW,P08_黃金交叉量增,7,42.86,-13.88,-24.56,-0.36
6192.TW,P08_黃金交叉量增,7,42.86,-1.11,-8.52,-0.36
3545.TW,P06_價量背離,42,42.86,-3.64,-16.55,-0.36
2104.TW,P03_均線支撐放量,63,42.86,-2.51,-9.72,-0.36
6230.TW,P10_組合訊號,35,42.86,-1.07,-14.11,-0.36
6209.TW,P09_量縮後爆量紅K,7,42.86,-11.22,-21.56,-0.36
6957.TW,P10_組合訊號,7,42.86,-7.52,-19.51,-0.36
2534.TW,P02_量增紅K,21,42.86,-1.89,-9.81,-0.36
2534.TW,P08_黃金交叉量增,7,42.86,-5.91,-11.51,-0.36
2349.TW,P02_量增紅K,28,42.86,-5.99,-14.99,-0.36
1714.TW,P08_黃金交叉量增,7,42.86,-3.84,-8.28,-0.36
8163.TW,P09_量縮後爆量紅K,7,42.86,-2.41,-16.95,-0.36
6863.TW,P12_多頭回檔,7,42.86,-19.43,-24.4,-0.36
9924.TW,P08_黃金交叉量增,7,42.86,-4.48,-7.91,-0.36
2614.TW,P02_量增紅K,21,42.86,-2.48,-14.39,-0.36
6994.TW,P12_多頭回檔,7,42.86,-6.63,-21.68,-0.36
1734.TW,P09_量縮後爆量紅K,7,42.86,-16.19,-19.34,-0.36
2413.TW,P03_均線支撐放量,21,42.86,-1.09,-17.44,-0.36
1472.TW,P05_連跌反轉紅K,35,42.86,-5.15,-19.89,-0.36
3338.TW,P03_均線支撐放量,21,42.86,-2.1,-17.59,-0.36
2601.TW,P10_組合訊號,42,42.86,-3.83,-12.45,-0.36
9934.TW,P02_量增紅K,21,42.86,-4.16,-12.5,-0.36
2462.TW,P09_量縮後爆量紅K,7,42.86,-5.93,-15.23,-0.36
2239.TW,P03_均線支撐放量,42,42.86,-7.97,-18.13,-0.36
2537.TW,P09_量縮後爆量紅K,7,42.86,-7.02,-14.25,-0.36
8476.TW,P10_組合訊號,42,42.86,-0.87,-21.98,-0.36
4108.TW,P09_量縮後爆量紅K,7,42.86,-4.96,-9.66,-0.36
2461.TW,P08_黃金交叉量增,7,42.86,-4.0,-14.73,-0.36
6902.TW,P09_量縮後爆量紅K,7,42.86,-6.92,-18.84,-0.36
4555.TW,P09_量縮後爆量紅K,14,42.86,-1.08,-7.67,-0.36
1325.TW,P05_連跌反轉紅K,28,42.86,-5.4,-20.78,-0.36
2250.TW,P02_量增紅K,21,42.86,-6.07,-15.88,-0.36
4148.TW,P03_均線支撐放量,35,42.86,-1.0,-15.18,-0.36
6906.TW,P02_量增紅K,7,42.86,-10.62,-22.54,-0.36
1236.TW,P08_黃金交叉量增,7,42.86,-1.01,-7.49,-0.36
6108.TW,P08_黃金交叉量增,7,42.86,-0.59,-8.4,-0.36
1446.TW,P02_量增紅K,14,42.86,-1.42,-11.45,-0.36
1410.TW,P08_黃金交叉量增,14,42.86,-0.84,-5.01,-0.36
1541.TW,P12_多頭回檔,49,42.86,-1.19,-13.36,-0.36
4190.TW,P11_多頭排列紅K,35,42.86,-6.26,-13.49,-0.36
4190.TW,P12_多頭回檔,42,42.86,-1.01,-9.69,-0.36
1467.TW,P07_RSI超賣量縮,91,42.86,-0.23,-8.72,-0.36
3645.TW,P02_量增紅K,34,70.59,2.4,-12.0,-0.37
3645.TW,P06_價量背離,54,68.52,2.67,-14.36,-0.37
2731.TW,P01_量縮價穩,130,67.69,2.79,-11.54,-0.37
2520.TW,P08_黃金交叉量增,3,66.67,2.95,-7.36,-0.37
1102.TW,P05_連跌反轉紅K,32,62.5,3.61,-5.55,-0.37
2348.TW,P03_均線支撐放量,38,60.53,3.95,-8.81,-0.37
2885.TW,P08_黃金交叉量增,5,60.0,4.05,-6.92,-0.37
2406.TW,P12_多頭回檔,21,57.14,4.61,-16.48,-0.37
2882.TW,P09_量縮後爆量紅K,4,50.0,6.26,-5.13,-0.37
2476.TW,P02_量增紅K,26,69.23,2.57,-11.7,-0.38
2395.TW,P04_長下影線放量,80,61.25,3.81,-7.04,-0.38
1558.TW,P08_黃金交叉量增,10,60.0,4.04,-4.78,-0.38
1808.TW,P06_價量背離,77,59.74,4.08,-6.97,-0.38
6224.TW,P01_量縮價穩,72,58.33,4.35,-9.34,-0.38
3652.TW,P10_組合訊號,48,58.33,4.36,-8.64,-0.38
5706.TW,P09_量縮後爆量紅K,11,54.55,5.14,-16.14,-0.38
5515.TW,P01_量縮價穩,194,51.03,5.98,-6.18,-0.38
2645.TW,P05_連跌反轉紅K,12,50.0,6.24,-5.32,-0.38
6176.TW,P02_量增紅K,14,50.0,6.24,-6.02,-0.38
2534.TW,P04_長下影線放量,82,42.68,-0.41,-9.03,-0.38
3406.TW,P09_量縮後爆量紅K,6,66.67,2.92,-13.71,-0.39
1611.TW,P03_均線支撐放量,56,62.5,3.58,-8.59,-0.39
2388.TW,P04_長下影線放量,23,60.87,3.85,-16.72,-0.39
2406.TW,P05_連跌反轉紅K,21,57.14,4.57,-15.06,-0.39
2618.TW,P08_黃金交叉量增,9,55.56,4.89,-10.3,-0.39
2883.TW,P02_量增紅K,11,54.55,5.12,-8.66,-0.39
2393.TW,P08_黃金交叉量增,11,54.55,5.11,-8.82,-0.39
8249.TW,P10_組合訊號,45,53.33,5.39,-6.72,-0.39
2424.TW,P12_多頭回檔,33,51.52,5.84,-13.0,-0.39
4590.TW,P12_多頭回檔,2,50.0,6.21,-19.4,-0.39
2342.TW,P06_價量背離,60,63.33,3.42,-13.18,-0.4
3026.TW,P02_量增紅K,20,60.0,4.01,-6.94,-0.4
4164.TW,P03_均線支撐放量,42,59.52,4.08,-9.45,-0.4
6405.TW,P11_多頭排列紅K,45,57.78,4.42,-13.54,-0.4
1229.TW,P07_RSI超賣量縮,41,48.78,6.54,-4.44,-0.4
2504.TW,P12_多頭回檔,35,48.57,6.6,-9.11,-0.4
1904.TW,P10_組合訊號,54,42.59,-0.76,-7.34,-0.4
5871.TW,P10_組合訊號,47,42.55,-1.26,-11.35,-0.4
6873.TW,P07_RSI超賣量縮,47,42.55,-10.64,-17.12,-0.4
1527.TW,P07_RSI超賣量縮,47,42.55,-1.06,-8.73,-0.4
8011.TW,P02_量增紅K,47,42.55,-5.9,-15.37,-0.4
6591.TW,P09_量縮後爆量紅K,5,80.0,1.24,-8.43,-0.41
3002.TW,P01_量縮價穩,135,60.0,3.98,-8.45,-0.41
1783.TW,P04_長下影線放量,22,59.09,4.15,-11.05,-0.41
1437.TW,P07_RSI超賣量縮,49,57.14,4.53,-5.83,-0.41
8249.TW,P09_量縮後爆量紅K,9,55.56,4.87,-11.72,-0.41
2489.TW,P07_RSI超賣量縮,42,54.76,5.04,-12.01,-0.41
1713.TW,P01_量縮價穩,243,51.85,5.72,-5.01,-0.41
4938.TW,P02_量增紅K,6,50.0,6.18,-5.05,-0.41
3032.TW,P06_價量背離,74,50.0,6.19,-8.81,-0.41
1786.TW,P03_均線支撐放量,40,42.5,-3.43,-11.69,-0.41
1338.TW,P10_組合訊號,40,42.5,-3.38,-9.93,-0.41
1568.TW,P05_連跌反轉紅K,22,63.64,3.34,-8.18,-0.42
2355.TW,P12_多頭回檔,38,63.16,3.41,-9.22,-0.42
1568.TW,P08_黃金交叉量增,10,60.0,3.97,-10.77,-0.42
3530.TW,P07_RSI超賣量縮,61,59.02,4.15,-12.92,-0.42
3703.TW,P09_量縮後爆量紅K,7,57.14,4.52,-11.56,-0.42
6116.TW,P12_多頭回檔,23,56.52,4.64,-9.32,-0.42
4930.TW,P12_多頭回檔,48,56.25,4.69,-7.68,-0.42
4583.TW,P05_連跌反轉紅K,31,54.84,5.0,-12.0,-0.42
2451.TW,P03_均線支撐放量,96,54.17,5.15,-4.84,-0.42
5388.TW,P10_組合訊號,33,42.42,-1.52,-12.58,-0.42
8341.TW,P05_連跌反轉紅K,33,42.42,-2.34,-10.49,-0.42
4414.TW,P05_連跌反轉紅K,33,42.42,-5.68,-17.35,-0.42
2610.TW,P06_價量背離,75,40.0,9.44,-9.6,-0.42
1325.TW,P03_均線支撐放量,79,30.38,14.65,-4.07,-0.42
5871.TW,P01_量縮價穩,58,68.97,2.53,-11.94,-0.43
6213.TW,P12_多頭回檔,35,65.71,2.99,-13.9,-0.43
6235.TW,P04_長下影線放量,17,64.71,3.16,-20.32,-0.43
3706.TW,P06_價量背離,59,54.24,5.12,-9.22,-0.43
1438.TW,P03_均線支撐放量,89,53.93,5.18,-8.86,-0.43
6722.TW,P08_黃金交叉量增,6,50.0,6.13,-4.33,-0.43
2248.TW,P08_黃金交叉量增,2,50.0,6.14,-5.89,-0.43
3003.TW,P01_量縮價穩,92,42.39,-0.18,-12.87,-0.43
1101.TW,P01_量縮價穩,59,42.37,-0.0,-6.83,-0.43
2535.TW,P09_量縮後爆量紅K,9,66.67,2.84,-4.41,-0.44
4536.TW,P12_多頭回檔,49,65.31,3.05,-10.69,-0.44
7730.TW,P07_RSI超賣量縮,16,62.5,3.5,-15.44,-0.44
3024.TW,P04_長下影線放量,49,59.18,4.08,-10.06,-0.44
1712.TW,P05_連跌反轉紅K,30,56.67,4.58,-5.08,-0.44
2891.TW,P10_組合訊號,52,55.77,4.77,-4.5,-0.44
3705.TW,P05_連跌反轉紅K,21,52.38,5.53,-2.82,-0.44
2104.TW,P07_RSI超賣量縮,85,42.35,-4.59,-12.1,-0.44
9919.TW,P11_多頭排列紅K,26,42.31,-5.44,-16.47,-0.44
6552.TW,P03_均線支撐放量,26,42.31,-6.81,-16.12,-0.44
6923.TW,P03_均線支撐放量,10,40.0,9.4,-14.98,-0.44
9946.TW,P05_連跌反轉紅K,29,75.86,1.63,-12.42,-0.45
5225.TW,P05_連跌反轉紅K,24,66.67,2.82,-14.36,-0.45
1525.TW,P09_量縮後爆量紅K,9,66.67,2.82,-7.22,-0.45
1437.TW,P09_量縮後爆量紅K,14,64.29,3.19,-6.51,-0.45
2102.TW,P07_RSI超賣量縮,82,58.54,4.19,-9.36,-0.45
6213.TW,P11_多頭排列紅K,45,57.78,4.33,-16.29,-0.45
3231.TW,P03_均線支撐放量,40,55.0,4.92,-10.99,-0.45
2425.TW,P08_黃金交叉量增,2,50.0,6.09,-9.76,-0.45
6128.TW,P10_組合訊號,71,42.25,-0.11,-7.32,-0.45
2377.TW,P12_多頭回檔,34,61.76,3.58,-11.36,-0.46
2211.TW,P05_連跌反轉紅K,24,58.33,4.22,-10.64,-0.46
1440.TW,P02_量增紅K,26,53.85,5.14,-10.28,-0.46
9939.TW,P05_連跌反轉紅K,28,53.57,5.22,-7.41,-0.46
2301.TW,P10_組合訊號,43,51.16,5.79,-7.87,-0.46
2478.TW,P07_RSI超賣量縮,51,50.98,5.83,-8.9,-0.46
1301.TW,P05_連跌反轉紅K,45,42.22,-1.14,-10.47,-0.46
1321.TW,P04_長下影線放量,45,42.22,-0.99,-7.78,-0.46
1506.TW,P02_量增紅K,45,42.22,-0.27,-12.31,-0.46
1906.TW,P01_量縮價穩,225,42.22,-0.72,-7.87,-0.46
2723.TW,P01_量縮價穩,83,42.17,-1.18,-14.61,-0.46
2002.TW,P02_量增紅K,6,66.67,2.79,-4.88,-0.47
5306.TW,P05_連跌反轉紅K,27,62.96,3.36,-7.7,-0.47
1612.TW,P05_連跌反轉紅K,21,61.9,3.55,-11.57,-0.47
3592.TW,P03_均線支撐放量,18,61.11,3.69,-11.5,-0.47
3518.TW,P05_連跌反轉紅K,38,60.53,3.79,-16.21,-0.47
3356.TW,P06_價量背離,45,60.0,3.89,-10.74,-0.47
5215.TW,P05_連跌反轉紅K,29,58.62,4.14,-11.14,-0.47
1423.TW,P07_RSI超賣量縮,47,51.06,5.79,-4.49,-0.47
4746.TW,P04_長下影線放量,31,48.39,6.49,-12.66,-0.47
1905.TW,P06_價量背離,102,42.16,-0.19,-9.78,-0.47
2308.TW,P01_量縮價穩,38,42.11,-0.93,-10.4,-0.47
3008.TW,P12_多頭回檔,19,42.11,-2.13,-15.22,-0.47
6806.TW,P02_量增紅K,19,42.11,-1.05,-15.77,-0.47
4736.TW,P01_量縮價穩,38,42.11,-2.76,-7.69,-0.47
6672.TW,P03_均線支撐放量,38,42.11,-0.32,-13.48,-0.47
4540.TW,P03_均線支撐放量,38,42.11,-2.22,-12.68,-0.47
4942.TW,P02_量增紅K,19,42.11,-2.05,-7.54,-0.47
1515.TW,P01_量縮價穩,114,42.11,-4.13,-16.0,-0.47
2062.TW,P02_量增紅K,19,42.11,-1.61,-11.27,-0.47
6689.TW,P06_價量背離,57,42.11,-4.42,-16.68,-0.47
1806.TW,P02_量增紅K,19,42.11,-0.93,-11.43,-0.47
4552.TW,P10_組合訊號,76,42.11,-0.8,-10.16,-0.47
4414.TW,P02_量增紅K,19,42.11,-4.75,-15.34,-0.47
2032.TW,P12_多頭回檔,38,42.11,-1.1,-10.67,-0.47
2485.TW,P02_量增紅K,31,70.97,2.19,-12.32,-0.48
6606.TW,P02_量增紅K,32,59.38,3.99,-3.66,-0.48
8103.TW,P02_量增紅K,30,56.67,4.5,-12.62,-0.48
1522.TW,P01_量縮價穩,83,56.63,4.51,-11.03,-0.48
8081.TW,P12_多頭回檔,48,56.25,4.58,-10.32,-0.48
6923.TW,P12_多頭回檔,14,42.86,8.2,-13.28,-0.48
4552.TW,P01_量縮價穩,157,42.04,-1.38,-10.42,-0.48
1338.TW,P01_量縮價穩,157,42.04,-3.49,-11.74,-0.48
1203.TW,P09_量縮後爆量紅K,19,57.89,4.25,-4.22,-0.49
1203.TW,P11_多頭排列紅K,76,57.89,4.25,-4.25,-0.49
9105.TW,P02_量增紅K,16,56.25,4.58,-14.06,-0.49
2020.TW,P03_均線支撐放量,71,54.93,4.85,-6.57,-0.49
3047.TW,P01_量縮價穩,77,54.55,4.94,-12.57,-0.49
2850.TW,P03_均線支撐放量,103,54.37,4.98,-5.15,-0.49
8039.TW,P11_多頭排列紅K,47,53.19,5.24,-9.08,-0.49
3694.TW,P09_量縮後爆量紅K,18,50.0,6.02,-17.96,-0.49
6951.TW,P09_量縮後爆量紅K,4,50.0,6.02,-4.58,-0.49
6579.TW,P07_RSI超賣量縮,50,48.0,6.56,-7.96,-0.49
1443.TW,P07_RSI超賣量縮,40,45.0,7.47,-5.42,-0.49
2393.TW,P07_RSI超賣量縮,50,42.0,-1.67,-13.25,-0.49
5306.TW,P12_多頭回檔,50,42.0,-1.77,-11.64,-0.49
2375.TW,P01_量縮價穩,100,42.0,-1.1,-17.56,-0.49
8131.TW,P11_多頭排列紅K,58,39.66,9.42,-6.78,-0.49
3346.TW,P08_黃金交叉量增,9,66.67,2.75,-12.97,-0.5
1611.TW,P07_RSI超賣量縮,62,62.9,3.33,-7.34,-0.5
910861.TW,P08_黃金交叉量增,8,62.5,3.4,-10.89,-0.5
3055.TW,P05_連跌反轉紅K,27,59.26,3.96,-12.48,-0.5
2545.TW,P07_RSI超賣量縮,68,57.35,4.33,-9.23,-0.5
1309.TW,P07_RSI超賣量縮,73,56.16,4.57,-11.82,-0.5
6655.TW,P08_黃金交叉量增,9,55.56,4.7,-5.92,-0.5
1618.TW,P04_長下影線放量,30,53.33,5.19,-9.62,-0.5
4566.TW,P10_組合訊號,49,53.06,5.25,-11.05,-0.5
2233.TW,P10_組合訊號,44,52.27,5.44,-8.96,-0.5
2231.TW,P04_長下影線放量,31,41.94,-5.12,-18.39,-0.5
5471.TW,P11_多頭排列紅K,31,41.94,-1.56,-11.55,-0.5
1444.TW,P05_連跌反轉紅K,31,41.94,-2.1,-11.63,-0.5
6504.TW,P10_組合訊號,62,41.94,-1.55,-10.13,-0.5
8467.TW,P11_多頭排列紅K,28,67.86,2.56,-14.53,-0.51
2393.TW,P12_多頭回檔,54,64.81,3.02,-11.41,-0.51
2474.TW,P04_長下影線放量,47,63.83,3.17,-7.52,-0.51
5607.TW,P08_黃金交叉量增,8,62.5,3.38,-8.2,-0.51
4912.TW,P12_多頭回檔,31,61.29,3.58,-10.39,-0.51
2405.TW,P05_連跌反轉紅K,31,61.29,3.58,-12.04,-0.51
8016.TW,P05_連跌反轉紅K,28,60.71,3.69,-11.97,-0.51
2302.TW,P02_量增紅K,34,58.82,4.03,-15.72,-0.51
4164.TW,P01_量縮價穩,99,56.57,4.47,-8.93,-0.51
3016.TW,P01_量縮價穩,56,55.36,4.73,-14.5,-0.51
9927.TW,P12_多頭回檔,69,53.62,5.1,-4.78,-0.51
5515.TW,P07_RSI超賣量縮,60,53.33,5.17,-8.27,-0.51
2505.TW,P09_量縮後爆量紅K,8,50.0,5.97,-13.28,-0.51
2712.TW,P05_連跌反轉紅K,43,41.86,-3.94,-11.97,-0.51
2453.TW,P10_組合訊號,31,70.97,2.12,-8.96,-0.52
5519.TW,P05_連跌反轉紅K,24,62.5,3.37,-8.81,-0.52
3006.TW,P10_組合訊號,29,62.07,3.44,-14.6,-0.52
4934.TW,P03_均線支撐放量,54,61.11,3.61,-14.56,-0.52
2377.TW,P02_量增紅K,16,56.25,4.52,-12.04,-0.52
1529.TW,P06_價量背離,69,71.01,2.11,-13.64,-0.53
1218.TW,P12_多頭回檔,55,65.45,2.89,-7.62,-0.53
2637.TW,P03_均線支撐放量,43,65.12,2.94,-11.45,-0.53
2605.TW,P12_多頭回檔,28,64.29,3.06,-13.95,-0.53
3036.TW,P07_RSI超賣量縮,47,63.83,3.13,-9.86,-0.53
1752.TW,P10_組合訊號,24,62.5,3.35,-7.14,-0.53
4739.TW,P03_均線支撐放量,15,60.0,3.78,-13.01,-0.53
2885.TW,P04_長下影線放量,55,58.18,4.12,-6.56,-0.53
2832.TW,P10_組合訊號,69,52.17,5.4,-2.78,-0.53
2707.TW,P05_連跌反轉紅K,35,48.57,6.33,-8.65,-0.53
2010.TW,P02_量增紅K,16,43.75,7.78,-10.02,-0.53
2867.TW,P01_量縮價穩,127,41.73,-1.16,-10.78,-0.53
9802.TW,P08_黃金交叉量增,12,75.0,1.61,-13.02,-0.54
3645.TW,P07_RSI超賣量縮,60,66.67,2.69,-14.64,-0.54
6715.TW,P11_多頭排列紅K,56,64.29,3.05,-15.22,-0.54
2354.TW,P10_組合訊號,41,60.98,3.6,-8.99,-0.54
2527.TW,P10_組合訊號,63,57.14,4.31,-8.64,-0.54
2247.TW,P07_RSI超賣量縮,41,56.1,4.52,-5.43,-0.54
4545.TW,P11_多頭排列紅K,39,53.85,4.99,-13.84,-0.54
3010.TW,P03_均線支撐放量,51,50.98,5.68,-6.34,-0.54
8016.TW,P08_黃金交叉量增,6,50.0,5.92,-14.77,-0.54
2010.TW,P12_多頭回檔,50,48.0,6.46,-5.37,-0.54
8046.TW,P02_量增紅K,12,41.67,-2.23,-22.38,-0.54
2356.TW,P02_量增紅K,12,41.67,-0.45,-12.8,-0.54
2915.TW,P12_多頭回檔,36,41.67,-1.45,-10.25,-0.54
2903.TW,P09_量縮後爆量紅K,12,41.67,-0.14,-9.3,-0.54
1522.TW,P02_量增紅K,24,41.67,-4.93,-14.57,-0.54
6901.TW,P05_連跌反轉紅K,12,41.67,-11.37,-16.33,-0.54
2511.TW,P08_黃金交叉量增,12,41.67,-1.48,-7.97,-0.54
1909.TW,P05_連跌反轉紅K,36,41.67,-1.8,-11.44,-0.54
2547.TW,P04_長下影線放量,48,41.67,-2.62,-8.93,-0.54
7765.TW,P11_多頭排列紅K,12,41.67,-6.78,-19.54,-0.54
2338.TW,P10_組合訊號,24,41.67,-3.08,-20.99,-0.54
1308.TW,P04_長下影線放量,36,41.67,-0.92,-10.12,-0.54
1709.TW,P04_長下影線放量,48,41.67,-0.5,-8.14,-0.54
2417.TW,P09_量縮後爆量紅K,12,41.67,-1.5,-18.12,-0.54
5285.TW,P09_量縮後爆量紅K,12,41.67,-3.92,-16.18,-0.54
1525.TW,P10_組合訊號,60,41.67,-2.11,-10.16,-0.54
8463.TW,P11_多頭排列紅K,24,41.67,-2.11,-10.14,-0.54
8011.TW,P12_多頭回檔,24,41.67,-2.6,-14.71,-0.54
1533.TW,P04_長下影線放量,24,41.67,-4.13,-15.48,-0.54
2945.TW,P02_量增紅K,36,41.67,-2.41,-9.51,-0.54
7721.TW,P06_價量背離,24,41.67,-12.02,-19.13,-0.54
2250.TW,P12_多頭回檔,24,41.67,-1.06,-10.54,-0.54
6552.TW,P11_多頭排列紅K,24,41.67,-11.78,-20.3,-0.54
2642.TW,P06_價量背離,108,41.67,-1.81,-9.28,-0.54
1906.TW,P10_組合訊號,60,41.67,-0.04,-8.06,-0.54
5471.TW,P10_組合訊號,35,68.57,2.41,-9.2,-0.55
1810.TW,P09_量縮後爆量紅K,12,66.67,2.68,-10.98,-0.55
1773.TW,P05_連跌反轉紅K,30,60.0,3.76,-10.44,-0.55
4722.TW,P12_多頭回檔,58,55.17,4.7,-4.86,-0.55
1609.TW,P10_組合訊號,20,55.0,4.72,-16.84,-0.55
4566.TW,P06_價量背離,72,52.78,5.21,-9.07,-0.55
3557.TW,P03_均線支撐放量,50,52.0,5.41,-12.3,-0.55
6655.TW,P01_量縮價穩,280,50.71,5.72,-5.98,-0.55
1612.TW,P03_均線支撐放量,48,50.0,5.89,-7.64,-0.55
1626.TW,P06_價量背離,125,41.6,-0.37,-8.82,-0.55
2324.TW,P11_多頭排列紅K,74,68.92,2.34,-7.35,-0.56
3048.TW,P05_連跌反轉紅K,24,66.67,2.66,-11.14,-0.56
5288.TW,P05_連跌反轉紅K,35,65.71,2.8,-7.23,-0.56
6405.TW,P03_均線支撐放量,56,64.29,3.01,-10.45,-0.56
1773.TW,P07_RSI超賣量縮,43,62.79,3.26,-10.01,-0.56
6183.TW,P12_多頭回檔,109,54.13,4.9,-3.4,-0.56
3055.TW,P09_量縮後爆量紅K,13,76.92,1.36,-13.64,-0.57
6928.TW,P06_價量背離,25,76.0,1.46,-12.78,-0.57
8464.TW,P04_長下影線放量,49,63.27,3.17,-11.7,-0.57
5388.TW,P01_量縮價穩,70,61.43,3.47,-8.53,-0.57
2027.TW,P10_組合訊號,34,58.82,3.92,-10.43,-0.57
1907.TW,P06_價量背離,81,58.02,4.08,-6.59,-0.57
3023.TW,P12_多頭回檔,46,56.52,4.37,-10.84,-0.57
1587.TW,P11_多頭排列紅K,38,55.26,4.64,-12.46,-0.57
1717.TW,P05_連跌反轉紅K,27,51.85,5.4,-7.4,-0.57
2906.TW,P06_價量背離,106,45.28,7.2,-6.75,-0.57
2910.TW,P02_量增紅K,53,41.51,-0.51,-9.23,-0.57
6504.TW,P06_價量背離,135,41.48,-3.09,-11.45,-0.57
6108.TW,P11_多頭排列紅K,41,41.46,-0.92,-9.84,-0.57
4552.TW,P08_黃金交叉量增,6,83.33,0.71,-8.03,-0.58
2605.TW,P03_均線支撐放量,28,71.43,1.98,-11.23,-0.58
2201.TW,P04_長下影線放量,36,66.67,2.63,-11.38,-0.58
2915.TW,P04_長下影線放量,31,64.52,2.96,-8.33,-0.58
8016.TW,P03_均線支撐放量,36,61.11,3.51,-10.68,-0.58
1727.TW,P10_組合訊號,46,58.7,3.94,-11.65,-0.58
1713.TW,P10_組合訊號,65,56.92,4.28,-5.44,-0.58
2239.TW,P08_黃金交叉量增,9,55.56,4.55,-11.56,-0.58
1535.TW,P06_價量背離,137,53.28,5.06,-6.75,-0.58
3543.TW,P05_連跌反轉紅K,28,46.43,6.84,-7.84,-0.58
2516.TW,P02_量增紅K,35,45.71,7.04,-7.65,-0.58
9907.TW,P07_RSI超賣量縮,53,45.28,7.18,-5.27,-0.58
8422.TW,P11_多頭排列紅K,66,43.94,7.62,-4.95,-0.58
6666.TW,P01_量縮價穩,169,41.42,-5.54,-14.24,-0.58
2472.TW,P09_量縮後爆量紅K,8,75.0,1.55,-9.04,-0.59
8114.TW,P11_多頭排列紅K,50,68.0,2.43,-12.87,-0.59
3168.TW,P03_均線支撐放量,68,61.76,3.37,-8.63,-0.59
6257.TW,P08_黃金交叉量增,12,58.33,3.98,-9.84,-0.59
6491.TW,P11_多頭排列紅K,50,58.0,4.05,-13.46,-0.59
5525.TW,P11_多頭排列紅K,59,57.63,4.12,-6.57,-0.59
6477.TW,P02_量增紅K,28,57.14,4.21,-15.26,-0.59
6605.TW,P01_量縮價穩,119,56.3,4.38,-9.43,-0.59
2342.TW,P03_均線支撐放量,27,55.56,4.54,-14.29,-0.59
2317.TW,P11_多頭排列紅K,42,52.38,5.24,-9.81,-0.59
1524.TW,P01_量縮價穩,147,49.66,5.91,-7.05,-0.59
2393.TW,P06_價量背離,58,41.38,-2.92,-12.85,-0.59
6456.TW,P02_量增紅K,29,41.38,-8.72,-17.14,-0.59
1256.TW,P03_均線支撐放量,58,41.38,-0.0,-13.72,-0.59
1316.TW,P02_量增紅K,29,41.38,-5.44,-17.44,-0.59
1521.TW,P03_均線支撐放量,75,41.33,-1.43,-7.9,-0.59
6541.TW,P04_長下影線放量,40,70.0,2.14,-17.69,-0.6
1463.TW,P11_多頭排列紅K,48,60.42,3.59,-5.23,-0.6
3130.TW,P07_RSI超賣量縮,45,55.56,4.53,-4.39,-0.6
2423.TW,P12_多頭回檔,57,52.63,5.16,-6.22,-0.6
1443.TW,P08_黃金交叉量增,12,50.0,5.8,-6.09,-0.6
1503.TW,P05_連跌反轉紅K,31,48.39,6.23,-7.05,-0.6
1443.TW,P01_量縮價穩,325,47.08,6.6,-5.08,-0.6
1301.TW,P07_RSI超賣量縮,46,41.3,-0.76,-7.52,-0.6
7732.TW,P01_量縮價穩,63,41.27,-2.45,-10.14,-0.6
4736.TW,P05_連跌反轉紅K,7,71.43,1.95,-5.99,-0.61
8213.TW,P03_均線支撐放量,37,62.16,3.27,-8.57,-0.61
2357.TW,P11_多頭排列紅K,62,58.06,4.01,-9.26,-0.61
6579.TW,P03_均線支撐放量,63,57.14,4.18,-9.01,-0.61
3311.TW,P10_組合訊號,91,57.14,4.18,-6.78,-0.61
2250.TW,P01_量縮價穩,89,56.18,4.38,-10.0,-0.61
2495.TW,P08_黃金交叉量增,15,53.33,4.97,-11.1,-0.61
1616.TW,P08_黃金交叉量增,15,53.33,4.98,-11.44,-0.61
4746.TW,P10_組合訊號,42,52.38,5.19,-10.94,-0.61
1608.TW,P01_量縮價穩,96,50.0,5.79,-11.39,-0.61
2008.TW,P12_多頭回檔,73,49.32,5.96,-3.93,-0.61
3543.TW,P01_量縮價穩,175,49.14,6.0,-8.08,-0.61
4581.TW,P12_多頭回檔,55,49.09,6.03,-7.68,-0.61
1402.TW,P12_多頭回檔,66,65.15,2.8,-4.67,-0.62
9921.TW,P03_均線支撐放量,44,63.64,3.03,-13.01,-0.62
1342.TW,P04_長下影線放量,23,60.87,3.48,-8.12,-0.62
1104.TW,P01_量縮價穩,147,57.14,4.16,-6.27,-0.62
3311.TW,P08_黃金交叉量增,7,57.14,4.16,-7.39,-0.62
1605.TW,P10_組合訊號,24,54.17,4.78,-12.63,-0.62
1234.TW,P05_連跌反轉紅K,13,53.85,4.85,-3.88,-0.62
1475.TW,P10_組合訊號,52,51.92,5.28,-12.7,-0.62
6869.TW,P08_黃金交叉量增,4,50.0,5.76,-14.38,-0.62
2497.TW,P08_黃金交叉量增,6,50.0,5.76,-20.3,-0.62
2014.TW,P02_量增紅K,17,41.18,-5.66,-19.77,-0.62
3576.TW,P05_連跌反轉紅K,34,41.18,-6.58,-15.65,-0.62
6202.TW,P02_量增紅K,17,41.18,-0.71,-12.93,-0.62
4736.TW,P03_均線支撐放量,17,41.18,-1.1,-8.11,-0.62
2340.TW,P10_組合訊號,34,41.18,-1.35,-17.78,-0.62
6790.TW,P07_RSI超賣量縮,51,41.18,-1.12,-6.77,-0.62
4571.TW,P03_均線支撐放量,34,41.18,-0.38,-10.08,-0.62
7791.TW,P04_長下影線放量,17,41.18,-3.6,-10.24,-0.62
4934.TW,P02_量增紅K,34,41.18,-2.01,-20.92,-0.62
6792.TW,P11_多頭排列紅K,34,41.18,-10.69,-20.12,-0.62
5484.TW,P12_多頭回檔,67,40.3,8.82,-12.19,-0.62
5706.TW,P10_組合訊號,43,69.77,2.13,-8.3,-0.63
2913.TW,P04_長下影線放量,42,59.52,3.7,-7.87,-0.63
1532.TW,P07_RSI超賣量縮,51,58.82,3.83,-7.27,-0.63
4935.TW,P07_RSI超賣量縮,70,58.57,3.87,-7.58,-0.63
1909.TW,P07_RSI超賣量縮,72,58.33,3.92,-9.68,-0.63
6550.TW,P05_連跌反轉紅K,50,58.0,3.99,-18.02,-0.63
6278.TW,P02_量增紅K,16,56.25,4.32,-11.26,-0.63
2231.TW,P07_RSI超賣量縮,41,53.66,4.86,-13.99,-0.63
3607.TW,P08_黃金交叉量增,10,50.0,5.75,-7.64,-0.63
1471.TW,P06_價量背離,90,41.11,-4.23,-16.46,-0.63
6120.TW,P06_價量背離,50,62.0,3.25,-12.83,-0.64
9921.TW,P10_組合訊號,23,60.87,3.44,-11.07,-0.64
5284.TW,P01_量縮價穩,117,59.83,3.63,-8.5,-0.64
3024.TW,P01_量縮價穩,124,58.87,3.81,-9.7,-0.64
1568.TW,P06_價量背離,75,54.67,4.64,-10.04,-0.64
6005.TW,P03_均線支撐放量,58,53.45,4.9,-7.37,-0.64
6951.TW,P05_連跌反轉紅K,16,50.0,5.71,-8.83,-0.64
1460.TW,P12_多頭回檔,39,41.03,-1.34,-9.11,-0.64
2206.TW,P10_組合訊號,42,40.48,8.7,-6.38,-0.64
2024.TW,P11_多頭排列紅K,68,70.59,1.99,-7.3,-0.65
6789.TW,P07_RSI超賣量縮,55,63.64,2.98,-15.73,-0.65
3311.TW,P03_均線支撐放量,69,62.32,3.19,-7.32,-0.65
4566.TW,P07_RSI超賣量縮,50,62.0,3.24,-7.75,-0.65
4164.TW,P04_長下影線放量,47,61.7,3.3,-9.31,-0.65
3530.TW,P06_價量背離,70,61.43,3.34,-14.04,-0.65
3257.TW,P10_組合訊號,32,59.38,3.69,-11.79,-0.65
1446.TW,P03_均線支撐放量,55,58.18,3.92,-6.76,-0.65
2425.TW,P09_量縮後爆量紅K,9,55.56,4.43,-12.15,-0.65
1445.TW,P01_量縮價穩,250,54.8,4.59,-7.49,-0.65
1604.TW,P05_連跌反轉紅K,22,54.55,4.64,-5.98,-0.65
4588.TW,P01_量縮價穩,75,49.33,5.88,-12.47,-0.65
4562.TW,P06_價量背離,144,40.97,-2.18,-11.36,-0.65
9902.TW,P04_長下影線放量,41,58.54,3.82,-6.47,-0.66
1218.TW,P03_均線支撐放量,78,56.41,4.25,-5.98,-0.66
2530.TW,P06_價量背離,138,49.28,5.86,-3.83,-0.66
8463.TW,P09_量縮後爆量紅K,9,44.44,7.27,-7.66,-0.66
1314.TW,P03_均線支撐放量,44,40.91,-0.04,-8.53,-0.66
2108.TW,P07_RSI超賣量縮,66,40.91,-5.13,-12.49,-0.66
1563.TW,P07_RSI超賣量縮,22,40.91,-1.34,-10.85,-0.66
4771.TW,P01_量縮價穩,22,40.91,-8.79,-14.91,-0.66
1558.TW,P11_多頭排列紅K,44,40.91,-1.23,-6.74,-0.66
2017.TW,P04_長下影線放量,44,40.91,-1.23,-12.08,-0.66
6792.TW,P06_價量背離,66,40.91,-3.12,-13.84,-0.66
6552.TW,P02_量增紅K,22,40.91,-9.25,-19.84,-0.66
1906.TW,P04_長下影線放量,44,40.91,-1.62,-8.55,-0.66
3019.TW,P04_長下影線放量,18,66.67,2.5,-9.81,-0.67
3023.TW,P01_量縮價穩,67,65.67,2.64,-10.45,-0.67
1463.TW,P02_量增紅K,28,60.71,3.43,-5.1,-0.67
2342.TW,P01_量縮價穩,71,60.56,3.45,-11.43,-0.67
3454.TW,P05_連跌反轉紅K,25,60.0,3.55,-11.43,-0.67
8210.TW,P02_量增紅K,22,59.09,3.71,-13.84,-0.67
4532.TW,P10_組合訊號,61,59.02,3.73,-7.82,-0.67
4916.TW,P01_量縮價穩,93,58.06,3.91,-12.14,-0.67
8271.TW,P05_連跌反轉紅K,30,56.67,4.16,-10.34,-0.67
9939.TW,P07_RSI超賣量縮,45,55.56,4.4,-5.6,-0.67
8103.TW,P11_多頭排列紅K,55,54.55,4.6,-12.21,-0.67
1582.TW,P06_價量背離,48,54.17,4.69,-5.36,-0.67
4566.TW,P05_連跌反轉紅K,39,53.85,4.76,-12.4,-0.67
3051.TW,P02_量增紅K,28,53.57,4.82,-15.2,-0.67
2850.TW,P04_長下影線放量,47,53.19,4.91,-5.64,-0.67
2610.TW,P05_連跌反轉紅K,21,52.38,5.08,-13.17,-0.67
2227.TW,P06_價量背離,142,40.85,-2.04,-8.48,-0.67
5283.TW,P12_多頭回檔,71,40.85,-0.47,-5.75,-0.67
9933.TW,P10_組合訊號,49,40.82,-1.23,-11.22,-0.67
4532.TW,P03_均線支撐放量,49,40.82,-1.51,-9.49,-0.67
2034.TW,P04_長下影線放量,49,40.82,-0.74,-7.44,-0.67
6582.TW,P01_量縮價穩,147,40.82,-2.46,-11.65,-0.67
2497.TW,P04_長下影線放量,16,75.0,1.43,-14.43,-0.68
2885.TW,P10_組合訊號,36,69.44,2.1,-8.32,-0.68
2347.TW,P05_連跌反轉紅K,19,68.42,2.23,-7.06,-0.68
2440.TW,P02_量增紅K,41,60.98,3.36,-12.91,-0.68
3376.TW,P02_量增紅K,21,57.14,4.05,-12.69,-0.68
2254.TW,P06_價量背離,7,57.14,4.06,-7.1,-0.68
8150.TW,P06_價量背離,42,54.76,4.54,-9.94,-0.68
1432.TW,P08_黃金交叉量增,13,53.85,4.74,-7.91,-0.68
2227.TW,P10_組合訊號,76,40.79,-2.96,-8.5,-0.68
1313.TW,P06_價量背離,76,40.79,-1.58,-12.24,-0.68
1231.TW,P09_量縮後爆量紅K,6,66.67,2.47,-8.21,-0.69
8374.TW,P08_黃金交叉量增,9,66.67,2.47,-5.35,-0.69
1470.TW,P01_量縮價穩,326,64.72,2.75,-6.08,-0.69
1568.TW,P10_組合訊號,39,64.1,2.85,-13.13,-0.69
1810.TW,P10_組合訊號,55,58.18,3.84,-11.56,-0.69
3010.TW,P12_多頭回檔,54,55.56,4.35,-6.18,-0.69
4142.TW,P04_長下影線放量,23,52.17,5.09,-14.51,-0.69
1443.TW,P09_量縮後爆量紅K,25,52.0,5.13,-5.89,-0.69
1217.TW,P09_量縮後爆量紅K,4,50.0,5.61,-5.44,-0.69
2611.TW,P01_量縮價穩,129,49.61,5.71,-8.99,-0.69
6155.TW,P12_多頭回檔,46,47.83,6.19,-10.78,-0.69
6005.TW,P07_RSI超賣量縮,24,45.83,6.77,-7.87,-0.69
6952.TW,P12_多頭回檔,27,40.74,-3.18,-9.37,-0.69
6698.TW,P10_組合訊號,54,40.74,-1.12,-16.13,-0.69
1626.TW,P12_多頭回檔,54,40.74,-0.15,-10.62,-0.69
1338.TW,P12_多頭回檔,54,40.74,-5.17,-13.86,-0.69
1309.TW,P01_量縮價穩,86,40.7,-1.69,-12.16,-0.69
1506.TW,P01_量縮價穩,231,40.69,-2.23,-11.78,-0.69
9958.TW,P10_組合訊號,26,76.92,1.18,-12.0,-0.7
3031.TW,P10_組合訊號,34,67.65,2.32,-11.24,-0.7
1446.TW,P06_價量背離,117,67.52,2.33,-7.24,-0.7
6579.TW,P08_黃金交叉量增,9,66.67,2.44,-9.52,-0.7
2258.TW,P10_組合訊號,21,57.14,4.02,-8.37,-0.7
1210.TW,P10_組合訊號,36,55.56,4.34,-5.34,-0.7
2349.TW,P03_均線支撐放量,60,53.33,4.8,-10.2,-0.7
2114.TW,P11_多頭排列紅K,51,50.98,5.36,-4.71,-0.7
3045.TW,P09_量縮後爆量紅K,2,50.0,5.6,-1.06,-0.7
1725.TW,P11_多頭排列紅K,48,50.0,5.6,-8.69,-0.7
2405.TW,P03_均線支撐放量,23,47.83,6.17,-15.1,-0.7
3058.TW,P04_長下影線放量,51,47.06,6.39,-13.25,-0.7
4190.TW,P01_量縮價穩,150,40.67,-1.6,-10.6,-0.7
1536.TW,P04_長下影線放量,32,40.62,-2.39,-15.41,-0.7
4739.TW,P07_RSI超賣量縮,76,63.16,2.96,-14.03,-0.71
2884.TW,P11_多頭排列紅K,94,55.32,4.36,-5.79,-0.71
3016.TW,P12_多頭回檔,25,52.0,5.11,-14.8,-0.71
2206.TW,P12_多頭回檔,40,45.0,6.99,-6.27,-0.71
3041.TW,P03_均線支撐放量,33,69.7,2.01,-16.94,-0.72
2923.TW,P11_多頭排列紅K,60,68.33,2.19,-11.58,-0.72
1809.TW,P12_多頭回檔,32,65.62,2.56,-12.97,-0.72
4551.TW,P09_量縮後爆量紅K,10,60.0,3.47,-13.39,-0.72
2414.TW,P07_RSI超賣量縮,35,57.14,3.98,-3.51,-0.72
1541.TW,P06_價量背離,120,56.67,4.08,-9.22,-0.72
2329.TW,P09_量縮後爆量紅K,11,54.55,4.51,-13.64,-0.72
2451.TW,P11_多頭排列紅K,45,51.11,5.29,-8.37,-0.72
8422.TW,P01_量縮價穩,134,45.52,6.79,-4.03,-0.72
1617.TW,P10_組合訊號,59,40.68,8.45,-5.84,-0.72
2022.TW,P04_長下影線放量,37,40.54,-2.24,-15.3,-0.72
4552.TW,P04_長下影線放量,37,40.54,-1.98,-10.74,-0.72
1589.TW,P05_連跌反轉紅K,37,40.54,-6.39,-15.49,-0.72
6671.TW,P07_RSI超賣量縮,37,40.54,-1.05,-7.96,-0.72
3617.TW,P08_黃金交叉量增,8,87.5,0.16,-6.1,-0.73
3504.TW,P07_RSI超賣量縮,79,69.62,2.0,-12.39,-0.73
2328.TW,P06_價量背離,60,63.33,2.9,-9.43,-0.73
1725.TW,P08_黃金交叉量增,8,62.5,3.03,-10.98,-0.73
2705.TW,P10_組合訊號,66,62.12,3.1,-8.1,-0.73
6834.TW,P03_均線支撐放量,29,58.62,3.69,-9.26,-0.73
4545.TW,P03_均線支撐放量,76,57.89,3.83,-7.46,-0.73
3596.TW,P06_價量背離,37,56.76,4.04,-10.45,-0.73
2465.TW,P03_均線支撐放量,25,56.0,4.21,-23.84,-0.73
1535.TW,P03_均線支撐放量,106,54.72,4.46,-5.62,-0.73
3047.TW,P12_多頭回檔,24,54.17,4.58,-11.18,-0.73
2451.TW,P02_量增紅K,19,52.63,4.92,-6.9,-0.73
910861.TW,P01_量縮價穩,251,52.59,4.92,-11.04,-0.73
2392.TW,P01_量縮價穩,78,52.56,4.93,-9.69,-0.73
2855.TW,P01_量縮價穩,127,51.18,5.25,-7.38,-0.73
1304.TW,P10_組合訊號,42,40.48,-0.55,-13.51,-0.73
2601.TW,P03_均線支撐放量,42,40.48,-3.03,-10.37,-0.73
4564.TW,P03_均線支撐放量,42,40.48,-3.41,-12.91,-0.73
4564.TW,P10_組合訊號,42,40.48,-5.64,-14.25,-0.73
1521.TW,P01_量縮價穩,210,40.48,-1.26,-7.99,-0.73
2108.TW,P06_價量背離,94,40.43,-2.46,-10.6,-0.73
1460.TW,P11_多頭排列紅K,47,40.43,-2.76,-10.47,-0.73
2258.TW,P07_RSI超賣量縮,20,70.0,1.94,-10.92,-0.74
2024.TW,P10_組合訊號,64,67.19,2.32,-6.52,-0.74
2338.TW,P06_價量背離,46,63.04,2.93,-14.68,-0.74
9802.TW,P11_多頭排列紅K,58,62.07,3.09,-14.27,-0.74
1529.TW,P04_長下影線放量,28,60.71,3.3,-14.81,-0.74
2022.TW,P07_RSI超賣量縮,87,59.77,3.48,-11.47,-0.74
8215.TW,P01_量縮價穩,77,59.74,3.48,-12.33,-0.74
2812.TW,P01_量縮價穩,91,59.34,3.54,-4.4,-0.74
2385.TW,P10_組合訊號,34,55.88,4.2,-6.36,-0.74
3035.TW,P02_量增紅K,15,53.33,4.74,-10.54,-0.74
6582.TW,P02_量增紅K,17,52.94,4.83,-11.02,-0.74
6153.TW,P11_多頭排列紅K,49,69.39,2.0,-13.49,-0.75
9955.TW,P11_多頭排列紅K,29,65.52,2.54,-12.01,-0.75
6902.TW,P07_RSI超賣量縮,48,64.58,2.68,-13.01,-0.75
2462.TW,P06_價量背離,73,60.27,3.36,-9.67,-0.75
2038.TW,P11_多頭排列紅K,35,60.0,3.42,-15.06,-0.75
2705.TW,P05_連跌反轉紅K,33,57.58,3.85,-7.29,-0.75
1503.TW,P03_均線支撐放量,82,57.32,3.91,-6.73,-0.75
2884.TW,P04_長下影線放量,73,54.79,4.4,-5.36,-0.75
2889.TW,P04_長下影線放量,91,53.85,4.6,-5.44,-0.75
3028.TW,P03_均線支撐放量,54,53.7,4.65,-5.34,-0.75
1435.TW,P01_量縮價穩,259,53.67,4.65,-13.79,-0.75
1522.TW,P04_長下影線放量,22,50.0,5.5,-8.09,-0.75
2415.TW,P10_組合訊號,34,50.0,5.51,-14.5,-0.75
2029.TW,P01_量縮價穩,109,49.54,5.61,-7.17,-0.75
8476.TW,P12_多頭回檔,32,43.75,7.3,-20.95,-0.75
1451.TW,P03_均線支撐放量,67,40.3,-0.11,-7.62,-0.75
2426.TW,P01_量縮價穩,74,67.57,2.23,-11.47,-0.76
2312.TW,P10_組合訊號,21,66.67,2.36,-10.78,-0.76
2483.TW,P11_多頭排列紅K,36,63.89,2.77,-6.36,-0.76
1470.TW,P09_量縮後爆量紅K,23,60.87,3.25,-5.57,-0.76
1604.TW,P02_量增紅K,15,60.0,3.39,-4.2,-0.76
6792.TW,P01_量縮價穩,99,56.57,4.03,-11.75,-0.76
2420.TW,P11_多頭排列紅K,63,55.56,4.23,-6.65,-0.76
2353.TW,P10_組合訊號,38,55.26,4.29,-8.31,-0.76
2383.TW,P12_多頭回檔,41,53.66,4.63,-15.7,-0.76
3032.TW,P01_量縮價穩,95,49.47,5.62,-10.86,-0.76
1521.TW,P06_價量背離,149,40.27,-3.21,-9.22,-0.76
6742.TW,P10_組合訊號,11,63.64,2.78,-16.51,-0.77
3059.TW,P11_多頭排列紅K,38,63.16,2.87,-14.14,-0.77
9902.TW,P11_多頭排列紅K,38,60.53,3.29,-6.47,-0.77
4155.TW,P05_連跌反轉紅K,27,59.26,3.51,-7.11,-0.77
3042.TW,P12_多頭回檔,41,58.54,3.65,-8.93,-0.77
9902.TW,P01_量縮價穩,213,57.28,3.88,-6.05,-0.77
1102.TW,P06_價量背離,53,56.6,4.02,-4.53,-0.77
4557.TW,P02_量增紅K,26,53.85,4.56,-5.71,-0.77
1773.TW,P02_量增紅K,32,53.12,4.72,-10.1,-0.77
1232.TW,P09_量縮後爆量紅K,6,50.0,5.47,-6.39,-0.77
1338.TW,P07_RSI超賣量縮,97,40.21,-1.9,-10.72,-0.77
6142.TW,P06_價量背離,112,40.18,-1.65,-14.28,-0.77
3090.TW,P09_量縮後爆量紅K,6,66.67,2.33,-7.82,-0.78
1733.TW,P04_長下影線放量,35,62.86,2.9,-6.63,-0.78
2548.TW,P07_RSI超賣量縮,24,62.5,2.96,-4.09,-0.78
3189.TW,P11_多頭排列紅K,44,61.36,3.14,-14.77,-0.78
6625.TW,P08_黃金交叉量增,5,60.0,3.37,-3.77,-0.78
3030.TW,P10_組合訊號,63,57.14,3.88,-5.85,-0.78
2889.TW,P11_多頭排列紅K,91,50.55,5.3,-5.11,-0.78
2891.TW,P02_量增紅K,4,50.0,5.45,-6.03,-0.78
3504.TW,P11_多頭排列紅K,34,73.53,1.44,-16.0,-0.79
8261.TW,P04_長下影線放量,24,66.67,2.31,-14.87,-0.79
6834.TW,P01_量縮價穩,98,62.24,2.98,-10.47,-0.79
6698.TW,P07_RSI超賣量縮,97,60.82,3.22,-14.82,-0.79
2031.TW,P06_價量背離,56,58.93,3.54,-12.36,-0.79
6581.TW,P05_連跌反轉紅K,34,58.82,3.56,-7.72,-0.79
3038.TW,P02_量增紅K,14,57.14,3.87,-9.47,-0.79
1536.TW,P08_黃金交叉量增,9,55.56,4.18,-11.9,-0.79
3535.TW,P08_黃金交叉量增,11,54.55,4.38,-16.41,-0.79
6192.TW,P04_長下影線放量,46,54.35,4.43,-5.98,-0.79
1342.TW,P03_均線支撐放量,43,51.16,5.13,-10.5,-0.79
1582.TW,P05_連跌反轉紅K,20,50.0,5.42,-7.26,-0.79
6698.TW,P12_多頭回檔,32,71.88,1.63,-11.51,-0.8
9914.TW,P05_連跌反轉紅K,27,55.56,4.17,-12.55,-0.8
2427.TW,P11_多頭排列紅K,47,55.32,4.21,-7.03,-0.8
3033.TW,P11_多頭排列紅K,43,53.49,4.59,-6.19,-0.8
4935.TW,P08_黃金交叉量增,6,50.0,5.4,-7.46,-0.8
3040.TW,P01_量縮價穩,134,50.0,5.4,-7.47,-0.8
1303.TW,P08_黃金交叉量增,5,40.0,-5.27,-12.66,-0.8
6770.TW,P05_連跌反轉紅K,35,40.0,-2.84,-16.02,-0.8
1101.TW,P02_量增紅K,5,40.0,-0.14,-6.72,-0.8
2337.TW,P12_多頭回檔,30,40.0,-3.95,-15.36,-0.8
2354.TW,P09_量縮後爆量紅K,5,40.0,-6.16,-16.7,-0.8
6526.TW,P12_多頭回檔,5,40.0,-14.11,-25.67,-0.8
2258.TW,P08_黃金交叉量增,5,40.0,-5.96,-14.38,-0.8
3005.TW,P09_量縮後爆量紅K,5,40.0,-3.56,-12.02,-0.8
9105.TW,P09_量縮後爆量紅K,10,40.0,-3.17,-18.27,-0.8
2492.TW,P08_黃金交叉量增,10,40.0,-5.73,-16.24,-0.8
2606.TW,P08_黃金交叉量增,5,40.0,-6.88,-14.54,-0.8
6890.TW,P07_RSI超賣量縮,5,40.0,-1.29,-14.74,-0.8
1722.TW,P02_量增紅K,15,40.0,-2.44,-9.73,-0.8
3030.TW,P08_黃金交叉量增,5,40.0,-0.19,-7.18,-0.8
1736.TW,P09_量縮後爆量紅K,5,40.0,-3.95,-14.88,-0.8
2455.TW,P08_黃金交叉量增,10,40.0,-9.13,-23.24,-0.8
2201.TW,P09_量縮後爆量紅K,5,40.0,-7.87,-12.86,-0.8
6214.TW,P08_黃金交叉量增,5,40.0,-2.74,-10.89,-0.8
2388.TW,P12_多頭回檔,10,40.0,-6.48,-20.73,-0.8
6177.TW,P08_黃金交叉量增,10,40.0,-3.69,-10.17,-0.8
3592.TW,P04_長下影線放量,15,40.0,-4.42,-15.83,-0.8
6869.TW,P02_量增紅K,5,40.0,-2.87,-11.88,-0.8
4551.TW,P08_黃金交叉量增,5,40.0,-1.22,-17.44,-0.8
1304.TW,P12_多頭回檔,35,40.0,-2.72,-13.17,-0.8
2103.TW,P04_長下影線放量,45,40.0,-1.46,-10.84,-0.8
2103.TW,P08_黃金交叉量增,10,40.0,-0.88,-9.81,-0.8
2511.TW,P02_量增紅K,15,40.0,-0.28,-7.27,-0.8
1909.TW,P02_量增紅K,20,40.0,-2.78,-12.6,-0.8
1909.TW,P03_均線支撐放量,45,40.0,-2.78,-12.21,-0.8
6024.TW,P09_量縮後爆量紅K,5,40.0,-0.6,-6.61,-0.8
2108.TW,P08_黃金交叉量增,5,40.0,-5.59,-12.93,-0.8
3545.TW,P12_多頭回檔,15,40.0,-7.73,-20.5,-0.8
2323.TW,P09_量縮後爆量紅K,5,40.0,-11.75,-21.9,-0.8
1710.TW,P09_量縮後爆量紅K,10,40.0,-9.38,-13.21,-0.8
2104.TW,P08_黃金交叉量增,5,40.0,-9.32,-11.74,-0.8
2913.TW,P09_量縮後爆量紅K,15,40.0,-1.57,-7.54,-0.8
6790.TW,P05_連跌反轉紅K,25,40.0,-0.05,-8.01,-0.8
8341.TW,P02_量增紅K,10,40.0,-2.58,-8.54,-0.8
8341.TW,P11_多頭排列紅K,35,40.0,-2.28,-8.95,-0.8
2349.TW,P06_價量背離,130,40.0,-2.12,-13.68,-0.8
2466.TW,P08_黃金交叉量增,5,40.0,-8.07,-14.74,-0.8
4571.TW,P08_黃金交叉量增,5,40.0,-1.97,-15.19,-0.8
2495.TW,P09_量縮後爆量紅K,15,40.0,-3.08,-15.19,-0.8
2762.TW,P02_量增紅K,5,40.0,-5.67,-11.36,-0.8
2527.TW,P09_量縮後爆量紅K,10,40.0,-7.87,-16.16,-0.8
6994.TW,P10_組合訊號,5,40.0,-8.44,-17.22,-0.8
5203.TW,P08_黃金交叉量增,10,40.0,-0.84,-12.5,-0.8
2514.TW,P05_連跌反轉紅K,30,40.0,-1.43,-9.29,-0.8
1256.TW,P06_價量背離,90,40.0,-3.38,-14.21,-0.8
6933.TW,P11_多頭排列紅K,5,40.0,-2.94,-20.33,-0.8
2405.TW,P09_量縮後爆量紅K,10,40.0,-2.57,-16.22,-0.8
2405.TW,P12_多頭回檔,25,40.0,-3.0,-13.19,-0.8
3266.TW,P08_黃金交叉量增,5,40.0,-1.37,-7.63,-0.8
1455.TW,P03_均線支撐放量,45,40.0,-5.29,-10.93,-0.8
6928.TW,P05_連跌反轉紅K,10,40.0,-12.8,-23.44,-0.8
6838.TW,P01_量縮價穩,20,40.0,-8.97,-17.58,-0.8
3047.TW,P09_量縮後爆量紅K,5,40.0,-16.88,-26.39,-0.8
1529.TW,P08_黃金交叉量增,5,40.0,-2.47,-16.11,-0.8
2254.TW,P12_多頭回檔,15,40.0,-6.94,-12.74,-0.8
1506.TW,P08_黃金交叉量增,10,40.0,-3.97,-13.22,-0.8
6742.TW,P12_多頭回檔,5,40.0,-10.3,-14.18,-0.8
1733.TW,P08_黃金交叉量增,5,40.0,-5.19,-9.49,-0.8
6504.TW,P03_均線支撐放量,75,40.0,-2.26,-8.96,-0.8
2022.TW,P09_量縮後爆量紅K,5,40.0,-1.59,-13.01,-0.8
5244.TW,P09_量縮後爆量紅K,10,40.0,-2.99,-15.66,-0.8
6598.TW,P09_量縮後爆量紅K,10,40.0,-5.75,-11.51,-0.8
6598.TW,P11_多頭排列紅K,35,40.0,-4.35,-24.13,-0.8
4560.TW,P02_量增紅K,10,40.0,-1.57,-8.96,-0.8
2483.TW,P02_量增紅K,15,40.0,-1.94,-10.96,-0.8
4155.TW,P08_黃金交叉量增,5,40.0,-2.64,-16.21,-0.8
4155.TW,P11_多頭排列紅K,35,40.0,-3.32,-13.04,-0.8
6658.TW,P01_量縮價穩,25,40.0,-2.95,-16.89,-0.8
1466.TW,P02_量增紅K,25,40.0,-1.92,-13.14,-0.8
2702.TW,P06_價量背離,135,40.0,-1.77,-11.43,-0.8
3419.TW,P09_量縮後爆量紅K,10,40.0,-4.82,-14.62,-0.8
4190.TW,P08_黃金交叉量增,5,40.0,-6.76,-10.67,-0.8
2431.TW,P08_黃金交叉量增,5,40.0,-6.96,-13.89,-0.8
4977.TW,P08_黃金交叉量增,6,83.33,0.43,-14.85,-0.81
3605.TW,P09_量縮後爆量紅K,9,77.78,0.96,-14.21,-0.81
7765.TW,P10_組合訊號,7,71.43,1.66,-11.02,-0.81
1733.TW,P05_連跌反轉紅K,19,63.16,2.8,-6.41,-0.81
3062.TW,P11_多頭排列紅K,45,62.22,2.96,-11.72,-0.81
3021.TW,P01_量縮價穩,147,59.18,3.46,-8.89,-0.81
2409.TW,P05_連跌反轉紅K,35,57.14,3.83,-12.19,-0.81
9911.TW,P02_量增紅K,11,54.55,4.35,-4.24,-0.81
2501.TW,P07_RSI超賣量縮,53,50.94,5.16,-6.62,-0.81
911868.TW,P04_長下影線放量,114,50.0,5.38,-8.15,-0.81
4766.TW,P12_多頭回檔,72,48.61,5.73,-8.32,-0.81
2013.TW,P12_多頭回檔,46,43.48,7.24,-6.41,-0.81
6416.TW,P01_量縮價穩,84,61.9,2.98,-10.82,-0.82
2354.TW,P03_均線支撐放量,41,60.98,3.13,-7.93,-0.82
2753.TW,P07_RSI超賣量縮,47,55.32,4.18,-6.22,-0.82
2062.TW,P06_價量背離,97,54.64,4.3,-11.27,-0.82
6215.TW,P10_組合訊號,25,48.0,5.87,-9.26,-0.82
2028.TW,P01_量縮價穩,166,45.78,6.49,-9.57,-0.82
2537.TW,P05_連跌反轉紅K,29,44.83,6.79,-9.78,-0.82
3029.TW,P08_黃金交叉量增,7,42.86,7.41,-8.71,-0.82
2464.TW,P12_多頭回檔,35,42.86,7.41,-8.71,-0.82
5306.TW,P01_量縮價穩,153,39.87,-0.45,-10.93,-0.82
8045.TW,P09_量縮後爆量紅K,20,70.0,1.82,-10.19,-0.83
4536.TW,P11_多頭排列紅K,56,64.29,2.6,-11.4,-0.83
2906.TW,P02_量增紅K,27,59.26,3.41,-8.66,-0.83
4956.TW,P09_量縮後爆量紅K,17,58.82,3.48,-12.43,-0.83
1473.TW,P10_組合訊號,71,56.34,3.95,-6.4,-0.83
2353.TW,P08_黃金交叉量增,5,40.0,8.42,-10.95,-0.83
6230.TW,P01_量縮價穩,113,39.82,-1.66,-16.41,-0.83
5538.TW,P06_價量背離,93,39.78,-0.77,-8.96,-0.83
6706.TW,P08_黃金交叉量增,6,66.67,2.24,-15.52,-0.84
6426.TW,P11_多頭排列紅K,28,60.71,3.14,-16.68,-0.84
2537.TW,P12_多頭回檔,43,60.47,3.19,-10.58,-0.84
1225.TW,P01_量縮價穩,236,58.9,3.46,-10.32,-0.84
1808.TW,P08_黃金交叉量增,12,58.33,3.55,-7.02,-0.84
3056.TW,P01_量縮價穩,119,57.98,3.63,-8.22,-0.84
2365.TW,P03_均線支撐放量,47,57.45,3.72,-10.76,-0.84
6931.TW,P10_組合訊號,25,52.0,4.84,-8.16,-0.84
8482.TW,P05_連跌反轉紅K,23,43.48,7.16,-7.9,-0.84
4960.TW,P01_量縮價穩,123,67.48,2.12,-11.73,-0.85
6768.TW,P12_多頭回檔,47,63.83,2.64,-6.22,-0.85
3645.TW,P01_量縮價穩,83,61.45,3.0,-14.98,-0.85
6491.TW,P01_量縮價穩,74,60.81,3.12,-14.01,-0.85
1605.TW,P03_均線支撐放量,27,55.56,4.06,-9.58,-0.85
8114.TW,P01_量縮價穩,112,55.36,4.11,-10.23,-0.85
2537.TW,P11_多頭排列紅K,43,53.49,4.49,-9.71,-0.85
2610.TW,P04_長下影線放量,29,51.72,4.88,-9.04,-0.85
1103.TW,P07_RSI超賣量縮,83,50.6,5.15,-5.44,-0.85
6177.TW,P06_價量背離,109,50.46,5.18,-5.73,-0.85
1471.TW,P11_多頭排列紅K,53,47.17,6.03,-21.72,-0.85
5534.TW,P07_RSI超賣量縮,38,44.74,6.76,-6.27,-0.85
8213.TW,P06_價量背離,63,39.68,-1.36,-9.14,-0.85
1416.TW,P07_RSI超賣量縮,63,39.68,-0.76,-8.09,-0.85
4576.TW,P01_量縮價穩,121,39.67,-3.62,-14.73,-0.85
1773.TW,P04_長下影線放量,31,64.52,2.51,-10.58,-0.86
6166.TW,P02_量增紅K,16,56.25,3.91,-12.02,-0.86
1614.TW,P08_黃金交叉量增,9,55.56,4.06,-4.75,-0.86
4526.TW,P01_量縮價穩,108,55.56,4.06,-8.75,-0.86
2468.TW,P12_多頭回檔,33,54.55,4.26,-5.45,-0.86
4766.TW,P06_價量背離,79,51.9,4.83,-7.67,-0.86
3030.TW,P03_均線支撐放量,58,51.72,4.88,-5.42,-0.86
2387.TW,P08_黃金交叉量增,4,50.0,5.28,-10.0,-0.86
3130.TW,P05_連跌反轉紅K,16,50.0,5.29,-3.15,-0.86
1109.TW,P09_量縮後爆量紅K,6,50.0,5.28,-5.96,-0.86
4108.TW,P03_均線支撐放量,53,39.62,-0.71,-12.14,-0.86
2015.TW,P11_多頭排列紅K,82,64.63,2.49,-5.86,-0.87
910322.TW,P05_連跌反轉紅K,24,62.5,2.81,-8.82,-0.87
2031.TW,P12_多頭回檔,33,60.61,3.11,-10.68,-0.87
8016.TW,P10_組合訊號,25,60.0,3.22,-10.19,-0.87
3090.TW,P10_組合訊號,41,58.54,3.47,-6.37,-0.87
2414.TW,P06_價量背離,113,53.98,4.35,-3.84,-0.87
3130.TW,P09_量縮後爆量紅K,13,53.85,4.39,-2.36,-0.87
1604.TW,P07_RSI超賣量縮,38,52.63,4.64,-5.71,-0.87
2722.TW,P02_量增紅K,57,49.12,5.47,-11.09,-0.87
3576.TW,P06_價量背離,86,39.53,-4.5,-13.49,-0.87
1338.TW,P09_量縮後爆量紅K,8,62.5,2.8,-10.33,-0.88
1808.TW,P11_多頭排列紅K,60,61.67,2.92,-8.46,-0.88
6189.TW,P01_量縮價穩,86,51.16,4.96,-6.61,-0.88
2415.TW,P04_長下影線放量,34,44.12,6.87,-15.97,-0.88
2354.TW,P12_多頭回檔,38,39.47,-2.86,-9.81,-0.88
1718.TW,P10_組合訊號,38,39.47,-1.53,-9.09,-0.88
2547.TW,P11_多頭排列紅K,38,39.47,-0.24,-8.49,-0.88
6416.TW,P04_長下影線放量,23,82.61,0.4,-16.74,-0.89
3419.TW,P11_多頭排列紅K,38,65.79,2.28,-13.89,-0.89
2248.TW,P12_多頭回檔,5,60.0,3.19,-8.13,-0.89
1229.TW,P01_量縮價穩,66,59.09,3.35,-6.04,-0.89
2331.TW,P05_連跌反轉紅K,34,58.82,3.39,-16.24,-0.89
2424.TW,P08_黃金交叉量增,21,57.14,3.7,-14.07,-0.89
1235.TW,P10_組合訊號,65,56.92,3.73,-5.91,-0.89
2414.TW,P10_組合訊號,73,56.16,3.88,-5.24,-0.89
6426.TW,P03_均線支撐放量,24,54.17,4.29,-13.11,-0.89
2206.TW,P06_價量背離,76,52.63,4.61,-4.78,-0.89
3048.TW,P12_多頭回檔,30,50.0,5.22,-8.22,-0.89
6790.TW,P08_黃金交叉量增,2,50.0,5.21,-3.26,-0.89
2020.TW,P09_量縮後爆量紅K,12,50.0,5.23,-6.28,-0.89
2548.TW,P03_均線支撐放量,96,48.96,5.47,-4.24,-0.89
2206.TW,P11_多頭排列紅K,50,48.0,5.74,-7.89,-0.89
1464.TW,P01_量縮價穩,109,39.45,-0.21,-8.43,-0.89
8411.TW,P04_長下影線放量,109,39.45,-0.9,-8.82,-0.89
2419.TW,P11_多頭排列紅K,33,39.39,-3.02,-13.79,-0.89
1217.TW,P11_多頭排列紅K,33,39.39,-0.85,-7.98,-0.89
1309.TW,P03_均線支撐放量,33,39.39,-0.69,-11.16,-0.89
4952.TW,P12_多頭回檔,33,39.39,-3.86,-14.49,-0.89
6742.TW,P08_黃金交叉量增,4,75.0,1.13,-10.72,-0.9
2442.TW,P03_均線支撐放量,39,69.23,1.81,-11.44,-0.9
2538.TW,P02_量增紅K,33,66.67,2.15,-9.98,-0.9
2838.TW,P12_多頭回檔,101,57.43,3.62,-4.74,-0.9
1604.TW,P09_量縮後爆量紅K,7,57.14,3.68,-2.82,-0.9
1786.TW,P02_量增紅K,23,56.52,3.79,-13.03,-0.9
2328.TW,P04_長下影線放量,26,53.85,4.33,-10.02,-0.9
2385.TW,P01_量縮價穩,49,53.06,4.5,-6.89,-0.9
6625.TW,P02_量增紅K,26,50.0,5.2,-14.66,-0.9
1312.TW,P07_RSI超賣量縮,61,39.34,-1.9,-10.67,-0.9
6449.TW,P09_量縮後爆量紅K,8,37.5,9.28,-18.07,-0.9
2399.TW,P03_均線支撐放量,25,72.0,1.46,-15.26,-0.91
3504.TW,P10_組合訊號,25,68.0,1.96,-17.3,-0.91
3338.TW,P01_量縮價穩,53,64.15,2.49,-13.84,-0.91
2748.TW,P10_組合訊號,56,60.71,3.03,-6.44,-0.91
3047.TW,P10_組合訊號,27,59.26,3.28,-13.59,-0.91
1341.TW,P07_RSI超賣量縮,43,58.14,3.48,-2.72,-0.91
6838.TW,P05_連跌反轉紅K,9,55.56,3.96,-19.69,-0.91
5519.TW,P04_長下影線放量,34,52.94,4.5,-8.3,-0.91
2423.TW,P01_量縮價穩,72,52.78,4.53,-5.61,-0.91
2441.TW,P05_連跌反轉紅K,32,50.0,5.18,-7.96,-0.91
8150.TW,P08_黃金交叉量增,6,50.0,5.18,-17.66,-0.91
1903.TW,P05_連跌反轉紅K,43,48.84,5.46,-9.34,-0.91
2352.TW,P03_均線支撐放量,28,39.29,-2.55,-12.54,-0.91
8478.TW,P04_長下影線放量,28,39.29,-3.41,-18.71,-0.91
2030.TW,P12_多頭回檔,28,39.29,-4.38,-10.74,-0.91
8104.TW,P12_多頭回檔,28,39.29,-3.98,-17.96,-0.91
3031.TW,P11_多頭排列紅K,34,70.59,1.61,-10.64,-0.92
3024.TW,P10_組合訊號,45,60.0,3.13,-11.28,-0.92
2207.TW,P06_價量背離,55,56.36,3.79,-7.08,-0.92
2495.TW,P07_RSI超賣量縮,51,52.94,4.49,-11.16,-0.92
1783.TW,P12_多頭回檔,19,52.63,4.55,-10.93,-0.92
2906.TW,P03_均線支撐放量,81,51.85,4.72,-8.12,-0.92
8438.TW,P06_價量背離,204,45.59,6.34,-5.98,-0.92
6205.TW,P12_多頭回檔,38,36.84,9.51,-12.66,-0.92
3532.TW,P07_RSI超賣量縮,70,70.0,1.68,-13.37,-0.93
4142.TW,P03_均線支撐放量,33,66.67,2.11,-8.55,-0.93
1590.TW,P12_多頭回檔,42,64.29,2.45,-12.45,-0.93
2612.TW,P08_黃金交叉量增,10,60.0,3.12,-10.48,-0.93
3059.TW,P01_量縮價穩,87,59.77,3.16,-12.36,-0.93
4968.TW,P10_組合訊號,12,58.33,3.41,-20.23,-0.93
2890.TW,P03_均線支撐放量,71,53.52,4.35,-6.68,-0.93
2509.TW,P12_多頭回檔,48,52.08,4.65,-5.5,-0.93
2107.TW,P05_連跌反轉紅K,24,50.0,5.14,-3.98,-0.93
2615.TW,P02_量增紅K,13,46.15,6.16,-12.25,-0.93
5515.TW,P09_量縮後爆量紅K,12,41.67,7.57,-6.6,-0.93
1909.TW,P11_多頭排列紅K,46,39.13,-3.86,-11.77,-0.93
8105.TW,P10_組合訊號,23,39.13,-0.64,-12.09,-0.93
2342.TW,P10_組合訊號,23,39.13,-2.31,-13.24,-0.93
1752.TW,P12_多頭回檔,23,39.13,-1.33,-10.34,-0.93
2722.TW,P12_多頭回檔,23,39.13,-6.14,-17.23,-0.93
6283.TW,P04_長下影線放量,23,39.13,-2.9,-17.55,-0.93
6754.TW,P05_連跌反轉紅K,23,39.13,-2.32,-9.12,-0.93
8487.TW,P03_均線支撐放量,23,39.13,-0.03,-7.15,-0.93
1762.TW,P12_多頭回檔,23,39.13,-2.39,-13.77,-0.93
6666.TW,P02_量增紅K,23,39.13,-6.97,-13.95,-0.93
6670.TW,P02_量增紅K,18,77.78,0.8,-11.41,-0.94
6451.TW,P05_連跌反轉紅K,41,63.41,2.56,-14.72,-0.94
3054.TW,P07_RSI超賣量縮,63,60.32,3.04,-6.3,-0.94
4967.TW,P06_價量背離,44,59.09,3.26,-12.56,-0.94
3044.TW,P12_多頭回檔,47,57.45,3.55,-10.71,-0.94
5522.TW,P11_多頭排列紅K,86,53.49,4.33,-7.76,-0.94
6183.TW,P06_價量背離,126,52.38,4.58,-2.08,-0.94
1540.TW,P06_價量背離,121,50.41,5.02,-6.5,-0.94
6598.TW,P02_量增紅K,27,44.44,6.64,-15.43,-0.94
1236.TW,P07_RSI超賣量縮,36,44.44,6.63,-5.72,-0.94
9934.TW,P07_RSI超賣量縮,87,39.08,-0.09,-9.13,-0.94
4916.TW,P11_多頭排列紅K,28,60.71,2.97,-13.17,-0.95
8081.TW,P04_長下影線放量,33,60.61,2.98,-13.27,-0.95
9933.TW,P02_量增紅K,15,60.0,3.09,-9.99,-0.95
2023.TW,P02_量增紅K,19,57.89,3.46,-10.84,-0.95
1437.TW,P02_量增紅K,21,57.14,3.6,-5.5,-0.95
8112.TW,P10_組合訊號,43,55.81,3.83,-9.11,-0.95
8011.TW,P04_長下影線放量,20,55.0,4.0,-14.24,-0.95
1802.TW,P10_組合訊號,45,51.11,4.83,-9.18,-0.95
6177.TW,P12_多頭回檔,59,50.85,4.9,-5.08,-0.95
1437.TW,P04_長下影線放量,55,49.09,5.33,-4.56,-0.95
6581.TW,P10_組合訊號,64,39.06,-0.57,-7.89,-0.95
9945.TW,P03_均線支撐放量,41,39.02,-2.05,-13.1,-0.95
3003.TW,P10_組合訊號,41,39.02,-2.19,-12.25,-0.95
4720.TW,P12_多頭回檔,41,39.02,-2.04,-9.26,-0.95
3714.TW,P02_量增紅K,16,81.25,0.44,-10.37,-0.96
2355.TW,P09_量縮後爆量紅K,5,80.0,0.55,-12.15,-0.96
1712.TW,P09_量縮後爆量紅K,3,66.67,2.06,-6.36,-0.96
2855.TW,P07_RSI超賣量縮,62,61.29,2.85,-9.93,-0.96
2375.TW,P10_組合訊號,20,60.0,3.06,-12.16,-0.96
1708.TW,P05_連跌反轉紅K,27,55.56,3.86,-7.88,-0.96
1717.TW,P03_均線支撐放量,48,52.08,4.6,-7.36,-0.96
2405.TW,P10_組合訊號,26,50.0,5.08,-11.36,-0.96
6807.TW,P06_價量背離,53,47.17,5.81,-9.09,-0.96
9921.TW,P01_量縮價穩,59,38.98,-4.64,-15.78,-0.96
6581.TW,P06_價量背離,136,38.97,-0.78,-7.86,-0.96
2905.TW,P06_價量背離,95,38.95,-0.44,-9.44,-0.96
6451.TW,P08_黃金交叉量增,9,77.78,0.75,-12.29,-0.97
4572.TW,P03_均線支撐放量,32,68.75,1.77,-8.97,-0.97
6206.TW,P02_量增紅K,17,64.71,2.32,-9.54,-0.97
3021.TW,P07_RSI超賣量縮,65,64.62,2.33,-10.9,-0.97
2365.TW,P07_RSI超賣量縮,50,64.0,2.42,-13.27,-0.97
2520.TW,P04_長下影線放量,41,58.54,3.31,-10.63,-0.97
9930.TW,P08_黃金交叉量增,7,57.14,3.55,-5.65,-0.97
1210.TW,P11_多頭排列紅K,49,53.06,4.37,-5.33,-0.97
4532.TW,P08_黃金交叉量增,8,50.0,5.05,-6.16,-0.97
2505.TW,P04_長下影線放量,50,50.0,5.05,-8.58,-0.97
2516.TW,P04_長下影線放量,83,46.99,5.84,-7.95,-0.97
1907.TW,P02_量增紅K,18,38.89,-1.47,-11.42,-0.97
1789.TW,P02_量增紅K,18,38.89,-4.58,-11.23,-0.97
6456.TW,P06_價量背離,54,38.89,-3.23,-13.53,-0.97
1710.TW,P11_多頭排列紅K,54,38.89,-4.12,-12.79,-0.97
4771.TW,P07_RSI超賣量縮,18,38.89,-5.83,-14.49,-0.97
6958.TW,P05_連跌反轉紅K,18,38.89,-7.35,-12.62,-0.97
2748.TW,P02_量增紅K,18,38.89,-2.83,-8.67,-0.97
4564.TW,P05_連跌反轉紅K,36,38.89,-4.06,-14.23,-0.97
2254.TW,P01_量縮價穩,54,38.89,-2.08,-9.67,-0.97
1752.TW,P05_連跌反轉紅K,18,38.89,-1.84,-10.64,-0.97
4552.TW,P11_多頭排列紅K,36,38.89,-0.5,-9.45,-0.97
2115.TW,P06_價量背離,162,38.89,-0.37,-5.77,-0.97
2027.TW,P06_價量背離,57,66.67,2.02,-9.21,-0.98
910322.TW,P03_均線支撐放量,54,62.96,2.56,-9.11,-0.98
8249.TW,P01_量縮價穩,148,59.46,3.13,-7.85,-0.98
4583.TW,P10_組合訊號,44,54.55,4.05,-7.37,-0.98
6456.TW,P05_連跌反轉紅K,40,52.5,4.47,-10.66,-0.98
1215.TW,P03_均線支撐放量,67,52.24,4.53,-4.62,-0.98
2548.TW,P01_量縮價穩,83,49.4,5.19,-3.58,-0.98
4935.TW,P06_價量背離,85,38.82,-0.76,-10.6,-0.98
8464.TW,P10_組合訊號,72,65.28,2.21,-11.31,-0.99
6754.TW,P04_長下影線放量,37,64.86,2.26,-7.93,-0.99
6668.TW,P01_量縮價穩,97,63.92,2.41,-12.9,-0.99
1102.TW,P01_量縮價穩,60,60.0,3.01,-4.76,-0.99
7732.TW,P06_價量背離,17,58.82,3.22,-8.81,-0.99
2348.TW,P10_組合訊號,45,57.78,3.4,-9.18,-0.99
1711.TW,P02_量增紅K,42,57.14,3.51,-8.69,-0.99
6558.TW,P06_價量背離,67,55.22,3.87,-15.39,-0.99
9927.TW,P04_長下影線放量,56,53.57,4.23,-5.88,-0.99
9110.TW,P07_RSI超賣量縮,133,50.38,4.93,-16.07,-0.99
2402.TW,P08_黃金交叉量增,8,50.0,5.01,-14.76,-0.99
6807.TW,P12_多頭回檔,34,50.0,5.02,-13.98,-0.99
1524.TW,P10_組合訊號,58,48.28,5.45,-7.72,-0.99
1342.TW,P07_RSI超賣量縮,67,38.81,-0.61,-9.86,-0.99
6505.TW,P11_多頭排列紅K,49,38.78,-2.44,-10.42,-0.99
2208.TW,P03_均線支撐放量,49,38.78,-4.02,-12.67,-0.99
1312.TW,P03_均線支撐放量,49,38.78,-2.87,-12.32,-0.99
2254.TW,P04_長下影線放量,49,38.78,-4.88,-13.36,-0.99
1451.TW,P11_多頭排列紅K,49,38.78,-1.6,-9.24,-0.99
6283.TW,P10_組合訊號,49,38.78,-5.13,-20.14,-0.99
1598.TW,P07_RSI超賣量縮,80,38.75,-1.14,-13.16,-0.99
8021.TW,P10_組合訊號,34,61.76,2.71,-10.79,-1.0
2340.TW,P06_價量背離,54,61.11,2.82,-14.89,-1.0
2303.TW,P07_RSI超賣量縮,34,58.82,3.21,-10.52,-1.0
1437.TW,P12_多頭回檔,103,55.34,3.85,-4.57,-1.0
2316.TW,P03_均線支撐放量,44,54.55,4.0,-11.33,-1.0
2206.TW,P01_量縮價穩,80,53.75,4.17,-5.8,-1.0
1308.TW,P12_多頭回檔,42,52.38,4.45,-9.88,-1.0
2838.TW,P11_多頭排列紅K,119,52.1,4.52,-4.54,-1.0
2030.TW,P11_多頭排列紅K,39,51.28,4.71,-10.75,-1.0
2520.TW,P02_量增紅K,14,50.0,5.0,-8.74,-1.0
3052.TW,P05_連跌反轉紅K,15,46.67,5.86,-5.59,-1.0
1314.TW,P12_多頭回檔,31,38.71,-2.99,-10.51,-1.0
4961.TW,P10_組合訊號,31,38.71,-1.22,-16.56,-1.0
1536.TW,P03_均線支撐放量,31,38.71,-4.05,-14.78,-1.0
6666.TW,P05_連跌反轉紅K,31,38.71,-4.6,-13.17,-1.0
4572.TW,P04_長下影線放量,47,74.47,1.05,-9.42,-1.01
6581.TW,P07_RSI超賣量縮,42,69.05,1.67,-9.83,-1.01
4572.TW,P10_組合訊號,51,64.71,2.26,-10.73,-1.01
2645.TW,P02_量增紅K,19,63.16,2.49,-10.9,-1.01
3528.TW,P09_量縮後爆量紅K,13,61.54,2.74,-4.65,-1.01
3023.TW,P10_組合訊號,37,59.46,3.07,-9.74,-1.01
3010.TW,P02_量增紅K,12,58.33,3.27,-6.68,-1.01
6781.TW,P04_長下影線放量,22,54.55,3.99,-18.36,-1.01
2461.TW,P07_RSI超賣量縮,55,54.55,3.98,-8.59,-1.01
3501.TW,P11_多頭排列紅K,38,52.63,4.39,-4.91,-1.01
1321.TW,P05_連跌反轉紅K,32,50.0,4.98,-5.62,-1.01
8473.TW,P03_均線支撐放量,75,38.67,-0.19,-8.62,-1.01
4190.TW,P07_RSI超賣量縮,101,38.61,-0.84,-10.08,-1.01
1597.TW,P04_長下影線放量,26,69.23,1.64,-8.39,-1.02
3673.TW,P11_多頭排列紅K,28,67.86,1.82,-9.87,-1.02
3607.TW,P09_量縮後爆量紅K,15,66.67,1.97,-11.68,-1.02
3004.TW,P10_組合訊號,59,64.41,2.28,-10.6,-1.02
5531.TW,P04_長下影線放量,61,63.93,2.36,-6.99,-1.02
2332.TW,P01_量縮價穩,80,61.25,2.76,-12.6,-1.02
3596.TW,P10_組合訊號,30,60.0,2.97,-11.3,-1.02
6579.TW,P12_多頭回檔,67,59.7,3.01,-7.76,-1.02
3530.TW,P10_組合訊號,27,59.26,3.1,-13.17,-1.02
2401.TW,P06_價量背離,60,58.33,3.26,-13.19,-1.02
2375.TW,P05_連跌反轉紅K,23,56.52,3.58,-13.93,-1.02
4930.TW,P10_組合訊號,65,55.38,3.8,-8.76,-1.02
2850.TW,P11_多頭排列紅K,83,53.01,4.27,-5.76,-1.02
6281.TW,P08_黃金交叉量增,6,50.0,4.96,-0.9,-1.02
9103.TW,P08_黃金交叉量增,6,50.0,4.96,-22.88,-1.02
2427.TW,P01_量縮價穩,204,49.51,5.08,-6.2,-1.02
2017.TW,P03_均線支撐放量,57,38.6,-0.51,-10.49,-1.02
2012.TW,P10_組合訊號,70,38.57,-1.6,-9.18,-1.02
8261.TW,P09_量縮後爆量紅K,10,70.0,1.53,-9.2,-1.03
1608.TW,P10_組合訊號,30,60.0,2.94,-11.42,-1.03
3518.TW,P01_量縮價穩,122,59.02,3.12,-14.29,-1.03
2349.TW,P11_多頭排列紅K,34,58.82,3.15,-13.36,-1.03
6951.TW,P03_均線支撐放量,30,53.33,4.19,-6.98,-1.03
2889.TW,P03_均線支撐放量,104,51.92,4.5,-4.13,-1.03
1905.TW,P07_RSI超賣量縮,73,46.58,5.83,-8.87,-1.03
4104.TW,P11_多頭排列紅K,50,46.0,5.97,-2.77,-1.03
2206.TW,P09_量縮後爆量紅K,5,40.0,7.92,-8.66,-1.03
1909.TW,P01_量縮價穩,96,38.54,-2.92,-11.74,-1.03
2376.TW,P10_組合訊號,30,76.67,0.77,-12.57,-1.04
4572.TW,P02_量增紅K,15,66.67,1.94,-9.03,-1.04
3406.TW,P01_量縮價穩,38,63.16,2.44,-14.05,-1.04
1305.TW,P07_RSI超賣量縮,73,60.27,2.89,-11.93,-1.04
2360.TW,P09_量縮後爆量紅K,5,60.0,2.94,-10.91,-1.04
2013.TW,P09_量縮後爆量紅K,10,60.0,2.94,-7.82,-1.04
2484.TW,P11_多頭排列紅K,55,60.0,2.94,-11.66,-1.04
2607.TW,P10_組合訊號,51,54.9,3.85,-6.64,-1.04
3010.TW,P11_多頭排列紅K,50,54.0,4.04,-6.02,-1.04
2114.TW,P07_RSI超賣量縮,60,51.67,4.53,-4.75,-1.04
1604.TW,P04_長下影線放量,68,51.47,4.58,-5.85,-1.04
1341.TW,P04_長下影線放量,67,50.75,4.75,-4.25,-1.04
2342.TW,P08_黃金交叉量增,8,50.0,4.91,-14.4,-1.04
5876.TW,P02_量增紅K,13,38.46,-2.06,-10.19,-1.04
9945.TW,P02_量增紅K,13,38.46,-0.47,-10.36,-1.04
6592.TW,P10_組合訊號,52,38.46,-0.61,-10.07,-1.04
1707.TW,P08_黃金交叉量增,13,38.46,-1.95,-6.24,-1.04
4755.TW,P09_量縮後爆量紅K,13,38.46,-0.72,-10.43,-1.04
2913.TW,P03_均線支撐放量,78,38.46,-3.09,-10.55,-1.04
6923.TW,P07_RSI超賣量縮,13,38.46,-5.51,-15.28,-1.04
1308.TW,P11_多頭排列紅K,39,38.46,-2.06,-12.3,-1.04
4952.TW,P02_量增紅K,13,38.46,-3.84,-17.3,-1.04
3041.TW,P08_黃金交叉量增,13,38.46,-10.24,-24.03,-1.04
2945.TW,P09_量縮後爆量紅K,13,38.46,-2.86,-9.99,-1.04
1439.TW,P11_多頭排列紅K,26,38.46,-4.96,-12.17,-1.04
8466.TW,P08_黃金交叉量增,13,38.46,-3.81,-12.6,-1.04
6789.TW,P01_量縮價穩,55,69.09,1.61,-12.41,-1.05
2201.TW,P12_多頭回檔,25,64.0,2.29,-12.31,-1.05
1541.TW,P03_均線支撐放量,64,60.94,2.76,-8.83,-1.05
1503.TW,P09_量縮後爆量紅K,10,60.0,2.92,-9.78,-1.05
1503.TW,P10_組合訊號,50,56.0,3.63,-7.16,-1.05
2705.TW,P07_RSI超賣量縮,92,55.43,3.73,-9.03,-1.05
1720.TW,P04_長下影線放量,34,52.94,4.24,-4.03,-1.05
2891.TW,P11_多頭排列紅K,98,51.02,4.67,-6.08,-1.05
2851.TW,P04_長下影線放量,48,50.0,4.9,-6.6,-1.05
1414.TW,P12_多頭回檔,56,50.0,4.89,-6.04,-1.05
1503.TW,P12_多頭回檔,67,49.25,5.08,-5.13,-1.05
1438.TW,P09_量縮後爆量紅K,25,48.0,5.4,-11.52,-1.05
9946.TW,P09_量縮後爆量紅K,5,40.0,7.88,-8.02,-1.05
9934.TW,P01_量縮價穩,172,38.37,-0.4,-8.97,-1.05
3605.TW,P11_多頭排列紅K,56,69.64,1.52,-13.04,-1.06
2607.TW,P04_長下影線放量,32,68.75,1.64,-10.68,-1.06
2102.TW,P10_組合訊號,71,60.56,2.81,-7.81,-1.06
5288.TW,P04_長下影線放量,55,58.18,3.22,-7.33,-1.06
9935.TW,P01_量縮價穩,133,57.89,3.27,-8.27,-1.06
2314.TW,P05_連跌反轉紅K,33,57.58,3.31,-16.31,-1.06
2427.TW,P04_長下影線放量,57,54.39,3.91,-5.81,-1.06
2712.TW,P07_RSI超賣量縮,75,53.33,4.14,-13.57,-1.06
5222.TW,P02_量增紅K,17,52.94,4.22,-13.95,-1.06
2739.TW,P04_長下影線放量,67,49.25,5.06,-10.54,-1.06
3266.TW,P06_價量背離,124,49.19,5.08,-5.7,-1.06
2511.TW,P12_多頭回檔,60,38.33,-0.54,-6.49,-1.06
2062.TW,P03_均線支撐放量,47,38.3,-0.73,-11.07,-1.06
1439.TW,P12_多頭回檔,47,38.3,-0.7,-8.85,-1.06
5484.TW,P08_黃金交叉量增,19,63.16,2.38,-10.9,-1.07
8438.TW,P10_組合訊號,40,62.5,2.49,-8.49,-1.07
3015.TW,P11_多頭排列紅K,49,61.22,2.69,-10.02,-1.07
1611.TW,P11_多頭排列紅K,46,58.7,3.11,-10.8,-1.07
3030.TW,P01_量縮價穩,91,56.04,3.58,-5.88,-1.07
5533.TW,P05_連跌反轉紅K,25,56.0,3.59,-5.89,-1.07
2420.TW,P12_多頭回檔,55,52.73,4.25,-6.72,-1.07
3051.TW,P06_價量背離,40,52.5,4.3,-14.0,-1.07
8162.TW,P06_價量背離,27,51.85,4.44,-7.28,-1.07
4764.TW,P12_多頭回檔,81,38.27,-2.73,-11.58,-1.07
2489.TW,P10_組合訊號,34,38.24,-4.73,-11.95,-1.07
2424.TW,P11_多頭排列紅K,34,38.24,-10.69,-21.27,-1.07
2712.TW,P12_多頭回檔,68,38.24,-4.13,-11.57,-1.07
3481.TW,P09_量縮後爆量紅K,3,66.67,1.89,-8.52,-1.08
3592.TW,P07_RSI超賣量縮,31,64.52,2.17,-15.52,-1.08
2409.TW,P03_均線支撐放量,45,60.0,2.87,-13.25,-1.08
6789.TW,P10_組合訊號,14,57.14,3.35,-14.69,-1.08
8215.TW,P05_連跌反轉紅K,25,56.0,3.57,-12.88,-1.08
1612.TW,P12_多頭回檔,45,55.56,3.65,-8.17,-1.08
4590.TW,P05_連跌反轉紅K,9,55.56,3.65,-14.89,-1.08
6799.TW,P12_多頭回檔,9,55.56,3.65,-17.88,-1.08
6412.TW,P01_量縮價穩,112,54.46,3.86,-8.38,-1.08
2731.TW,P06_價量背離,81,54.32,3.91,-8.51,-1.08
5531.TW,P07_RSI超賣量縮,75,53.33,4.1,-6.77,-1.08
1455.TW,P09_量縮後爆量紅K,4,50.0,4.83,-10.66,-1.08
8367.TW,P12_多頭回檔,64,48.44,5.23,-6.94,-1.08
2630.TW,P04_長下影線放量,49,40.82,7.51,-11.11,-1.08
1447.TW,P01_量縮價穩,131,38.17,-0.63,-9.88,-1.08
3021.TW,P10_組合訊號,62,64.52,2.16,-8.26,-1.09
6541.TW,P07_RSI超賣量縮,107,62.62,2.44,-16.63,-1.09
2327.TW,P03_均線支撐放量,29,62.07,2.52,-13.71,-1.09
1535.TW,P02_量增紅K,17,58.82,3.06,-5.67,-1.09
2816.TW,P07_RSI超賣量縮,68,57.35,3.31,-7.07,-1.09
8462.TW,P12_多頭回檔,47,55.32,3.68,-9.57,-1.09
4755.TW,P06_價量背離,69,55.07,3.73,-10.52,-1.09
6183.TW,P11_多頭排列紅K,59,54.24,3.9,-3.64,-1.09
911868.TW,P11_多頭排列紅K,38,52.63,4.22,-12.83,-1.09
8464.TW,P02_量增紅K,14,50.0,4.81,-12.95,-1.09
1304.TW,P02_量增紅K,26,50.0,4.82,-10.78,-1.09
4958.TW,P12_多頭回檔,33,48.48,5.19,-10.61,-1.09
3528.TW,P03_均線支撐放量,92,46.74,5.65,-3.81,-1.09
2537.TW,P03_均線支撐放量,50,44.0,6.43,-7.34,-1.09
8438.TW,P07_RSI超賣量縮,150,42.0,7.08,-6.72,-1.09
3312.TW,P06_價量背離,73,61.64,2.57,-11.18,-1.1
8072.TW,P10_組合訊號,65,53.85,3.96,-6.05,-1.1
1303.TW,P05_連跌反轉紅K,42,38.1,-0.05,-11.54,-1.1
2105.TW,P01_量縮價穩,63,38.1,-4.08,-11.19,-1.1
2867.TW,P07_RSI超賣量縮,105,38.1,-2.6,-10.82,-1.1
2014.TW,P12_多頭回檔,21,38.1,-6.98,-16.48,-1.1
6534.TW,P11_多頭排列紅K,21,38.1,-0.74,-7.29,-1.1
4526.TW,P10_組合訊號,42,38.1,-0.42,-9.17,-1.1
9934.TW,P10_組合訊號,63,38.1,-2.8,-11.38,-1.1
2254.TW,P10_組合訊號,21,38.1,-3.87,-12.53,-1.1
8466.TW,P05_連跌反轉紅K,42,38.1,-2.35,-10.96,-1.1
2357.TW,P08_黃金交叉量增,9,77.78,0.57,-12.44,-1.11
4536.TW,P02_量增紅K,31,64.52,2.13,-10.65,-1.11
2851.TW,P08_黃金交叉量增,11,63.64,2.26,-6.13,-1.11
4770.TW,P05_連跌反轉紅K,22,63.64,2.25,-12.95,-1.11
3406.TW,P06_價量背離,24,62.5,2.42,-13.34,-1.11
4746.TW,P06_價量背離,49,53.06,4.1,-9.66,-1.11
1215.TW,P12_多頭回檔,65,50.77,4.59,-4.97,-1.11
3416.TW,P08_黃金交叉量增,6,50.0,4.79,-5.93,-1.11
1708.TW,P02_量增紅K,26,50.0,4.78,-9.22,-1.11
4755.TW,P10_組合訊號,52,44.23,6.32,-9.89,-1.11
6177.TW,P10_組合訊號,56,42.86,6.74,-5.14,-1.11
6505.TW,P06_價量背離,100,38.0,-2.9,-9.29,-1.11
2723.TW,P07_RSI超賣量縮,50,38.0,-3.26,-14.06,-1.11
8473.TW,P10_組合訊號,79,37.97,-2.75,-10.51,-1.11
3356.TW,P11_多頭排列紅K,28,71.43,1.23,-14.04,-1.12
1316.TW,P07_RSI超賣量縮,64,65.62,1.95,-11.04,-1.12
2332.TW,P05_連跌反轉紅K,23,65.22,2.02,-12.66,-1.12
4148.TW,P01_量縮價穩,158,57.59,3.21,-13.04,-1.12
2612.TW,P04_長下影線放量,32,53.12,4.06,-15.53,-1.12
3701.TW,P04_長下影線放量,43,51.16,4.48,-9.2,-1.12
8112.TW,P04_長下影線放量,32,50.0,4.76,-8.92,-1.12
4581.TW,P08_黃金交叉量增,10,50.0,4.75,-6.12,-1.12
3617.TW,P10_組合訊號,67,47.76,5.31,-7.65,-1.12
3030.TW,P06_價量背離,75,46.67,5.59,-4.4,-1.12
1101.TW,P04_長下影線放量,58,37.93,-0.86,-9.58,-1.12
2636.TW,P04_長下影線放量,29,37.93,-1.74,-14.99,-1.12
1460.TW,P10_組合訊號,58,37.93,-3.19,-11.02,-1.12
2211.TW,P03_均線支撐放量,46,65.22,2.01,-10.3,-1.13
5871.TW,P05_連跌反轉紅K,31,61.29,2.58,-11.12,-1.13
8112.TW,P09_量縮後爆量紅K,5,60.0,2.78,-9.83,-1.13
6414.TW,P02_量增紅K,17,58.82,2.98,-10.37,-1.13
2359.TW,P08_黃金交叉量增,7,57.14,3.27,-7.62,-1.13
2241.TW,P01_量縮價穩,169,55.03,3.67,-9.82,-1.13
3052.TW,P04_長下影線放量,62,48.39,5.12,-6.24,-1.13
912000.TW,P10_組合訊號,27,48.15,5.2,-9.9,-1.13
2723.TW,P06_價量背離,66,37.88,-2.19,-14.37,-1.13
6743.TW,P03_均線支撐放量,22,77.27,0.59,-14.24,-1.14
6689.TW,P05_連跌反轉紅K,27,62.96,2.3,-17.4,-1.14
2024.TW,P03_均線支撐放量,89,57.3,3.23,-6.95,-1.14
2419.TW,P01_量縮價穩,99,54.55,3.74,-11.83,-1.14
1535.TW,P04_長下影線放量,55,54.55,3.74,-4.92,-1.14
3706.TW,P04_長下影線放量,36,52.78,4.1,-8.53,-1.14
1708.TW,P03_均線支撐放量,46,52.17,4.23,-6.8,-1.14
3027.TW,P06_價量背離,69,52.17,4.24,-10.79,-1.14
8039.TW,P01_量縮價穩,100,50.0,4.72,-7.53,-1.14
2524.TW,P04_長下影線放量,52,46.15,5.69,-8.19,-1.14
2884.TW,P08_黃金交叉量增,5,40.0,7.66,-4.06,-1.14
2002.TW,P05_連跌反轉紅K,37,37.84,-0.35,-7.94,-1.14
2867.TW,P11_多頭排列紅K,37,37.84,-0.55,-11.06,-1.14
1722.TW,P05_連跌反轉紅K,37,37.84,-0.99,-7.09,-1.14
8442.TW,P10_組合訊號,74,37.84,-0.1,-8.05,-1.14
2739.TW,P10_組合訊號,74,37.84,-0.32,-9.51,-1.14
2104.TW,P06_價量背離,90,37.78,-4.83,-12.2,-1.14
9904.TW,P04_長下影線放量,53,62.26,2.39,-6.79,-1.15
5203.TW,P11_多頭排列紅K,38,60.53,2.67,-11.44,-1.15
1313.TW,P05_連跌反轉紅K,32,56.25,3.4,-9.56,-1.15
2250.TW,P06_價量背離,88,53.41,3.96,-9.25,-1.15
9927.TW,P05_連跌反轉紅K,30,53.33,3.97,-5.54,-1.15
3022.TW,P03_均線支撐放量,52,51.92,4.26,-9.63,-1.15
2023.TW,P04_長下影線放量,56,51.79,4.29,-6.81,-1.15
6605.TW,P04_長下影線放量,24,50.0,4.7,-8.98,-1.15
2642.TW,P11_多頭排列紅K,23,43.48,6.46,-9.39,-1.15
1321.TW,P11_多頭排列紅K,53,37.74,-3.78,-10.25,-1.15
6754.TW,P01_量縮價穩,106,37.74,-2.41,-9.93,-1.15
2105.TW,P03_均線支撐放量,76,60.53,2.65,-8.15,-1.16
6672.TW,P02_量增紅K,20,60.0,2.74,-11.08,-1.16
1446.TW,P08_黃金交叉量增,12,58.33,3.02,-9.5,-1.16
1231.TW,P06_價量背離,60,56.67,3.3,-7.75,-1.16
4540.TW,P09_量縮後爆量紅K,9,55.56,3.51,-10.49,-1.16
8463.TW,P07_RSI超賣量縮,70,54.29,3.77,-8.21,-1.16
1806.TW,P10_組合訊號,72,54.17,3.78,-5.98,-1.16
6525.TW,P02_量增紅K,13,53.85,3.84,-11.07,-1.16
2910.TW,P10_組合訊號,79,51.9,4.25,-4.57,-1.16
3056.TW,P03_均線支撐放量,61,50.82,4.49,-9.35,-1.16
6230.TW,P02_量增紅K,22,50.0,4.67,-12.9,-1.16
1713.TW,P12_多頭回檔,79,49.37,4.83,-4.45,-1.16
6885.TW,P01_量縮價穩,17,47.06,5.41,-14.71,-1.16
1617.TW,P01_量縮價穩,220,45.0,5.97,-5.99,-1.16
1467.TW,P04_長下影線放量,74,37.84,8.44,-10.57,-1.16
1439.TW,P07_RSI超賣量縮,61,37.7,-0.29,-8.55,-1.16
3550.TW,P07_RSI超賣量縮,77,37.66,-0.34,-12.61,-1.16
6957.TW,P07_RSI超賣量縮,18,66.67,1.74,-16.54,-1.17
1229.TW,P04_長下影線放量,44,63.64,2.17,-8.32,-1.17
5471.TW,P05_連跌反轉紅K,33,60.61,2.63,-9.64,-1.17
8112.TW,P08_黃金交叉量增,7,57.14,3.2,-8.31,-1.17
2524.TW,P08_黃金交叉量增,18,55.56,3.49,-8.8,-1.17
1104.TW,P06_價量背離,126,50.79,4.49,-6.24,-1.17
3029.TW,P04_長下影線放量,20,50.0,4.67,-7.08,-1.17
1423.TW,P05_連跌反轉紅K,17,47.06,5.39,-5.21,-1.17
1451.TW,P06_價量背離,149,37.58,-0.56,-8.05,-1.17
2340.TW,P04_長下影線放量,28,71.43,1.15,-14.73,-1.18
6271.TW,P03_均線支撐放量,30,63.33,2.19,-11.83,-1.18
2727.TW,P05_連跌反轉紅K,28,60.71,2.59,-11.38,-1.18
2881.TW,P06_價量背離,48,56.25,3.34,-7.12,-1.18
6525.TW,P07_RSI超賣量縮,55,54.55,3.67,-9.47,-1.18
3543.TW,P04_長下影線放量,72,52.78,4.02,-9.72,-1.18
4104.TW,P12_多頭回檔,72,50.0,4.63,-2.79,-1.18
2530.TW,P01_量縮價穩,160,49.38,4.79,-4.94,-1.18
2007.TW,P03_均線支撐放量,68,48.53,4.99,-11.76,-1.18
3060.TW,P04_長下影線放量,19,73.68,0.88,-14.05,-1.19
6668.TW,P09_量縮後爆量紅K,12,66.67,1.71,-14.71,-1.19
6923.TW,P05_連跌反轉紅K,8,62.5,2.29,-11.18,-1.19
7791.TW,P05_連跌反轉紅K,8,62.5,2.3,-6.3,-1.19
1517.TW,P12_多頭回檔,33,60.61,2.59,-9.13,-1.19
3056.TW,P10_組合訊號,45,55.56,3.45,-10.47,-1.19
2528.TW,P03_均線支撐放量,83,55.42,3.48,-8.52,-1.19
8249.TW,P11_多頭排列紅K,48,54.17,3.73,-12.15,-1.19
2836.TW,P05_連跌反轉紅K,16,50.0,4.62,-2.83,-1.19
6505.TW,P08_黃金交叉量增,8,37.5,-8.72,-15.27,-1.19
2867.TW,P08_黃金交叉量增,8,37.5,-1.3,-9.89,-1.19
2201.TW,P08_黃金交叉量增,8,37.5,-7.09,-15.99,-1.19
1440.TW,P10_組合訊號,40,37.5,-0.42,-9.71,-1.19
2106.TW,P02_量增紅K,16,37.5,-1.84,-6.79,-1.19
2227.TW,P08_黃金交叉量增,8,37.5,-5.59,-11.04,-1.19
1313.TW,P03_均線支撐放量,32,37.5,-1.26,-13.11,-1.19
6901.TW,P06_價量背離,32,37.5,-10.25,-15.8,-1.19
6901.TW,P11_多頭排列紅K,8,37.5,-12.71,-21.64,-1.19
2231.TW,P05_連跌反轉紅K,32,37.5,-1.7,-14.94,-1.19
5306.TW,P08_黃金交叉量增,8,37.5,-3.5,-8.37,-1.19
1103.TW,P08_黃金交叉量增,8,37.5,-3.73,-12.4,-1.19
8341.TW,P08_黃金交叉量增,8,37.5,-4.68,-10.67,-1.19
5531.TW,P02_量增紅K,24,37.5,-5.02,-14.41,-1.19
2762.TW,P05_連跌反轉紅K,8,37.5,-4.1,-8.33,-1.19
1342.TW,P08_黃金交叉量增,8,37.5,-5.2,-13.5,-1.19
2536.TW,P02_量增紅K,24,37.5,-0.39,-7.56,-1.19
4989.TW,P08_黃金交叉量增,8,37.5,-9.34,-21.63,-1.19
6776.TW,P08_黃金交叉量增,8,37.5,-0.59,-7.92,-1.19
1472.TW,P04_長下影線放量,40,37.5,-7.88,-23.09,-1.19
1525.TW,P12_多頭回檔,72,37.5,-1.09,-12.31,-1.19
4590.TW,P11_多頭排列紅K,8,37.5,-18.18,-28.39,-1.19
1451.TW,P04_長下影線放量,48,37.5,-0.54,-9.25,-1.19
7732.TW,P05_連跌反轉紅K,8,37.5,-1.23,-12.31,-1.19
4956.TW,P12_多頭回檔,24,37.5,-8.12,-22.43,-1.19
4560.TW,P01_量縮價穩,56,37.5,-1.25,-7.49,-1.19
1540.TW,P10_組合訊號,48,37.5,-0.29,-8.48,-1.19
8466.TW,P11_多頭排列紅K,40,37.5,-0.83,-9.73,-1.19
4999.TW,P08_黃金交叉量增,8,37.5,-4.43,-9.91,-1.19
3419.TW,P05_連跌反轉紅K,37,62.16,2.34,-11.01,-1.2
2338.TW,P05_連跌反轉紅K,28,60.71,2.55,-14.17,-1.2
2030.TW,P05_連跌反轉紅K,22,59.09,2.81,-8.39,-1.2
2101.TW,P11_多頭排列紅K,60,56.67,3.24,-8.99,-1.2
3454.TW,P04_長下影線放量,27,55.56,3.43,-12.91,-1.2
1445.TW,P02_量增紅K,41,53.66,3.8,-7.83,-1.2
1475.TW,P03_均線支撐放量,45,53.33,3.87,-13.79,-1.2
2013.TW,P05_連跌反轉紅K,29,51.72,4.21,-8.38,-1.2
3028.TW,P12_多頭回檔,53,50.94,4.39,-6.95,-1.2
1102.TW,P09_量縮後爆量紅K,4,50.0,4.6,-4.42,-1.2
2069.TW,P02_量增紅K,15,73.33,0.89,-9.76,-1.21
2328.TW,P03_均線支撐放量,40,67.5,1.58,-10.27,-1.21
5871.TW,P07_RSI超賣量縮,24,62.5,2.26,-10.45,-1.21
2102.TW,P06_價量背離,106,62.26,2.3,-8.76,-1.21
2031.TW,P03_均線支撐放量,35,60.0,2.64,-10.32,-1.21
1568.TW,P09_量縮後爆量紅K,10,60.0,2.64,-16.4,-1.21
2024.TW,P06_價量背離,104,58.65,2.87,-7.68,-1.21
3591.TW,P09_量縮後爆量紅K,12,58.33,2.93,-9.76,-1.21
2495.TW,P02_量增紅K,39,56.41,3.26,-12.03,-1.21
2849.TW,P05_連跌反轉紅K,20,55.0,3.52,-3.28,-1.21
2834.TW,P05_連跌反轉紅K,18,50.0,4.59,-6.19,-1.21
1339.TW,P06_價量背離,84,44.05,6.14,-5.08,-1.21
6931.TW,P02_量增紅K,10,40.0,7.48,-10.83,-1.21
3050.TW,P05_連跌反轉紅K,33,63.64,2.08,-13.84,-1.22
2439.TW,P05_連跌反轉紅K,19,63.16,2.14,-10.2,-1.22
2419.TW,P03_均線支撐放量,40,57.5,3.05,-11.55,-1.22
1321.TW,P03_均線支撐放量,69,55.07,3.49,-4.95,-1.22
6005.TW,P12_多頭回檔,63,50.79,4.39,-7.21,-1.22
2480.TW,P06_價量背離,101,49.5,4.67,-5.9,-1.22
6206.TW,P01_量縮價穩,101,48.51,4.91,-7.84,-1.22
2727.TW,P12_多頭回檔,33,42.42,6.62,-12.65,-1.22
6949.TW,P06_價量背離,13,38.46,8.03,-19.05,-1.22
2501.TW,P12_多頭回檔,45,37.78,8.3,-6.55,-1.22
1806.TW,P03_均線支撐放量,59,37.29,-0.05,-9.44,-1.22
4552.TW,P02_量增紅K,19,73.68,0.83,-7.55,-1.23
3592.TW,P02_量增紅K,7,71.43,1.07,-14.05,-1.23
4572.TW,P08_黃金交叉量增,9,66.67,1.65,-8.72,-1.23
6742.TW,P09_量縮後爆量紅K,3,66.67,1.65,-11.24,-1.23
3024.TW,P12_多頭回檔,30,63.33,2.11,-9.44,-1.23
3036.TW,P06_價量背離,69,56.52,3.22,-7.73,-1.23
5531.TW,P03_均線支撐放量,84,54.76,3.54,-7.2,-1.23
4935.TW,P05_連跌反轉紅K,34,52.94,3.91,-13.76,-1.23
2331.TW,P03_均線支撐放量,32,50.0,4.54,-15.8,-1.23
3052.TW,P02_量增紅K,30,46.67,5.36,-5.4,-1.23
1527.TW,P12_多頭回檔,51,37.25,-0.32,-8.57,-1.23
2109.TW,P07_RSI超賣量縮,51,37.25,-0.01,-7.08,-1.23
1909.TW,P10_組合訊號,43,37.21,-3.78,-11.67,-1.23
2109.TW,P12_多頭回檔,43,37.21,-0.35,-8.09,-1.23
911622.TW,P05_連跌反轉紅K,43,37.21,-4.35,-9.33,-1.23
8011.TW,P06_價量背離,55,72.73,0.92,-10.63,-1.24
2374.TW,P09_量縮後爆量紅K,18,66.67,1.63,-10.18,-1.24
3050.TW,P10_組合訊號,50,66.0,1.73,-10.54,-1.24
6155.TW,P02_量增紅K,37,64.86,1.89,-12.38,-1.24
3406.TW,P10_組合訊號,29,62.07,2.28,-13.92,-1.24
6722.TW,P01_量縮價穩,118,59.32,2.71,-6.47,-1.24
2882.TW,P05_連跌反轉紅K,36,58.33,2.87,-6.67,-1.24
2371.TW,P01_量縮價穩,77,57.14,3.08,-12.41,-1.24
1530.TW,P07_RSI超賣量縮,68,54.41,3.59,-4.05,-1.24
2460.TW,P10_組合訊號,38,52.63,3.94,-13.16,-1.24
1531.TW,P05_連跌反轉紅K,25,44.0,6.09,-6.88,-1.24
2365.TW,P10_組合訊號,44,43.18,6.35,-10.53,-1.24
6582.TW,P07_RSI超賣量縮,78,37.18,-6.24,-13.59,-1.24
4137.TW,P06_價量背離,70,37.14,-0.82,-11.15,-1.24
2705.TW,P02_量增紅K,35,37.14,-4.05,-12.87,-1.24
2415.TW,P12_多頭回檔,35,37.14,-2.09,-18.45,-1.24
2395.TW,P02_量增紅K,16,75.0,0.67,-9.23,-1.25
1734.TW,P08_黃金交叉量增,8,75.0,0.66,-9.25,-1.25
3346.TW,P11_多頭排列紅K,33,72.73,0.9,-15.38,-1.25
1783.TW,P01_量縮價穩,96,61.46,2.36,-12.01,-1.25
8222.TW,P06_價量背離,101,57.43,3.02,-8.99,-1.25
2404.TW,P07_RSI超賣量縮,30,56.67,3.14,-11.93,-1.25
6768.TW,P04_長下影線放量,23,56.52,3.18,-7.48,-1.25
1568.TW,P03_均線支撐放量,43,55.81,3.29,-8.86,-1.25
2601.TW,P09_量縮後爆量紅K,9,55.56,3.35,-14.5,-1.25
1102.TW,P10_組合訊號,50,52.0,4.05,-5.62,-1.25
1210.TW,P02_量增紅K,6,50.0,4.49,-5.26,-1.25
6830.TW,P08_黃金交叉量增,8,75.0,0.65,-14.63,-1.26
3035.TW,P12_多頭回檔,25,64.0,1.97,-14.07,-1.26
1402.TW,P01_量縮價穩,76,63.16,2.09,-4.45,-1.26
1725.TW,P02_量增紅K,25,60.0,2.57,-14.23,-1.26
2883.TW,P08_黃金交叉量增,7,57.14,3.04,-6.95,-1.26
1463.TW,P03_均線支撐放量,76,55.26,3.39,-5.68,-1.26
9907.TW,P12_多頭回檔,53,54.72,3.49,-6.59,-1.26
2886.TW,P01_量縮價穩,57,54.39,3.55,-4.1,-1.26
1319.TW,P06_價量背離,48,54.17,3.59,-9.87,-1.26
1712.TW,P02_量增紅K,15,53.33,3.76,-5.89,-1.26
1734.TW,P05_連跌反轉紅K,23,52.17,4.01,-8.84,-1.26
2834.TW,P12_多頭回檔,66,51.52,4.15,-4.12,-1.26
2441.TW,P04_長下影線放量,55,50.91,4.27,-8.33,-1.26
1709.TW,P01_量縮價穩,130,50.77,4.3,-6.91,-1.26
3311.TW,P05_連跌反轉紅K,24,50.0,4.47,-8.46,-1.26
6449.TW,P10_組合訊號,38,47.37,5.12,-14.13,-1.26
6209.TW,P12_多頭回檔,27,37.04,-1.64,-14.8,-1.26
3041.TW,P12_多頭回檔,27,37.04,-6.38,-20.26,-1.26
9919.TW,P02_量增紅K,27,37.04,-6.21,-19.73,-1.26
3550.TW,P05_連跌反轉紅K,27,37.04,-1.66,-14.52,-1.26
2712.TW,P09_量縮後爆量紅K,27,37.04,-3.33,-12.79,-1.26
6742.TW,P04_長下影線放量,14,71.43,1.03,-14.92,-1.27
2015.TW,P12_多頭回檔,72,62.5,2.18,-5.96,-1.27
6166.TW,P05_連跌反轉紅K,28,57.14,3.03,-8.07,-1.27
7730.TW,P04_長下影線放量,29,55.17,3.38,-11.35,-1.27
2201.TW,P01_量縮價穩,73,53.42,3.73,-10.41,-1.27
1307.TW,P03_均線支撐放量,63,52.38,3.95,-5.4,-1.27
3231.TW,P10_組合訊號,35,51.43,4.14,-9.86,-1.27
8499.TW,P06_價量背離,81,50.62,4.32,-6.98,-1.27
2867.TW,P02_量增紅K,21,47.62,5.04,-9.94,-1.27
6505.TW,P01_量縮價穩,73,36.99,-1.74,-10.13,-1.27
6582.TW,P10_組合訊號,46,36.96,-4.38,-12.46,-1.27
3673.TW,P03_均線支撐放量,27,62.96,2.08,-11.26,-1.28
3005.TW,P11_多頭排列紅K,75,57.33,2.98,-12.11,-1.28
1438.TW,P04_長下影線放量,62,54.84,3.43,-9.62,-1.28
6166.TW,P06_價量背離,58,53.45,3.7,-7.39,-1.28
1432.TW,P10_組合訊號,62,53.23,3.75,-9.45,-1.28
3021.TW,P09_量縮後爆量紅K,16,50.0,4.43,-7.55,-1.28
2516.TW,P12_多頭回檔,67,40.3,7.2,-7.34,-1.28
1310.TW,P07_RSI超賣量縮,70,62.86,2.08,-10.65,-1.29
2753.TW,P04_長下影線放量,37,62.16,2.19,-8.51,-1.29
4927.TW,P12_多頭回檔,47,59.57,2.58,-14.99,-1.29
2488.TW,P10_組合訊號,79,55.7,3.25,-6.37,-1.29
5522.TW,P08_黃金交叉量增,11,54.55,3.47,-10.58,-1.29
8467.TW,P06_價量背離,78,53.85,3.61,-8.98,-1.29
3056.TW,P11_多頭排列紅K,58,50.0,4.42,-8.51,-1.29
2014.TW,P03_均線支撐放量,19,47.37,5.06,-14.75,-1.29
2020.TW,P05_連跌反轉紅K,22,45.45,5.57,-7.29,-1.29
1909.TW,P12_多頭回檔,38,36.84,-5.9,-13.21,-1.29
6923.TW,P06_價量背離,19,36.84,-7.26,-13.33,-1.29
1464.TW,P12_多頭回檔,38,36.84,-3.14,-9.81,-1.29
8104.TW,P02_量增紅K,19,36.84,-4.95,-16.88,-1.29
2250.TW,P11_多頭排列紅K,19,36.84,-10.13,-18.24,-1.29
6807.TW,P05_連跌反轉紅K,19,36.84,-0.53,-13.23,-1.29
4155.TW,P02_量增紅K,19,36.84,-2.32,-11.35,-1.29
3013.TW,P11_多頭排列紅K,36,61.11,2.33,-13.19,-1.3
2250.TW,P08_黃金交叉量增,5,60.0,2.5,-7.59,-1.3
2537.TW,P08_黃金交叉量增,7,57.14,2.98,-9.42,-1.3
1463.TW,P01_量縮價穩,207,57.0,2.99,-5.98,-1.3
9933.TW,P07_RSI超賣量縮,51,56.86,3.02,-7.76,-1.3
9937.TW,P08_黃金交叉量增,18,55.56,3.25,-3.39,-1.3
3054.TW,P09_量縮後爆量紅K,20,55.0,3.36,-5.38,-1.3
1725.TW,P06_價量背離,124,54.03,3.54,-8.83,-1.3
6585.TW,P10_組合訊號,17,52.94,3.76,-15.41,-1.3
2414.TW,P01_量縮價穩,149,50.34,4.33,-5.18,-1.3
8926.TW,P09_量縮後爆量紅K,4,50.0,4.4,-8.35,-1.3
8404.TW,P01_量縮價穩,122,50.0,4.39,-8.22,-1.3
2029.TW,P05_連跌反轉紅K,26,38.46,7.82,-9.15,-1.3
4562.TW,P01_量縮價穩,185,36.76,-1.6,-10.98,-1.3
2014.TW,P09_量縮後爆量紅K,6,66.67,1.54,-16.4,-1.31
9910.TW,P12_多頭回檔,67,61.19,2.29,-9.92,-1.31
2903.TW,P02_量增紅K,24,58.33,2.75,-6.58,-1.31
6166.TW,P01_量縮價穩,108,55.56,3.24,-8.85,-1.31
3652.TW,P06_價量背離,47,53.19,3.69,-6.68,-1.31
3034.TW,P06_價量背離,28,42.86,6.28,-12.39,-1.31
2104.TW,P10_組合訊號,49,36.73,-5.01,-11.76,-1.31
8442.TW,P06_價量背離,79,36.71,-0.63,-9.57,-1.31
9910.TW,P07_RSI超賣量縮,28,64.29,1.84,-9.93,-1.32
2241.TW,P07_RSI超賣量縮,124,62.9,2.03,-10.31,-1.32
2707.TW,P08_黃金交叉量增,8,62.5,2.09,-6.87,-1.32
3029.TW,P07_RSI超賣量縮,37,59.46,2.55,-7.94,-1.32
1568.TW,P01_量縮價穩,101,58.42,2.72,-11.52,-1.32
1711.TW,P01_量縮價穩,119,56.3,3.09,-8.25,-1.32
2881.TW,P10_組合訊號,45,55.56,3.23,-7.56,-1.32
2101.TW,P10_組合訊號,46,54.35,3.46,-6.64,-1.32
2062.TW,P07_RSI超賣量縮,78,53.85,3.54,-11.36,-1.32
6166.TW,P03_均線支撐放量,40,52.5,3.81,-8.03,-1.32
1789.TW,P07_RSI超賣量縮,53,45.28,5.55,-6.39,-1.32
2634.TW,P11_多頭排列紅K,30,36.67,-0.76,-9.93,-1.32
2231.TW,P06_價量背離,60,36.67,-2.94,-14.09,-1.32
3092.TW,P12_多頭回檔,30,36.67,-1.75,-12.4,-1.32
3592.TW,P11_多頭排列紅K,21,66.67,1.5,-9.26,-1.33
2355.TW,P06_價量背離,55,65.45,1.66,-11.39,-1.33
8249.TW,P02_量增紅K,21,61.9,2.16,-12.35,-1.33
4581.TW,P02_量增紅K,21,61.9,2.16,-6.26,-1.33
2515.TW,P11_多頭排列紅K,35,57.14,2.92,-10.92,-1.33
2332.TW,P03_均線支撐放量,32,56.25,3.08,-10.1,-1.33
6914.TW,P04_長下影線放量,9,55.56,3.21,-8.0,-1.33
5288.TW,P01_量縮價穩,149,55.03,3.3,-7.24,-1.33
1229.TW,P10_組合訊號,32,50.0,4.34,-4.47,-1.33
2607.TW,P02_量增紅K,30,50.0,4.35,-11.51,-1.33
3035.TW,P09_量縮後爆量紅K,9,44.44,5.76,-14.26,-1.33
8466.TW,P01_量縮價穩,183,36.61,-0.17,-9.21,-1.33
2104.TW,P04_長下影線放量,41,36.59,-3.94,-10.09,-1.33
911622.TW,P09_量縮後爆量紅K,41,36.59,-3.49,-9.27,-1.33
6591.TW,P12_多頭回檔,29,75.86,0.46,-10.46,-1.34
2439.TW,P11_多頭排列紅K,36,72.22,0.84,-9.95,-1.34
8261.TW,P06_價量背離,68,64.71,1.75,-13.54,-1.34
5222.TW,P11_多頭排列紅K,33,63.64,1.89,-13.97,-1.34
2474.TW,P12_多頭回檔,64,62.5,2.05,-8.98,-1.34
4155.TW,P07_RSI超賣量縮,56,62.5,2.05,-7.77,-1.34
6579.TW,P02_量增紅K,23,60.87,2.3,-8.95,-1.34
1339.TW,P02_量增紅K,29,58.62,2.65,-9.72,-1.34
2834.TW,P11_多頭排列紅K,71,54.93,3.31,-5.14,-1.34
2464.TW,P04_長下影線放量,42,54.76,3.34,-8.96,-1.34
2851.TW,P11_多頭排列紅K,85,50.59,4.19,-4.48,-1.34
1455.TW,P07_RSI超賣量縮,80,45.0,5.57,-12.88,-1.34
6216.TW,P10_組合訊號,59,44.07,5.84,-4.05,-1.34
6153.TW,P06_價量背離,52,36.54,-4.47,-14.03,-1.34
2362.TW,P11_多頭排列紅K,63,36.51,-0.64,-10.12,-1.34
1802.TW,P06_價量背離,74,36.49,-3.76,-14.2,-1.34
6451.TW,P11_多頭排列紅K,40,80.0,0.07,-14.58,-1.35
3454.TW,P01_量縮價穩,106,60.38,2.36,-10.37,-1.35
2428.TW,P10_組合訊號,39,56.41,3.02,-9.88,-1.35
2704.TW,P01_量縮價穩,153,56.21,3.04,-6.61,-1.35
6753.TW,P09_量縮後爆量紅K,9,55.56,3.17,-14.46,-1.35
4557.TW,P01_量縮價穩,192,55.21,3.23,-7.11,-1.35
6431.TW,P01_量縮價穩,206,54.37,3.39,-12.51,-1.35
1733.TW,P03_均線支撐放量,54,53.7,3.52,-6.48,-1.35
6136.TW,P07_RSI超賣量縮,32,53.12,3.63,-3.59,-1.35
2421.TW,P06_價量背離,40,52.5,3.75,-13.41,-1.35
1229.TW,P06_價量背離,60,50.0,4.31,-5.28,-1.35
2702.TW,P12_多頭回檔,41,70.73,0.98,-10.44,-1.36
3532.TW,P02_量增紅K,20,70.0,1.06,-13.59,-1.36
3532.TW,P04_長下影線放量,37,67.57,1.35,-14.62,-1.36
9904.TW,P02_量增紅K,13,61.54,2.17,-7.49,-1.36
1308.TW,P01_量縮價穩,93,56.99,2.89,-10.48,-1.36
3002.TW,P12_多頭回檔,51,54.9,3.28,-9.86,-1.36
3528.TW,P05_連跌反轉紅K,21,52.38,3.76,-6.26,-1.36
6951.TW,P04_長下影線放量,25,52.0,3.85,-7.38,-1.36
4942.TW,P08_黃金交叉量增,6,50.0,4.29,-2.36,-1.36
1445.TW,P10_組合訊號,88,47.73,4.81,-6.42,-1.36
3443.TW,P10_組合訊號,22,36.36,-2.58,-19.77,-1.36
1326.TW,P08_黃金交叉量增,11,36.36,-3.15,-10.02,-1.36
9910.TW,P08_黃金交叉量增,11,36.36,-1.65,-11.76,-1.36
1314.TW,P04_長下影線放量,33,36.36,-4.14,-10.56,-1.36
3592.TW,P06_價量背離,33,36.36,-5.41,-18.03,-1.36
6830.TW,P09_量縮後爆量紅K,11,36.36,-2.83,-16.97,-1.36
1563.TW,P05_連跌反轉紅K,11,36.36,-2.38,-12.26,-1.36
3135.TW,P10_組合訊號,22,36.36,-0.05,-13.59,-1.36
1603.TW,P08_黃金交叉量增,11,36.36,-0.69,-9.32,-1.36
2397.TW,P02_量增紅K,22,36.36,-1.91,-9.55,-1.36
2405.TW,P04_長下影線放量,11,36.36,-6.0,-19.97,-1.36
2413.TW,P09_量縮後爆量紅K,11,36.36,-9.77,-21.74,-1.36
1219.TW,P12_多頭回檔,55,36.36,-0.75,-6.85,-1.36
2007.TW,P08_黃金交叉量增,11,36.36,-2.5,-14.26,-1.36
2007.TW,P09_量縮後爆量紅K,11,36.36,-5.37,-19.25,-1.36
2477.TW,P09_量縮後爆量紅K,11,36.36,-0.72,-15.63,-1.36
6582.TW,P09_量縮後爆量紅K,11,36.36,-1.01,-11.72,-1.36
1339.TW,P05_連跌反轉紅K,33,36.36,-0.34,-11.4,-1.36
2069.TW,P08_黃金交叉量增,11,36.36,-0.85,-10.85,-1.36
3669.TW,P05_連跌反轉紅K,22,36.36,-1.48,-14.68,-1.36
6952.TW,P03_均線支撐放量,33,36.36,-4.04,-10.2,-1.36
6952.TW,P05_連跌反轉紅K,11,36.36,-3.41,-8.78,-1.36
6152.TW,P08_黃金交叉量增,11,36.36,-2.07,-15.45,-1.36
1589.TW,P09_量縮後爆量紅K,11,36.36,-8.36,-15.21,-1.36
1416.TW,P08_黃金交叉量增,11,36.36,-1.44,-10.93,-1.36
6666.TW,P09_量縮後爆量紅K,11,36.36,-10.16,-13.83,-1.36
1470.TW,P08_黃金交叉量增,11,36.36,-2.02,-7.13,-1.36
2514.TW,P08_黃金交叉量增,6,33.33,9.91,-2.84,-1.36
2419.TW,P05_連跌反轉紅K,32,68.75,1.19,-12.78,-1.37
2312.TW,P09_量縮後爆量紅K,8,62.5,2.01,-13.19,-1.37
1307.TW,P08_黃金交叉量增,8,62.5,2.0,-4.46,-1.37
6923.TW,P02_量增紅K,5,60.0,2.39,-12.53,-1.37
1108.TW,P11_多頭排列紅K,49,55.1,3.21,-7.65,-1.37
6269.TW,P11_多頭排列紅K,40,55.0,3.24,-9.01,-1.37
1762.TW,P01_量縮價穩,101,50.5,4.15,-11.04,-1.37
2415.TW,P03_均線支撐放量,43,48.84,4.54,-13.46,-1.37
2528.TW,P08_黃金交叉量增,15,46.67,5.07,-7.28,-1.37
6625.TW,P12_多頭回檔,42,45.24,5.44,-9.05,-1.37
1460.TW,P07_RSI超賣量縮,135,36.3,-0.08,-10.96,-1.37
6768.TW,P11_多頭排列紅K,30,66.67,1.43,-11.65,-1.38
1464.TW,P09_量縮後爆量紅K,3,66.67,1.43,-5.69,-1.38
1733.TW,P12_多頭回檔,38,65.79,1.54,-6.66,-1.38
910861.TW,P05_連跌反轉紅K,32,65.62,1.56,-12.73,-1.38
1714.TW,P04_長下影線放量,24,62.5,2.0,-6.0,-1.38
9136.TW,P10_組合訊號,89,60.67,2.27,-6.43,-1.38
2601.TW,P04_長下影線放量,30,60.0,2.37,-13.12,-1.38
1472.TW,P09_量縮後爆量紅K,28,57.14,2.83,-12.98,-1.38
6416.TW,P03_均線支撐放量,25,56.0,3.04,-10.9,-1.38
1218.TW,P02_量增紅K,19,52.63,3.67,-6.67,-1.38
2903.TW,P11_多頭排列紅K,70,50.0,4.23,-6.75,-1.38
2356.TW,P06_價量背離,45,42.22,6.31,-5.03,-1.38
6112.TW,P05_連跌反轉紅K,25,40.0,7.06,-10.02,-1.38
2516.TW,P10_組合訊號,91,36.26,-0.46,-10.35,-1.38
3413.TW,P02_量增紅K,23,60.87,2.22,-13.83,-1.39
6166.TW,P07_RSI超賣量縮,48,56.25,2.98,-7.15,-1.39
2485.TW,P01_量縮價穩,97,54.64,3.27,-9.9,-1.39
2459.TW,P10_組合訊號,51,52.94,3.59,-5.45,-1.39
8367.TW,P11_多頭排列紅K,36,50.0,4.23,-8.53,-1.39
4588.TW,P10_組合訊號,20,45.0,5.47,-13.38,-1.39
8482.TW,P11_多頭排列紅K,47,36.17,-2.42,-10.63,-1.39
1906.TW,P08_黃金交叉量增,6,66.67,1.41,-4.28,-1.4
3257.TW,P06_價量背離,51,62.75,1.92,-11.7,-1.4
1568.TW,P04_長下影線放量,37,62.16,2.0,-9.55,-1.4
8011.TW,P03_均線支撐放量,36,61.11,2.17,-11.83,-1.4
5519.TW,P02_量增紅K,20,60.0,2.33,-11.33,-1.4
8105.TW,P01_量縮價穩,77,58.44,2.58,-13.77,-1.4
9933.TW,P01_量縮價穩,84,57.14,2.8,-7.27,-1.4
1218.TW,P11_多頭排列紅K,59,54.24,3.32,-8.02,-1.4
2753.TW,P01_量縮價穩,111,54.05,3.35,-6.18,-1.4
3311.TW,P06_價量背離,119,53.78,3.41,-7.31,-1.4
2536.TW,P10_組合訊號,92,53.26,3.52,-5.98,-1.4
2332.TW,P06_價量背離,45,51.11,3.95,-8.06,-1.4
1709.TW,P07_RSI超賣量縮,61,50.82,4.01,-6.85,-1.4
6754.TW,P12_多頭回檔,36,36.11,-3.03,-10.88,-1.4
3005.TW,P02_量增紅K,19,63.16,1.85,-13.89,-1.41
3714.TW,P07_RSI超賣量縮,44,59.09,2.46,-11.16,-1.41
1611.TW,P05_連跌反轉紅K,19,57.89,2.65,-8.16,-1.41
3050.TW,P03_均線支撐放量,47,57.45,2.73,-8.75,-1.41
2838.TW,P08_黃金交叉量增,11,54.55,3.24,-4.2,-1.41
1808.TW,P04_長下影線放量,55,54.55,3.25,-8.82,-1.41
1233.TW,P08_黃金交叉量增,11,54.55,3.24,-2.39,-1.41
5284.TW,P07_RSI超賣量縮,47,53.19,3.5,-13.52,-1.41
6770.TW,P02_量增紅K,14,50.0,4.17,-16.26,-1.41
2891.TW,P03_均線支撐放量,95,49.47,4.31,-6.29,-1.41
1535.TW,P07_RSI超賣量縮,79,49.37,4.32,-7.26,-1.41
1108.TW,P01_量縮價穩,170,47.06,4.87,-7.0,-1.41
6505.TW,P03_均線支撐放量,86,36.05,-1.54,-8.18,-1.41
9944.TW,P12_多頭回檔,86,36.05,-1.27,-7.24,-1.41
3033.TW,P08_黃金交叉量增,8,62.5,1.94,-7.77,-1.42
6834.TW,P07_RSI超賣量縮,72,59.72,2.34,-13.22,-1.42
4588.TW,P05_連跌反轉紅K,14,57.14,2.76,-14.91,-1.42
3090.TW,P02_量增紅K,24,54.17,3.31,-8.66,-1.42
6282.TW,P02_量增紅K,28,53.57,3.41,-10.57,-1.42
2705.TW,P01_量縮價穩,207,52.17,3.7,-8.66,-1.42
6585.TW,P01_量縮價穩,411,51.09,3.92,-8.55,-1.42
2910.TW,P06_價量背離,155,50.97,3.95,-5.03,-1.42
3011.TW,P06_價量背離,73,50.68,4.0,-12.54,-1.42
2439.TW,P10_組合訊號,25,36.0,-2.03,-11.71,-1.42
3703.TW,P03_均線支撐放量,50,36.0,-1.48,-11.61,-1.42
1308.TW,P02_量增紅K,25,36.0,-3.82,-13.96,-1.42
6504.TW,P05_連跌反轉紅K,25,36.0,-4.09,-11.02,-1.42
2702.TW,P03_均線支撐放量,50,36.0,-3.79,-10.8,-1.42
2029.TW,P02_量增紅K,13,76.92,0.24,-6.79,-1.43
6168.TW,P11_多頭排列紅K,46,63.04,1.83,-11.68,-1.43
8271.TW,P02_量增紅K,18,55.56,3.03,-11.99,-1.43
2327.TW,P06_價量背離,29,55.17,3.09,-11.28,-1.43
3024.TW,P11_多頭排列紅K,50,52.0,3.71,-10.61,-1.43
1342.TW,P06_價量背離,106,51.89,3.74,-8.67,-1.43
2891.TW,P12_多頭回檔,89,51.69,3.78,-5.64,-1.43
2886.TW,P12_多頭回檔,100,50.0,4.13,-4.27,-1.43
2317.TW,P10_組合訊號,31,45.16,5.34,-6.96,-1.43
2009.TW,P06_價量背離,93,45.16,5.33,-10.68,-1.43
4532.TW,P06_價量背離,89,35.96,-1.22,-8.79,-1.43
3669.TW,P06_價量背離,110,57.27,2.7,-10.73,-1.44
2012.TW,P04_長下影線放量,51,56.86,2.79,-6.55,-1.44
2324.TW,P12_多頭回檔,75,56.0,2.93,-6.73,-1.44
3257.TW,P12_多頭回檔,39,53.85,3.32,-11.74,-1.44
2536.TW,P01_量縮價穩,214,53.74,3.35,-5.21,-1.44
2887.TW,P12_多頭回檔,94,51.06,3.89,-5.45,-1.44
9946.TW,P01_量縮價穩,142,47.89,4.6,-10.13,-1.44
2748.TW,P04_長下影線放量,38,47.37,4.75,-9.01,-1.44
3045.TW,P08_黃金交叉量增,13,46.15,5.04,-1.79,-1.44
9940.TW,P05_連跌反轉紅K,39,35.9,-0.08,-7.07,-1.44
4108.TW,P01_量縮價穩,117,35.9,-0.96,-10.58,-1.44
1467.TW,P03_均線支撐放量,78,35.9,-3.74,-9.34,-1.44
6505.TW,P07_RSI超賣量縮,53,35.85,-1.8,-10.15,-1.44
1326.TW,P04_長下影線放量,53,35.85,-1.62,-8.35,-1.44
8462.TW,P04_長下影線放量,33,60.61,2.16,-9.07,-1.45
5531.TW,P01_量縮價穩,161,58.39,2.5,-8.33,-1.45
3056.TW,P02_量增紅K,20,55.0,3.09,-8.8,-1.45
6201.TW,P01_量縮價穩,223,47.09,4.8,-4.33,-1.45
2739.TW,P11_多頭排列紅K,48,41.67,6.31,-13.72,-1.45
1527.TW,P06_價量背離,120,35.83,-0.02,-6.69,-1.45
1904.TW,P02_量增紅K,13,69.23,1.0,-9.47,-1.46
2417.TW,P02_量增紅K,33,60.61,2.14,-13.71,-1.46
6177.TW,P11_多頭排列紅K,47,57.45,2.65,-8.24,-1.46
1809.TW,P04_長下影線放量,23,56.52,2.79,-12.3,-1.46
8213.TW,P12_多頭回檔,62,54.84,3.1,-7.44,-1.46
2886.TW,P02_量增紅K,6,50.0,4.09,-3.49,-1.46
2347.TW,P09_量縮後爆量紅K,2,50.0,4.08,-7.8,-1.46
2850.TW,P05_連跌反轉紅K,20,50.0,4.08,-5.42,-1.46
3028.TW,P02_量增紅K,15,46.67,4.88,-6.37,-1.46
5388.TW,P02_量增紅K,14,35.71,-4.72,-14.15,-1.46
6806.TW,P04_長下影線放量,14,35.71,-12.77,-21.55,-1.46
2762.TW,P12_多頭回檔,14,35.71,-2.0,-9.46,-1.46
5471.TW,P02_量增紅K,14,35.71,-1.89,-14.1,-1.46
1455.TW,P02_量增紅K,14,35.71,-0.45,-17.32,-1.46
6689.TW,P09_量縮後爆量紅K,14,35.71,-9.54,-18.64,-1.46
9935.TW,P08_黃金交叉量增,14,35.71,-4.67,-12.32,-1.46
2115.TW,P08_黃金交叉量增,14,35.71,-0.45,-8.18,-1.46
7732.TW,P09_量縮後爆量紅K,14,35.71,-3.69,-10.98,-1.46
4560.TW,P05_連跌反轉紅K,28,35.71,-0.36,-5.38,-1.46
3015.TW,P08_黃金交叉量增,6,66.67,1.3,-11.45,-1.47
9938.TW,P04_長下影線放量,42,64.29,1.61,-10.55,-1.47
3002.TW,P02_量增紅K,22,63.64,1.69,-9.31,-1.47
6416.TW,P07_RSI超賣量縮,68,58.82,2.39,-9.26,-1.47
2495.TW,P01_量縮價穩,95,56.84,2.73,-9.29,-1.47
2488.TW,P11_多頭排列紅K,47,53.19,3.4,-5.53,-1.47
2007.TW,P11_多頭排列紅K,47,48.94,4.31,-15.54,-1.47
2511.TW,P09_量縮後爆量紅K,8,62.5,1.84,-4.37,-1.48
8473.TW,P02_量增紅K,20,60.0,2.19,-10.12,-1.48
2543.TW,P03_均線支撐放量,58,56.9,2.7,-6.5,-1.48
2354.TW,P07_RSI超賣量縮,37,56.76,2.72,-10.77,-1.48
3419.TW,P01_量縮價穩,97,56.7,2.74,-12.42,-1.48
3557.TW,P07_RSI超賣量縮,83,56.63,2.76,-14.03,-1.48
2395.TW,P01_量縮價穩,53,56.6,2.75,-8.93,-1.48
8213.TW,P10_組合訊號,55,56.36,2.8,-7.78,-1.48
2882.TW,P10_組合訊號,35,54.29,3.17,-8.13,-1.48
910322.TW,P07_RSI超賣量縮,73,53.42,3.34,-8.12,-1.48
6477.TW,P03_均線支撐放量,25,52.0,3.61,-12.79,-1.48
2524.TW,P10_組合訊號,66,51.52,3.72,-6.63,-1.48
2609.TW,P12_多頭回檔,30,50.0,4.03,-14.5,-1.48
2466.TW,P06_價量背離,49,48.98,4.26,-5.2,-1.48
3034.TW,P07_RSI超賣量縮,43,46.51,4.86,-14.28,-1.48
6807.TW,P01_量縮價穩,108,46.3,4.92,-11.11,-1.48
5525.TW,P12_多頭回檔,90,45.56,5.12,-4.51,-1.48
4930.TW,P05_連跌反轉紅K,33,45.45,5.13,-10.1,-1.48
2913.TW,P11_多頭排列紅K,73,35.62,-0.96,-8.72,-1.48
1527.TW,P10_組合訊號,73,35.62,-0.9,-6.84,-1.48
9941.TW,P06_價量背離,59,35.59,-0.63,-13.39,-1.48
4108.TW,P10_組合訊號,59,35.59,-0.52,-9.79,-1.48
4551.TW,P05_連跌反轉紅K,26,65.38,1.43,-13.77,-1.49
1597.TW,P03_均線支撐放量,46,65.22,1.45,-8.52,-1.49
6415.TW,P05_連跌反轉紅K,36,63.89,1.62,-20.75,-1.49
2890.TW,P08_黃金交叉量增,11,63.64,1.67,-7.89,-1.49
3694.TW,P05_連跌反轉紅K,33,63.64,1.66,-15.16,-1.49
2392.TW,P11_多頭排列紅K,32,62.5,1.82,-11.72,-1.49
2440.TW,P12_多頭回檔,40,60.0,2.18,-10.35,-1.49
6168.TW,P06_價量背離,69,57.97,2.5,-11.92,-1.49
2228.TW,P12_多頭回檔,30,53.33,3.34,-7.83,-1.49
2851.TW,P12_多頭回檔,94,53.19,3.36,-6.02,-1.49
2634.TW,P01_量縮價穩,81,53.09,3.39,-6.64,-1.49
2340.TW,P11_多頭排列紅K,35,51.43,3.71,-13.49,-1.49
3533.TW,P10_組合訊號,18,50.0,4.02,-18.08,-1.49
2363.TW,P12_多頭回檔,28,50.0,4.03,-14.1,-1.49
2427.TW,P06_價量背離,133,45.11,5.22,-5.3,-1.49
6592.TW,P06_價量背離,43,44.19,5.47,-7.36,-1.49
1326.TW,P05_連跌反轉紅K,45,35.56,-1.99,-10.64,-1.49
1702.TW,P04_長下影線放量,45,35.56,-0.3,-6.32,-1.49
6781.TW,P09_量縮後爆量紅K,6,66.67,1.25,-15.23,-1.5
3645.TW,P11_多頭排列紅K,50,66.0,1.34,-14.27,-1.5
5215.TW,P07_RSI超賣量縮,74,62.16,1.84,-14.24,-1.5
4137.TW,P10_組合訊號,48,60.42,2.1,-7.67,-1.5
6449.TW,P08_黃金交叉量增,5,60.0,2.17,-6.93,-1.5
6670.TW,P11_多頭排列紅K,59,57.63,2.54,-7.88,-1.5
2441.TW,P06_價量背離,43,55.81,2.86,-7.91,-1.5
2204.TW,P07_RSI超賣量縮,66,53.03,3.38,-11.6,-1.5
9904.TW,P07_RSI超賣量縮,30,50.0,4.0,-8.74,-1.5
2247.TW,P01_量縮價穩,205,48.78,4.27,-4.09,-1.5
2002.TW,P11_多頭排列紅K,62,35.48,-3.59,-8.44,-1.5
2208.TW,P12_多頭回檔,31,35.48,-0.16,-10.56,-1.5
2104.TW,P05_連跌反轉紅K,31,35.48,-3.98,-12.29,-1.5
6108.TW,P03_均線支撐放量,62,35.48,-2.75,-10.36,-1.5
1416.TW,P10_組合訊號,62,35.48,-0.52,-6.96,-1.5
1762.TW,P05_連跌反轉紅K,31,35.48,-1.92,-12.94,-1.5
1338.TW,P11_多頭排列紅K,31,35.48,-7.31,-19.14,-1.5
6914.TW,P01_量縮價穩,38,65.79,1.34,-9.09,-1.51
2480.TW,P08_黃金交叉量增,11,63.64,1.63,-4.87,-1.51
6165.TW,P02_量增紅K,23,60.87,2.02,-13.98,-1.51
9938.TW,P03_均線支撐放量,23,56.52,2.71,-9.67,-1.51
1718.TW,P07_RSI超賣量縮,65,55.38,2.91,-7.49,-1.51
3042.TW,P03_均線支撐放量,39,53.85,3.2,-7.73,-1.51
5285.TW,P06_價量背離,83,53.01,3.36,-11.43,-1.51
2362.TW,P02_量增紅K,23,52.17,3.52,-10.1,-1.51
1604.TW,P01_量縮價穩,157,50.32,3.9,-3.58,-1.51
5880.TW,P05_連跌反轉紅K,32,50.0,3.99,-5.44,-1.51
2476.TW,P12_多頭回檔,43,46.51,4.81,-7.93,-1.51
3026.TW,P11_多頭排列紅K,44,45.45,5.08,-7.86,-1.51
2207.TW,P11_多頭排列紅K,91,43.96,5.48,-8.92,-1.51
2392.TW,P10_組合訊號,41,43.9,5.51,-10.19,-1.51
4581.TW,P06_價量背離,79,35.44,-1.1,-6.92,-1.51
4438.TW,P12_多頭回檔,48,35.42,-0.04,-8.25,-1.51
4960.TW,P03_均線支撐放量,33,66.67,1.22,-12.72,-1.52
3060.TW,P11_多頭排列紅K,28,64.29,1.52,-11.4,-1.52
2302.TW,P06_價量背離,77,63.64,1.62,-11.04,-1.52
3038.TW,P08_黃金交叉量增,12,58.33,2.39,-12.11,-1.52
1454.TW,P11_多頭排列紅K,39,51.28,3.69,-8.81,-1.52
2347.TW,P03_均線支撐放量,88,51.14,3.72,-5.79,-1.52
4557.TW,P11_多頭排列紅K,46,50.0,3.96,-6.77,-1.52
1236.TW,P11_多頭排列紅K,53,49.06,4.18,-5.41,-1.52
7795.TW,P06_價量背離,17,41.18,6.32,-14.59,-1.52
8463.TW,P02_量增紅K,16,37.5,7.63,-9.7,-1.52
8466.TW,P07_RSI超賣量縮,82,35.37,-2.22,-10.0,-1.52
6742.TW,P02_量增紅K,14,71.43,0.65,-15.3,-1.53
4526.TW,P03_均線支撐放量,55,60.0,2.12,-9.39,-1.53
910322.TW,P12_多頭回檔,62,58.06,2.41,-9.09,-1.53
8463.TW,P04_長下影線放量,41,56.1,2.75,-11.56,-1.53
1203.TW,P02_量增紅K,59,54.24,3.08,-5.1,-1.53
6558.TW,P05_連跌反轉紅K,31,51.61,3.61,-18.72,-1.53
3167.TW,P12_多頭回檔,35,48.57,4.25,-12.19,-1.53
2887.TW,P01_量縮價穩,79,48.1,4.37,-5.16,-1.53
2543.TW,P04_長下影線放量,40,47.5,4.52,-7.7,-1.53
2883.TW,P07_RSI超賣量縮,34,35.29,-2.3,-10.63,-1.53
6592.TW,P05_連跌反轉紅K,34,35.29,-3.86,-13.28,-1.53
2106.TW,P07_RSI超賣量縮,68,35.29,-0.23,-7.69,-1.53
2103.TW,P01_量縮價穩,102,35.29,-1.84,-12.1,-1.53
7765.TW,P06_價量背離,17,35.29,-6.9,-12.41,-1.53
4306.TW,P04_長下影線放量,34,35.29,-0.25,-6.56,-1.53
4720.TW,P02_量增紅K,17,35.29,-5.08,-12.75,-1.53
2406.TW,P03_均線支撐放量,37,59.46,2.19,-17.06,-1.54
1101.TW,P05_連跌反轉紅K,35,57.14,2.55,-6.45,-1.54
3094.TW,P04_長下影線放量,30,56.67,2.64,-13.16,-1.54
4952.TW,P06_價量背離,81,54.32,3.06,-10.86,-1.54
2323.TW,P06_價量背離,53,52.83,3.33,-11.57,-1.54
4904.TW,P09_量縮後爆量紅K,4,50.0,3.92,-3.01,-1.54
2010.TW,P03_均線支撐放量,58,48.28,4.31,-5.89,-1.54
1108.TW,P04_長下影線放量,60,45.0,5.14,-5.22,-1.54
2609.TW,P01_量縮價穩,64,40.62,6.44,-12.49,-1.54
6504.TW,P01_量縮價穩,142,35.21,-2.92,-10.2,-1.54
1416.TW,P03_均線支撐放量,71,35.21,-0.03,-7.08,-1.54
3023.TW,P04_長下影線放量,50,60.0,2.08,-10.89,-1.55
2303.TW,P11_多頭排列紅K,46,58.7,2.28,-9.97,-1.55
6768.TW,P09_量縮後爆量紅K,12,58.33,2.35,-7.13,-1.55
1319.TW,P12_多頭回檔,39,56.41,2.67,-11.4,-1.55
9906.TW,P07_RSI超賣量縮,79,55.7,2.79,-11.98,-1.55
2228.TW,P03_均線支撐放量,31,51.61,3.57,-7.04,-1.55
2002.TW,P07_RSI超賣量縮,76,46.05,4.82,-6.21,-1.55
6192.TW,P11_多頭排列紅K,54,35.19,-0.15,-9.61,-1.55
1905.TW,P12_多頭回檔,37,35.14,-5.78,-12.01,-1.55
6504.TW,P04_長下影線放量,37,35.14,-4.23,-10.82,-1.55
2324.TW,P10_組合訊號,35,62.86,1.66,-7.13,-1.56
910861.TW,P07_RSI超賣量縮,88,62.5,1.7,-10.11,-1.56
3557.TW,P01_量縮價穩,181,58.01,2.38,-11.71,-1.56
3257.TW,P11_多頭排列紅K,48,56.25,2.66,-11.1,-1.56
9927.TW,P11_多頭排列紅K,57,56.14,2.69,-6.41,-1.56
3054.TW,P10_組合訊號,92,55.43,2.81,-6.16,-1.56
2423.TW,P03_均線支撐放量,87,54.02,3.07,-7.79,-1.56
2610.TW,P08_黃金交叉量增,14,50.0,3.89,-11.48,-1.56
3702.TW,P08_黃金交叉量增,8,50.0,3.88,-8.77,-1.56
8072.TW,P06_價量背離,138,50.0,3.89,-5.77,-1.56
3058.TW,P06_價量背離,134,35.07,-1.6,-13.02,-1.56
1752.TW,P04_長下影線放量,18,33.33,9.33,-8.04,-1.56
4569.TW,P02_量增紅K,7,71.43,0.6,-7.06,-1.57
1590.TW,P10_組合訊號,40,70.0,0.76,-13.92,-1.57
2762.TW,P04_長下影線放量,12,66.67,1.15,-6.72,-1.57
2401.TW,P12_多頭回檔,25,64.0,1.49,-13.9,-1.57
2905.TW,P02_量增紅K,14,57.14,2.5,-9.02,-1.57
3447.TW,P01_量縮價穩,78,55.13,2.86,-13.03,-1.57
6754.TW,P03_均線支撐放量,51,54.9,2.89,-7.43,-1.57
6192.TW,P05_連跌反轉紅K,29,51.72,3.51,-7.17,-1.57
1438.TW,P05_連跌反轉紅K,31,51.61,3.53,-11.32,-1.57
3669.TW,P10_組合訊號,45,51.11,3.62,-10.55,-1.57
2466.TW,P03_均線支撐放量,150,48.67,4.15,-4.53,-1.57
1711.TW,P10_組合訊號,36,47.22,4.49,-9.28,-1.57
2516.TW,P01_量縮價穩,201,44.78,5.12,-8.04,-1.57
4912.TW,P06_價量背離,63,63.49,1.54,-14.87,-1.58
910861.TW,P06_價量背離,92,59.78,2.07,-11.06,-1.58
1342.TW,P02_量增紅K,22,59.09,2.17,-9.87,-1.58
3669.TW,P07_RSI超賣量縮,88,56.82,2.54,-11.82,-1.58
1810.TW,P06_價量背離,134,47.01,4.53,-7.36,-1.58
2108.TW,P03_均線支撐放量,43,41.86,5.95,-11.5,-1.58
1789.TW,P04_長下影線放量,20,35.0,-3.32,-10.97,-1.58
1313.TW,P10_組合訊號,40,35.0,-1.2,-12.37,-1.58
1558.TW,P02_量增紅K,20,35.0,-1.04,-6.34,-1.58
4119.TW,P03_均線支撐放量,40,35.0,-1.34,-10.55,-1.58
1472.TW,P03_均線支撐放量,60,35.0,-2.91,-14.07,-1.58
6807.TW,P02_量增紅K,20,35.0,-1.32,-13.58,-1.58
2634.TW,P03_均線支撐放量,33,66.67,1.12,-7.94,-1.59
2351.TW,P03_均線支撐放量,21,61.9,1.74,-16.74,-1.59
6830.TW,P10_組合訊號,24,58.33,2.27,-13.39,-1.59
8163.TW,P07_RSI超賣量縮,43,58.14,2.31,-10.19,-1.59
8016.TW,P01_量縮價穩,62,58.06,2.32,-11.68,-1.59
2474.TW,P05_連跌反轉紅K,21,57.14,2.47,-7.1,-1.59
2420.TW,P03_均線支撐放量,64,53.12,3.18,-6.64,-1.59
2608.TW,P07_RSI超賣量縮,48,50.0,3.83,-6.14,-1.59
4906.TW,P09_量縮後爆量紅K,6,50.0,3.83,-8.93,-1.59
6534.TW,P03_均線支撐放量,31,48.39,4.18,-6.78,-1.59
2727.TW,P03_均線支撐放量,43,34.88,-1.51,-13.77,-1.59
2029.TW,P12_多頭回檔,43,34.88,-1.72,-9.04,-1.59
6120.TW,P01_量縮價穩,61,70.49,0.66,-13.32,-1.6
1531.TW,P09_量縮後爆量紅K,3,66.67,1.1,-8.73,-1.6
2353.TW,P07_RSI超賣量縮,27,62.96,1.58,-8.91,-1.6
2258.TW,P01_量縮價穩,34,61.76,1.75,-11.22,-1.6
1409.TW,P11_多頭排列紅K,52,57.69,2.36,-8.21,-1.6
5203.TW,P01_量縮價穩,140,54.29,2.95,-8.45,-1.6
1721.TW,P02_量增紅K,27,51.85,3.42,-8.78,-1.6
2024.TW,P09_量縮後爆量紅K,27,51.85,3.42,-7.56,-1.6
2015.TW,P09_量縮後爆量紅K,4,50.0,3.81,-4.0,-1.6
5876.TW,P12_多頭回檔,91,49.45,3.92,-6.22,-1.6
1604.TW,P12_多頭回檔,82,48.78,4.06,-4.35,-1.6
7730.TW,P01_量縮價穩,40,40.0,6.5,-13.85,-1.6
2489.TW,P06_價量背離,66,34.85,-1.55,-13.71,-1.6
2069.TW,P05_連跌反轉紅K,23,69.57,0.75,-12.7,-1.61
1626.TW,P11_多頭排列紅K,25,60.0,1.99,-8.39,-1.61
4927.TW,P07_RSI超賣量縮,64,57.81,2.32,-13.92,-1.61
2031.TW,P11_多頭排列紅K,35,57.14,2.43,-12.74,-1.61
2449.TW,P03_均線支撐放量,20,55.0,2.81,-11.86,-1.61
5607.TW,P03_均線支撐放量,40,55.0,2.8,-11.42,-1.61
1809.TW,P03_均線支撐放量,31,54.84,2.84,-13.2,-1.61
3266.TW,P03_均線支撐放量,83,54.22,2.94,-6.28,-1.61
3694.TW,P03_均線支撐放量,25,52.0,3.36,-13.84,-1.61
2022.TW,P11_多頭排列紅K,37,51.35,3.5,-15.59,-1.61
2618.TW,P02_量增紅K,16,50.0,3.77,-10.98,-1.61
9904.TW,P05_連跌反轉紅K,26,50.0,3.78,-9.13,-1.61
8926.TW,P07_RSI超賣量縮,46,50.0,3.79,-3.84,-1.61
2392.TW,P07_RSI超賣量縮,54,50.0,3.78,-11.55,-1.61
2886.TW,P11_多頭排列紅K,124,49.19,3.96,-4.63,-1.61
9902.TW,P03_均線支撐放量,61,49.18,3.97,-5.65,-1.61
3528.TW,P06_價量背離,136,46.32,4.64,-4.02,-1.61
2206.TW,P05_連跌反轉紅K,23,34.78,-1.37,-8.21,-1.61
2867.TW,P05_連跌反轉紅K,46,34.78,-2.29,-10.56,-1.61
2419.TW,P04_長下影線放量,23,34.78,-3.97,-11.16,-1.61
9110.TW,P05_連跌反轉紅K,46,34.78,-4.56,-18.06,-1.61
4414.TW,P11_多頭排列紅K,23,34.78,-11.33,-22.33,-1.61
2032.TW,P11_多頭排列紅K,33,63.64,1.46,-11.0,-1.62
4581.TW,P07_RSI超賣量縮,37,62.16,1.65,-3.88,-1.62
4958.TW,P04_長下影線放量,52,57.69,2.33,-11.25,-1.62
3702.TW,P04_長下影線放量,58,53.45,3.06,-5.56,-1.62
4952.TW,P05_連跌反轉紅K,30,53.33,3.09,-9.37,-1.62
8112.TW,P03_均線支撐放量,35,51.43,3.46,-7.97,-1.62
6024.TW,P12_多頭回檔,104,49.04,3.98,-3.74,-1.62
8072.TW,P01_量縮價穩,167,47.31,4.38,-6.85,-1.62
2414.TW,P11_多頭排列紅K,60,46.67,4.52,-4.98,-1.62
6807.TW,P10_組合訊號,33,45.45,4.84,-9.91,-1.62
1615.TW,P08_黃金交叉量增,6,66.67,1.06,-9.35,-1.63
6830.TW,P06_價量背離,37,64.86,1.27,-13.91,-1.63
8163.TW,P03_均線支撐放量,45,60.0,1.96,-10.25,-1.63
1473.TW,P01_量縮價穩,163,52.76,3.17,-7.22,-1.63
6202.TW,P06_價量背離,59,52.54,3.21,-9.24,-1.63
2880.TW,P11_多頭排列紅K,106,50.94,3.55,-4.33,-1.63
6133.TW,P12_多頭回檔,55,50.91,3.54,-8.34,-1.63
3028.TW,P04_長下影線放量,57,50.88,3.55,-5.49,-1.63
2404.TW,P08_黃金交叉量增,4,50.0,3.75,-15.68,-1.63
2362.TW,P03_均線支撐放量,71,49.3,3.9,-5.96,-1.63
2430.TW,P08_黃金交叉量增,7,42.86,5.53,-6.04,-1.63
3706.TW,P03_均線支撐放量,31,41.94,5.8,-6.29,-1.63
6504.TW,P07_RSI超賣量縮,75,34.67,-3.86,-11.68,-1.63
2712.TW,P10_組合訊號,101,34.65,-5.32,-12.91,-1.63
1589.TW,P02_量增紅K,26,34.62,-12.07,-20.27,-1.63
4960.TW,P12_多頭回檔,38,65.79,1.15,-10.22,-1.64
2702.TW,P08_黃金交叉量增,12,58.33,2.19,-11.05,-1.64
1432.TW,P11_多頭排列紅K,69,55.07,2.73,-12.25,-1.64
9933.TW,P11_多頭排列紅K,53,54.72,2.79,-6.96,-1.64
1603.TW,P12_多頭回檔,37,54.05,2.92,-9.37,-1.64
2884.TW,P05_連跌反轉紅K,45,53.33,3.05,-6.23,-1.64
1210.TW,P06_價量背離,87,52.87,3.14,-4.56,-1.64
2114.TW,P03_均線支撐放量,104,51.92,3.32,-4.65,-1.64
2704.TW,P03_均線支撐放量,100,51.0,3.52,-6.07,-1.64
2247.TW,P11_多頭排列紅K,51,50.98,3.52,-6.42,-1.64
6176.TW,P06_價量背離,40,50.0,3.71,-9.19,-1.64
2704.TW,P04_長下影線放量,59,45.76,4.71,-7.41,-1.64
9930.TW,P07_RSI超賣量縮,40,45.0,4.91,-3.37,-1.64
2314.TW,P07_RSI超賣量縮,71,69.01,0.75,-18.06,-1.65
3673.TW,P02_量增紅K,16,68.75,0.78,-8.86,-1.65
2440.TW,P09_量縮後爆量紅K,11,63.64,1.41,-12.69,-1.65
2481.TW,P06_價量背離,47,59.57,1.98,-13.27,-1.65
9934.TW,P04_長下影線放量,66,59.09,2.06,-7.52,-1.65
4927.TW,P06_價量背離,57,57.89,2.24,-15.26,-1.65
2484.TW,P10_組合訊號,52,57.69,2.27,-10.35,-1.65
2505.TW,P05_連跌反轉紅K,27,55.56,2.63,-11.39,-1.65
2364.TW,P09_量縮後爆量紅K,11,36.36,7.72,-24.44,-1.65
2029.TW,P10_組合訊號,55,34.55,-1.37,-8.2,-1.65
1467.TW,P06_價量背離,171,34.5,-0.01,-7.71,-1.65
3356.TW,P04_長下影線放量,19,68.42,0.81,-15.37,-1.66
6438.TW,P09_量縮後爆量紅K,12,66.67,1.01,-16.48,-1.66
2606.TW,P03_均線支撐放量,35,62.86,1.5,-11.15,-1.66
2030.TW,P02_量增紅K,16,62.5,1.54,-7.04,-1.66
4722.TW,P10_組合訊號,52,55.77,2.57,-5.88,-1.66
3296.TW,P12_多頭回檔,44,54.55,2.79,-10.9,-1.66
6949.TW,P07_RSI超賣量縮,37,48.65,3.97,-19.04,-1.66
4555.TW,P07_RSI超賣量縮,52,46.15,4.56,-6.75,-1.66
2109.TW,P08_黃金交叉量增,9,44.44,5.03,-6.64,-1.66
2332.TW,P02_量增紅K,29,34.48,-4.82,-15.33,-1.66
4994.TW,P11_多頭排列紅K,29,34.48,-1.84,-13.13,-1.66
1455.TW,P12_多頭回檔,29,34.48,-3.56,-10.6,-1.66
2910.TW,P05_連跌反轉紅K,29,34.48,-2.28,-8.35,-1.66
4557.TW,P12_多頭回檔,58,34.48,-0.46,-6.83,-1.66
4942.TW,P10_組合訊號,61,34.43,-1.08,-8.24,-1.66
2612.TW,P12_多頭回檔,26,69.23,0.7,-12.72,-1.67
3060.TW,P10_組合訊號,36,61.11,1.73,-9.19,-1.67
3356.TW,P01_量縮價穩,81,59.26,1.99,-12.6,-1.67
2102.TW,P11_多頭排列紅K,53,58.49,2.11,-10.07,-1.67
6805.TW,P04_長下影線放量,7,57.14,2.34,-24.61,-1.67
3005.TW,P03_均線支撐放量,36,55.56,2.59,-10.08,-1.67
5306.TW,P02_量增紅K,9,55.56,2.59,-8.6,-1.67
2014.TW,P01_量縮價穩,89,53.93,2.89,-13.03,-1.67
1536.TW,P07_RSI超賣量縮,60,53.33,3.0,-10.14,-1.67
6722.TW,P02_量增紅K,22,50.0,3.67,-5.94,-1.67
1445.TW,P03_均線支撐放量,105,46.67,4.42,-7.72,-1.67
4737.TW,P08_黃金交叉量增,9,44.44,5.0,-10.5,-1.67
2514.TW,P02_量增紅K,32,34.38,-0.2,-8.45,-1.67
8072.TW,P04_長下影線放量,32,34.38,-0.74,-6.99,-1.67
8374.TW,P02_量增紅K,29,72.41,0.35,-11.36,-1.68
1470.TW,P05_連跌反轉紅K,18,66.67,0.97,-7.26,-1.68
6796.TW,P11_多頭排列紅K,32,65.62,1.1,-10.9,-1.68
3591.TW,P01_量縮價穩,128,62.5,1.5,-11.04,-1.68
1597.TW,P11_多頭排列紅K,33,60.61,1.78,-12.86,-1.68
2367.TW,P10_組合訊號,24,58.33,2.12,-12.4,-1.68
4557.TW,P10_組合訊號,64,57.81,2.2,-7.65,-1.68
1439.TW,P03_均線支撐放量,72,56.94,2.35,-6.36,-1.68
8021.TW,P03_均線支撐放量,44,56.82,2.36,-9.38,-1.68
4155.TW,P04_長下影線放量,34,55.88,2.52,-8.68,-1.68
4956.TW,P02_量增紅K,38,55.26,2.63,-16.61,-1.68
2204.TW,P01_量縮價穩,101,52.48,3.13,-10.8,-1.68
8462.TW,P03_均線支撐放量,37,51.35,3.35,-11.68,-1.68
1454.TW,P08_黃金交叉量增,10,50.0,3.64,-6.21,-1.68
2069.TW,P12_多頭回檔,33,45.45,4.7,-10.21,-1.68
2029.TW,P03_均線支撐放量,67,34.33,-0.09,-7.67,-1.68
6789.TW,P03_均線支撐放量,18,66.67,0.97,-18.64,-1.69
4576.TW,P07_RSI超賣量縮,80,63.75,1.33,-11.37,-1.69
2367.TW,P03_均線支撐放量,27,59.26,1.95,-12.7,-1.69
2440.TW,P01_量縮價穩,150,58.67,2.04,-13.27,-1.69
1786.TW,P10_組合訊號,53,54.72,2.7,-10.66,-1.69
3008.TW,P07_RSI超賣量縮,28,53.57,2.91,-12.17,-1.69
1727.TW,P01_量縮價穩,148,44.59,4.91,-9.53,-1.69
1598.TW,P06_價量背離,70,34.29,-2.18,-14.06,-1.69
6754.TW,P06_價量背離,105,34.29,-2.46,-9.21,-1.69
1521.TW,P12_多頭回檔,70,34.29,-0.4,-7.42,-1.69
3011.TW,P02_量增紅K,34,64.71,1.19,-14.04,-1.7
6782.TW,P11_多頭排列紅K,37,62.16,1.53,-17.36,-1.7
3437.TW,P01_量縮價穩,85,60.0,1.83,-13.57,-1.7
6224.TW,P07_RSI超賣量縮,71,57.75,2.18,-10.01,-1.7
3563.TW,P09_量縮後爆量紅K,7,57.14,2.28,-14.08,-1.7
6715.TW,P06_價量背離,45,55.56,2.54,-16.27,-1.7
3266.TW,P01_量縮價穩,227,52.42,3.11,-6.54,-1.7
1437.TW,P03_均線支撐放量,109,51.38,3.31,-5.86,-1.7
1535.TW,P10_組合訊號,90,51.11,3.36,-5.58,-1.7
910861.TW,P10_組合訊號,61,50.82,3.43,-11.53,-1.7
1203.TW,P12_多頭回檔,137,48.91,3.83,-4.18,-1.7
1419.TW,P07_RSI超賣量縮,35,45.71,4.6,-3.86,-1.7
5608.TW,P10_組合訊號,38,34.21,-8.14,-17.96,-1.7
6625.TW,P07_RSI超賣量縮,81,59.26,1.93,-11.14,-1.71
1535.TW,P01_量縮價穩,182,51.65,3.25,-5.58,-1.71
5531.TW,P06_價量背離,144,50.69,3.44,-7.16,-1.71
8422.TW,P08_黃金交叉量增,12,50.0,3.57,-5.42,-1.71
2459.TW,P03_均線支撐放量,92,47.83,4.05,-4.73,-1.71
8499.TW,P01_量縮價穩,137,47.45,4.14,-8.9,-1.71
1339.TW,P12_多頭回檔,71,45.07,4.73,-9.24,-1.71
1517.TW,P05_連跌反轉紅K,20,45.0,4.75,-12.04,-1.71
1310.TW,P03_均線支撐放量,41,34.15,-5.9,-12.35,-1.71
1229.TW,P03_均線支撐放量,66,59.09,1.93,-7.01,-1.72
3712.TW,P07_RSI超賣量縮,76,57.89,2.12,-18.46,-1.72
6456.TW,P07_RSI超賣量縮,51,50.98,3.36,-12.16,-1.72
2371.TW,P09_量縮後爆量紅K,6,50.0,3.57,-13.21,-1.72
3030.TW,P09_量縮後爆量紅K,4,50.0,3.55,-4.15,-1.72
4935.TW,P12_多頭回檔,42,50.0,3.57,-10.84,-1.72
2414.TW,P03_均線支撐放量,75,49.33,3.71,-4.57,-1.72
6116.TW,P01_量縮價穩,62,48.39,3.91,-11.6,-1.72
6605.TW,P06_價量背離,74,43.24,5.21,-7.83,-1.72
1227.TW,P04_長下影線放量,44,34.09,-0.26,-7.45,-1.72
9941.TW,P10_組合訊號,47,34.04,-2.16,-12.21,-1.72
6790.TW,P03_均線支撐放量,47,34.04,-1.42,-7.09,-1.72
8404.TW,P12_多頭回檔,47,34.04,-0.01,-11.63,-1.72
4552.TW,P12_多頭回檔,47,34.04,-3.38,-10.99,-1.72
2233.TW,P11_多頭排列紅K,51,74.51,0.08,-13.51,-1.73
3002.TW,P08_黃金交叉量增,9,66.67,0.91,-9.24,-1.73
2365.TW,P12_多頭回檔,41,58.54,2.0,-13.32,-1.73
6834.TW,P02_量增紅K,12,58.33,2.03,-11.72,-1.73
3376.TW,P03_均線支撐放量,30,56.67,2.3,-9.17,-1.73
910322.TW,P01_量縮價穩,316,56.65,2.3,-9.11,-1.73
2881.TW,P11_多頭排列紅K,70,51.43,3.25,-6.74,-1.73
3645.TW,P05_連跌反轉紅K,30,50.0,3.53,-15.31,-1.73
1451.TW,P08_黃金交叉量增,8,50.0,3.54,-8.42,-1.73
2029.TW,P06_價量背離,113,47.79,4.03,-6.94,-1.73
2509.TW,P07_RSI超賣量縮,100,34.0,-1.48,-8.67,-1.73
2616.TW,P11_多頭排列紅K,50,34.0,-0.29,-4.3,-1.73
8110.TW,P10_組合訊號,30,60.0,1.77,-13.09,-1.74
2424.TW,P01_量縮價穩,349,56.73,2.27,-14.83,-1.74
1808.TW,P02_量增紅K,25,56.0,2.39,-8.59,-1.74
9136.TW,P07_RSI超賣量縮,77,54.55,2.65,-8.86,-1.74
2208.TW,P06_價量背離,133,51.88,3.13,-8.74,-1.74
2109.TW,P04_長下影線放量,56,48.21,3.9,-7.68,-1.74
8422.TW,P03_均線支撐放量,84,44.05,4.93,-4.29,-1.74
1227.TW,P12_多頭回檔,53,33.96,-0.09,-6.7,-1.74
4190.TW,P06_價量背離,106,33.96,-0.29,-10.29,-1.74
2867.TW,P04_長下影線放量,56,33.93,-2.95,-10.27,-1.74
1626.TW,P10_組合訊號,56,33.93,-0.98,-10.6,-1.74
1325.TW,P07_RSI超賣量縮,115,33.91,-8.55,-17.24,-1.74
2534.TW,P07_RSI超賣量縮,74,67.57,0.78,-8.65,-1.75
3652.TW,P02_量增紅K,27,66.67,0.87,-11.21,-1.75
3034.TW,P10_組合訊號,27,62.96,1.33,-14.07,-1.75
3591.TW,P11_多頭排列紅K,45,62.22,1.44,-13.35,-1.75
2476.TW,P07_RSI超賣量縮,49,59.18,1.86,-11.77,-1.75
2049.TW,P03_均線支撐放量,42,57.14,2.2,-12.87,-1.75
2231.TW,P09_量縮後爆量紅K,9,55.56,2.45,-12.02,-1.75
5469.TW,P01_量縮價穩,67,53.73,2.78,-11.21,-1.75
2468.TW,P01_量縮價穩,149,53.69,2.77,-7.57,-1.75
5203.TW,P03_均線支撐放量,41,53.66,2.78,-8.61,-1.75
6606.TW,P09_量縮後爆量紅K,19,52.63,2.97,-3.0,-1.75
2880.TW,P01_量縮價穩,81,51.85,3.12,-4.84,-1.75
2536.TW,P05_連跌反轉紅K,31,51.61,3.17,-6.15,-1.75
3454.TW,P09_量縮後爆量紅K,4,50.0,3.51,-7.09,-1.75
1473.TW,P06_價量背離,113,47.79,3.98,-5.71,-1.75
1532.TW,P06_價量背離,87,45.98,4.42,-8.11,-1.75
2524.TW,P06_價量背離,145,44.83,4.7,-8.17,-1.75
2489.TW,P04_長下影線放量,27,44.44,4.81,-11.53,-1.75
2028.TW,P06_價量背離,114,57.89,2.04,-9.3,-1.76
3033.TW,P01_量縮價穩,103,52.43,2.99,-7.23,-1.76
9946.TW,P10_組合訊號,45,51.11,3.25,-9.26,-1.76
2101.TW,P12_多頭回檔,40,50.0,3.48,-7.97,-1.76
3702.TW,P12_多頭回檔,75,48.0,3.91,-5.56,-1.76
1309.TW,P12_多頭回檔,33,45.45,4.53,-11.07,-1.76
1402.TW,P07_RSI超賣量縮,31,45.16,4.61,-4.76,-1.76
9911.TW,P10_組合訊號,62,43.55,5.03,-2.82,-1.76
2727.TW,P10_組合訊號,37,43.24,5.13,-11.91,-1.76
6534.TW,P08_黃金交叉量增,5,40.0,6.1,-8.42,-1.76
2109.TW,P03_均線支撐放量,68,33.82,-0.09,-7.85,-1.76
6534.TW,P05_連跌反轉紅K,6,66.67,0.85,-5.59,-1.77
3704.TW,P06_價量背離,51,60.78,1.6,-11.5,-1.77
2882.TW,P01_量縮價穩,64,59.38,1.8,-6.69,-1.77
6525.TW,P10_組合訊號,48,56.25,2.3,-8.8,-1.77
2379.TW,P12_多頭回檔,34,55.88,2.36,-12.18,-1.77
4912.TW,P09_量縮後爆量紅K,9,55.56,2.41,-15.55,-1.77
4106.TW,P08_黃金交叉量增,9,55.56,2.42,-6.91,-1.77
3058.TW,P11_多頭排列紅K,46,52.17,3.02,-14.82,-1.77
6669.TW,P09_量縮後爆量紅K,4,50.0,3.45,-18.46,-1.77
2201.TW,P06_價量背離,47,46.81,4.18,-7.82,-1.77
2906.TW,P01_量縮價穩,183,46.45,4.26,-6.24,-1.77
8367.TW,P06_價量背離,86,33.72,-1.64,-9.4,-1.77
2439.TW,P04_長下影線放量,24,62.5,1.36,-11.79,-1.78
3557.TW,P04_長下影線放量,48,60.42,1.64,-12.36,-1.78
4536.TW,P01_量縮價穩,108,60.19,1.67,-9.46,-1.78
4545.TW,P07_RSI超賣量縮,63,58.73,1.89,-10.53,-1.78
2390.TW,P03_均線支撐放量,31,58.06,1.99,-12.27,-1.78
2006.TW,P04_長下影線放量,51,52.94,2.87,-8.11,-1.78
9919.TW,P12_多頭回檔,25,52.0,3.04,-12.34,-1.78
1905.TW,P08_黃金交叉量增,10,50.0,3.44,-8.54,-1.78
3501.TW,P08_黃金交叉量增,9,44.44,4.75,-5.2,-1.78
8271.TW,P08_黃金交叉量增,7,42.86,5.19,-7.4,-1.78
6558.TW,P04_長下影線放量,28,42.86,5.18,-21.87,-1.78
6120.TW,P04_長下影線放量,20,65.0,1.02,-17.72,-1.79
6799.TW,P02_量增紅K,16,62.5,1.34,-21.92,-1.79
3645.TW,P04_長下影線放量,32,59.38,1.78,-15.21,-1.79
4906.TW,P02_量增紅K,26,57.69,2.03,-10.76,-1.79
4540.TW,P06_價量背離,87,54.02,2.64,-11.4,-1.79
4588.TW,P06_價量背離,28,53.57,2.72,-11.73,-1.79
3044.TW,P10_組合訊號,39,51.28,3.15,-13.68,-1.79
2634.TW,P02_量增紅K,19,47.37,4.0,-9.31,-1.79
1438.TW,P06_價量背離,111,45.95,4.34,-8.33,-1.79
6655.TW,P04_長下影線放量,63,42.86,5.16,-6.46,-1.79
4106.TW,P05_連跌反轉紅K,26,38.46,6.54,-8.08,-1.79
4746.TW,P11_多頭排列紅K,30,56.67,2.18,-14.63,-1.8
4952.TW,P11_多頭排列紅K,30,56.67,2.17,-11.7,-1.8
1464.TW,P03_均線支撐放量,64,53.12,2.79,-6.24,-1.8
4438.TW,P07_RSI超賣量縮,71,52.11,2.98,-6.22,-1.8
6581.TW,P04_長下影線放量,52,51.92,3.01,-5.29,-1.8
6592.TW,P01_量縮價穩,82,50.0,3.4,-9.98,-1.8
2851.TW,P02_量增紅K,14,50.0,3.4,-8.15,-1.8
1103.TW,P09_量縮後爆量紅K,14,50.0,3.4,-5.7,-1.8
1215.TW,P04_長下影線放量,51,47.06,4.04,-4.3,-1.8
1708.TW,P12_多頭回檔,45,46.67,4.15,-8.13,-1.8
2945.TW,P01_量縮價穩,313,33.55,-2.33,-8.45,-1.8
6269.TW,P02_量增紅K,14,64.29,1.08,-9.34,-1.81
1736.TW,P04_長下影線放量,24,62.5,1.3,-13.78,-1.81
6869.TW,P06_價量背離,26,57.69,1.99,-13.13,-1.81
2208.TW,P05_連跌反轉紅K,36,55.56,2.34,-8.93,-1.81
2393.TW,P11_多頭排列紅K,44,52.27,2.93,-10.79,-1.81
5292.TW,P11_多頭排列紅K,54,50.0,3.37,-10.61,-1.81
3257.TW,P09_量縮後爆量紅K,6,50.0,3.38,-11.56,-1.81
3022.TW,P12_多頭回檔,48,45.83,4.33,-10.97,-1.81
2832.TW,P08_黃金交叉量增,11,45.45,4.41,-2.11,-1.81
8162.TW,P02_量增紅K,7,71.43,0.25,-5.05,-1.82
3708.TW,P07_RSI超賣量縮,32,68.75,0.53,-16.9,-1.82
2748.TW,P06_價量背離,108,62.96,1.22,-8.61,-1.82
4572.TW,P11_多頭排列紅K,32,62.5,1.28,-9.16,-1.82
2426.TW,P08_黃金交叉量增,8,62.5,1.29,-13.76,-1.82
2371.TW,P10_組合訊號,31,61.29,1.46,-14.93,-1.82
3454.TW,P03_均線支撐放量,51,58.82,1.8,-10.82,-1.82
910861.TW,P04_長下影線放量,52,57.69,1.99,-13.14,-1.82
4916.TW,P03_均線支撐放量,30,56.67,2.14,-13.54,-1.82
2464.TW,P07_RSI超賣量縮,43,55.81,2.28,-10.26,-1.82
7721.TW,P12_多頭回檔,9,55.56,2.33,-11.99,-1.82
2486.TW,P03_均線支撐放量,26,53.85,2.63,-13.06,-1.82
2880.TW,P04_長下影線放量,51,52.94,2.79,-5.18,-1.82
2385.TW,P05_連跌反轉紅K,34,50.0,3.35,-7.4,-1.82
2546.TW,P09_量縮後爆量紅K,8,50.0,3.37,-9.16,-1.82
9937.TW,P11_多頭排列紅K,86,47.67,3.86,-3.16,-1.82
2451.TW,P04_長下影線放量,43,44.19,4.73,-6.56,-1.82
3437.TW,P07_RSI超賣量縮,69,60.87,1.49,-12.01,-1.83
2457.TW,P04_長下影線放量,33,60.61,1.53,-15.94,-1.83
2369.TW,P03_均線支撐放量,29,58.62,1.82,-15.23,-1.83
5538.TW,P05_連跌反轉紅K,42,54.76,2.44,-6.92,-1.83
2705.TW,P06_價量背離,139,54.68,2.45,-7.09,-1.83
2885.TW,P12_多頭回檔,90,54.44,2.5,-6.47,-1.83
9924.TW,P02_量增紅K,17,52.94,2.77,-6.18,-1.83
1339.TW,P01_量縮價穩,153,50.98,3.13,-7.75,-1.83
1326.TW,P09_量縮後爆量紅K,4,50.0,3.35,-7.96,-1.83
4976.TW,P08_黃金交叉量增,10,50.0,3.34,-17.06,-1.83
2030.TW,P01_量縮價穩,114,49.12,3.52,-8.12,-1.83
6606.TW,P06_價量背離,118,48.31,3.7,-4.06,-1.83
4581.TW,P01_量縮價穩,192,47.92,3.78,-7.11,-1.83
2722.TW,P09_量縮後爆量紅K,23,47.83,3.8,-10.28,-1.83
1720.TW,P06_價量背離,109,44.04,4.74,-5.55,-1.83
2207.TW,P09_量縮後爆量紅K,6,33.33,-0.36,-7.91,-1.83
1301.TW,P02_量增紅K,6,33.33,-3.48,-12.32,-1.83
1301.TW,P08_黃金交叉量增,6,33.33,-0.88,-7.3,-1.83
1301.TW,P09_量縮後爆量紅K,3,33.33,-12.21,-21.55,-1.83
2395.TW,P09_量縮後爆量紅K,3,33.33,-9.0,-13.54,-1.83
4938.TW,P08_黃金交叉量增,6,33.33,-3.69,-10.02,-1.83
5871.TW,P08_黃金交叉量增,9,33.33,-9.32,-16.99,-1.83
5871.TW,P09_量縮後爆量紅K,3,33.33,-20.98,-27.68,-1.83
2834.TW,P08_黃金交叉量增,12,33.33,-1.12,-6.27,-1.83
6415.TW,P06_價量背離,12,33.33,-13.38,-22.77,-1.83
2027.TW,P09_量縮後爆量紅K,6,33.33,-6.84,-11.37,-1.83
5269.TW,P06_價量背離,18,33.33,-2.2,-21.34,-1.83
9910.TW,P02_量增紅K,15,33.33,-5.79,-13.94,-1.83
9945.TW,P09_量縮後爆量紅K,3,33.33,-9.41,-14.93,-1.83
1795.TW,P09_量縮後爆量紅K,3,33.33,-27.62,-33.42,-1.83
7799.TW,P06_價量背離,6,33.33,-26.09,-34.17,-1.83
2258.TW,P02_量增紅K,6,33.33,-10.12,-16.86,-1.83
2258.TW,P11_多頭排列紅K,18,33.33,-9.22,-16.61,-1.83
2645.TW,P09_量縮後爆量紅K,3,33.33,-0.88,-15.1,-1.83
9941.TW,P08_黃金交叉量增,12,33.33,-2.48,-10.99,-1.83
4915.TW,P09_量縮後爆量紅K,6,33.33,-3.45,-12.83,-1.83
6592.TW,P09_量縮後爆量紅K,3,33.33,-11.58,-21.38,-1.83
2204.TW,P06_價量背離,96,33.33,-1.47,-13.28,-1.83
7722.TW,P06_價量背離,12,33.33,-3.5,-15.52,-1.83
9907.TW,P08_黃金交叉量增,9,33.33,-0.87,-7.57,-1.83
3714.TW,P08_黃金交叉量增,3,33.33,-10.85,-16.21,-1.83
3714.TW,P09_量縮後爆量紅K,3,33.33,-4.79,-16.75,-1.83
8081.TW,P09_量縮後爆量紅K,3,33.33,-1.26,-22.99,-1.83
3014.TW,P09_量縮後爆量紅K,6,33.33,-0.18,-11.46,-1.83
2106.TW,P05_連跌反轉紅K,33,33.33,-1.3,-7.4,-1.83
3703.TW,P12_多頭回檔,36,33.33,-4.61,-12.15,-1.83
1707.TW,P02_量增紅K,15,33.33,-0.96,-7.64,-1.83
6962.TW,P02_量增紅K,3,33.33,-9.72,-20.07,-1.83
6962.TW,P05_連跌反轉紅K,3,33.33,-15.97,-24.67,-1.83
2905.TW,P10_組合訊號,63,33.33,-2.18,-10.98,-1.83
4441.TW,P11_多頭排列紅K,6,33.33,-8.96,-17.55,-1.83
2608.TW,P08_黃金交叉量增,6,33.33,-0.04,-7.18,-1.83
6456.TW,P08_黃金交叉量增,12,33.33,-8.55,-16.11,-1.83
1313.TW,P08_黃金交叉量增,9,33.33,-2.05,-12.31,-1.83
1304.TW,P09_量縮後爆量紅K,3,33.33,-8.73,-15.28,-1.83
1522.TW,P08_黃金交叉量增,3,33.33,-10.68,-16.78,-1.83
6901.TW,P01_量縮價穩,24,33.33,-7.92,-12.34,-1.83
6901.TW,P08_黃金交叉量增,3,33.33,-9.29,-17.99,-1.83
6901.TW,P10_組合訊號,15,33.33,-14.34,-19.94,-1.83
2723.TW,P12_多頭回檔,24,33.33,-4.36,-17.98,-1.83
1905.TW,P10_組合訊號,33,33.33,-2.91,-10.26,-1.83
6965.TW,P02_量增紅K,3,33.33,-10.06,-12.58,-1.83
6965.TW,P04_長下影線放量,6,33.33,-15.13,-22.42,-1.83
2231.TW,P03_均線支撐放量,30,33.33,-2.29,-13.93,-1.83
1718.TW,P04_長下影線放量,21,33.33,-2.71,-11.23,-1.83
1718.TW,P09_量縮後爆量紅K,3,33.33,-4.19,-9.22,-1.83
3701.TW,P09_量縮後爆量紅K,18,33.33,-0.93,-14.77,-1.83
4906.TW,P08_黃金交叉量增,6,33.33,-5.31,-10.94,-1.83
7765.TW,P05_連跌反轉紅K,12,33.33,-4.47,-15.36,-1.83
1563.TW,P10_組合訊號,12,33.33,-7.14,-15.21,-1.83
6957.TW,P02_量增紅K,6,33.33,-4.88,-20.27,-1.83
6957.TW,P05_連跌反轉紅K,9,33.33,-5.23,-16.08,-1.83
6914.TW,P09_量縮後爆量紅K,3,33.33,-7.03,-11.77,-1.83
2375.TW,P09_量縮後爆量紅K,9,33.33,-7.29,-18.18,-1.83
2349.TW,P09_量縮後爆量紅K,6,33.33,-11.11,-15.21,-1.83
1218.TW,P08_黃金交叉量增,6,33.33,-3.34,-7.74,-1.83
2478.TW,P09_量縮後爆量紅K,6,33.33,-4.18,-12.99,-1.83
6923.TW,P10_組合訊號,15,33.33,-0.67,-15.03,-1.83
7740.TW,P04_長下影線放量,3,33.33,-24.32,-31.3,-1.83
6862.TW,P11_多頭排列紅K,6,33.33,-8.24,-23.45,-1.83
2013.TW,P08_黃金交叉量增,9,33.33,-2.75,-12.13,-1.83
2762.TW,P09_量縮後爆量紅K,3,33.33,-0.51,-10.98,-1.83
7736.TW,P11_多頭排列紅K,3,33.33,-6.19,-9.68,-1.83
5608.TW,P08_黃金交叉量增,6,33.33,-3.3,-11.58,-1.83
8473.TW,P06_價量背離,147,33.33,-0.42,-8.41,-1.83
2706.TW,P08_黃金交叉量增,6,33.33,-1.07,-7.04,-1.83
6958.TW,P08_黃金交叉量增,3,33.33,-15.24,-19.98,-1.83
6958.TW,P10_組合訊號,15,33.33,-8.6,-14.3,-1.83
3501.TW,P06_價量背離,150,33.33,-0.07,-6.73,-1.83
2514.TW,P12_多頭回檔,69,33.33,-0.94,-6.62,-1.83
6794.TW,P11_多頭排列紅K,3,33.33,-8.59,-20.78,-1.83
6794.TW,P12_多頭回檔,3,33.33,-10.21,-13.56,-1.83
7791.TW,P07_RSI超賣量縮,18,33.33,-3.27,-9.17,-1.83
7791.TW,P12_多頭回檔,12,33.33,-4.29,-15.12,-1.83
8482.TW,P03_均線支撐放量,84,33.33,-1.15,-9.16,-1.83
8482.TW,P08_黃金交叉量增,9,33.33,-2.03,-7.9,-1.83
1583.TW,P10_組合訊號,48,33.33,-0.85,-8.85,-1.83
5283.TW,P04_長下影線放量,81,33.33,-2.17,-9.02,-1.83
1447.TW,P08_黃金交叉量增,6,33.33,-2.1,-9.38,-1.83
1464.TW,P02_量增紅K,15,33.33,-4.57,-10.77,-1.83
1527.TW,P09_量縮後爆量紅K,3,33.33,-0.96,-7.37,-1.83
2538.TW,P07_RSI超賣量縮,75,33.33,-2.92,-12.73,-1.83
1219.TW,P11_多頭排列紅K,30,33.33,-0.91,-5.87,-1.83
6928.TW,P02_量增紅K,6,33.33,-15.81,-19.25,-1.83
6838.TW,P02_量增紅K,3,33.33,-1.46,-14.45,-1.83
9934.TW,P05_連跌反轉紅K,21,33.33,-4.24,-14.09,-1.83
1783.TW,P08_黃金交叉量增,6,33.33,-7.02,-22.41,-1.83
3047.TW,P08_黃金交叉量增,6,33.33,-15.37,-24.23,-1.83
7730.TW,P06_價量背離,9,33.33,-0.12,-12.82,-1.83
3356.TW,P08_黃金交叉量增,12,33.33,-1.89,-21.35,-1.83
2722.TW,P08_黃金交叉量增,6,33.33,-3.82,-14.62,-1.83
2613.TW,P08_黃金交叉量增,9,33.33,-11.53,-17.94,-1.83
6142.TW,P08_黃金交叉量增,9,33.33,-4.3,-12.61,-1.83
6504.TW,P12_多頭回檔,30,33.33,-1.46,-9.06,-1.83
2022.TW,P08_黃金交叉量增,6,33.33,-0.27,-12.2,-1.83
6902.TW,P12_多頭回檔,6,33.33,-6.53,-16.23,-1.83
6792.TW,P02_量增紅K,15,33.33,-3.9,-18.94,-1.83
6909.TW,P04_長下影線放量,3,33.33,-13.63,-20.44,-1.83
6834.TW,P11_多頭排列紅K,18,33.33,-5.66,-15.93,-1.83
7721.TW,P07_RSI超賣量縮,30,33.33,-13.89,-20.35,-1.83
3346.TW,P03_均線支撐放量,18,33.33,-2.18,-16.85,-1.83
3092.TW,P04_長下影線放量,21,33.33,-8.53,-20.05,-1.83
3092.TW,P08_黃金交叉量增,9,33.33,-6.52,-17.37,-1.83
6906.TW,P11_多頭排列紅K,6,33.33,-10.07,-24.69,-1.83
4106.TW,P04_長下影線放量,51,33.33,-0.49,-7.47,-1.83
1220.TW,P08_黃金交叉量增,12,33.33,-1.5,-7.4,-1.83
2248.TW,P07_RSI超賣量縮,3,33.33,-0.5,-12.11,-1.83
6108.TW,P02_量增紅K,21,33.33,-4.18,-14.94,-1.83
2712.TW,P08_黃金交叉量增,15,33.33,-4.97,-11.08,-1.83
2901.TW,P05_連跌反轉紅K,15,33.33,-0.77,-4.0,-1.83
8466.TW,P04_長下影線放量,84,33.33,-0.85,-8.92,-1.83
4999.TW,P04_長下影線放量,42,33.33,-0.17,-6.87,-1.83
1323.TW,P07_RSI超賣量縮,75,33.33,-2.64,-8.09,-1.83
1735.TW,P09_量縮後爆量紅K,18,33.33,-0.03,-7.17,-1.83
1611.TW,P01_量縮價穩,102,56.86,2.07,-7.4,-1.84
6412.TW,P05_連跌反轉紅K,30,56.67,2.1,-9.39,-1.84
1307.TW,P01_量縮價穩,133,54.89,2.4,-6.27,-1.84
4148.TW,P02_量增紅K,32,53.12,2.71,-12.09,-1.84
8222.TW,P05_連跌反轉紅K,17,52.94,2.75,-10.8,-1.84
1321.TW,P06_價量背離,169,50.89,3.13,-6.61,-1.84
1468.TW,P04_長下影線放量,180,50.0,3.31,-8.56,-1.84
2816.TW,P04_長下影線放量,52,44.23,4.66,-7.21,-1.84
1708.TW,P04_長下影線放量,32,43.75,4.8,-9.72,-1.84
3016.TW,P06_價量背離,52,65.38,0.88,-14.08,-1.85
3055.TW,P11_多頭排列紅K,44,63.64,1.09,-14.25,-1.85
2313.TW,P12_多頭回檔,26,57.69,1.92,-14.55,-1.85
3557.TW,P06_價量背離,87,55.17,2.33,-14.66,-1.85
3454.TW,P10_組合訊號,51,54.9,2.38,-10.02,-1.85
4999.TW,P05_連跌反轉紅K,28,50.0,3.3,-6.48,-1.85
2762.TW,P07_RSI超賣量縮,19,47.37,3.87,-8.99,-1.85
2207.TW,P02_量增紅K,26,42.31,5.18,-7.77,-1.85
4935.TW,P10_組合訊號,52,42.31,5.17,-11.27,-1.85
2455.TW,P02_量增紅K,15,66.67,0.71,-16.42,-1.86
3050.TW,P04_長下影線放量,32,62.5,1.22,-11.84,-1.86
4551.TW,P06_價量背離,73,61.64,1.34,-13.49,-1.86
2886.TW,P04_長下影線放量,84,58.33,1.82,-5.85,-1.86
2428.TW,P02_量增紅K,33,57.58,1.93,-11.61,-1.86
3437.TW,P04_長下影線放量,33,57.58,1.93,-15.02,-1.86
6591.TW,P04_長下影線放量,16,56.25,2.13,-18.85,-1.86
6672.TW,P12_多頭回檔,25,56.0,2.18,-11.28,-1.86
2855.TW,P06_價量背離,75,53.33,2.63,-10.46,-1.86
1437.TW,P01_量縮價穩,198,52.02,2.89,-5.05,-1.86
2385.TW,P06_價量背離,53,50.94,3.09,-6.14,-1.86
1583.TW,P08_黃金交叉量增,16,50.0,3.27,-4.42,-1.86
2886.TW,P03_均線支撐放量,128,47.66,3.79,-4.63,-1.86
4545.TW,P09_量縮後爆量紅K,10,40.0,5.84,-8.54,-1.86
3016.TW,P05_連跌反轉紅K,37,70.27,0.29,-14.38,-1.87
3583.TW,P03_均線支撐放量,17,64.71,0.93,-18.52,-1.87
1476.TW,P08_黃金交叉量增,10,60.0,1.56,-10.49,-1.87
6283.TW,P05_連跌反轉紅K,41,58.54,1.77,-12.88,-1.87
1402.TW,P10_組合訊號,56,57.14,1.97,-5.69,-1.87
2739.TW,P07_RSI超賣量縮,79,56.96,2.0,-9.36,-1.87
1402.TW,P02_量增紅K,9,55.56,2.23,-7.18,-1.87
6155.TW,P04_長下影線放量,25,52.0,2.87,-13.05,-1.87
4942.TW,P09_量縮後爆量紅K,2,50.0,3.27,-1.46,-1.87
2248.TW,P06_價量背離,10,50.0,3.25,-7.45,-1.87
2882.TW,P04_長下影線放量,45,48.89,3.49,-7.89,-1.87
1443.TW,P02_量增紅K,56,44.64,4.49,-6.4,-1.87
8039.TW,P12_多頭回檔,61,44.26,4.59,-8.52,-1.87
1443.TW,P06_價量背離,159,38.99,6.15,-4.75,-1.87
9940.TW,P01_量縮價穩,136,33.09,-0.65,-6.02,-1.87
2923.TW,P07_RSI超賣量縮,57,68.42,0.48,-9.52,-1.88
4927.TW,P03_均線支撐放量,34,64.71,0.91,-17.41,-1.88
7631.TW,P04_長下影線放量,28,60.71,1.44,-9.93,-1.88
1904.TW,P08_黃金交叉量增,7,57.14,1.97,-7.78,-1.88
8454.TW,P07_RSI超賣量縮,48,56.25,2.1,-14.66,-1.88
1477.TW,P07_RSI超賣量縮,31,54.84,2.34,-13.13,-1.88
8422.TW,P07_RSI超賣量縮,33,51.52,2.93,-3.28,-1.88
6862.TW,P04_長下影線放量,6,50.0,3.24,-15.22,-1.88
2020.TW,P08_黃金交叉量增,8,50.0,3.24,-9.5,-1.88
2603.TW,P03_均線支撐放量,25,44.0,4.64,-11.21,-1.88
2509.TW,P09_量縮後爆量紅K,8,37.5,6.65,-9.09,-1.88
2712.TW,P03_均線支撐放量,118,33.05,-3.21,-12.37,-1.88
2017.TW,P06_價量背離,112,33.04,-0.19,-10.59,-1.88
2233.TW,P02_量增紅K,27,70.37,0.27,-11.98,-1.89
1473.TW,P05_連跌反轉紅K,19,68.42,0.46,-11.56,-1.89
2486.TW,P10_組合訊號,25,64.0,0.98,-14.65,-1.89
6796.TW,P12_多頭回檔,31,61.29,1.33,-10.72,-1.89
2420.TW,P07_RSI超賣量縮,48,54.17,2.42,-6.17,-1.89
8499.TW,P03_均線支撐放量,53,52.83,2.67,-8.01,-1.89
2834.TW,P09_量縮後爆量紅K,4,50.0,3.23,-4.36,-1.89
1535.TW,P12_多頭回檔,97,49.48,3.32,-5.09,-1.89
6655.TW,P02_量增紅K,50,48.0,3.65,-6.55,-1.89
2207.TW,P04_長下影線放量,62,46.77,3.93,-9.71,-1.89
4912.TW,P08_黃金交叉量增,7,42.86,4.93,-11.23,-1.89
1468.TW,P05_連跌反轉紅K,53,60.38,1.45,-9.78,-1.9
6863.TW,P10_組合訊號,15,60.0,1.5,-15.03,-1.9
3311.TW,P02_量增紅K,31,58.06,1.78,-7.95,-1.9
1541.TW,P04_長下影線放量,34,55.88,2.12,-9.92,-1.9
8487.TW,P01_量縮價穩,52,55.77,2.15,-6.15,-1.9
2464.TW,P11_多頭排列紅K,35,51.43,2.92,-8.86,-1.9
1471.TW,P03_均線支撐放量,43,51.16,2.96,-13.88,-1.9
2542.TW,P05_連跌反轉紅K,40,47.5,3.73,-6.06,-1.9
3026.TW,P03_均線支撐放量,86,45.35,4.26,-6.77,-1.9
6215.TW,P12_多頭回檔,23,43.48,4.73,-17.49,-1.9
1773.TW,P12_多頭回檔,56,42.86,4.9,-9.62,-1.9
3026.TW,P08_黃金交叉量增,6,33.33,8.31,-6.32,-1.9
1312.TW,P01_量縮價穩,82,32.93,-4.7,-13.0,-1.9
8466.TW,P10_組合訊號,79,32.91,-0.01,-10.62,-1.9
1451.TW,P10_組合訊號,76,32.89,-0.21,-7.54,-1.9
1108.TW,P09_量縮後爆量紅K,6,66.67,0.64,-5.03,-1.91
4119.TW,P02_量增紅K,22,59.09,1.61,-7.77,-1.91
2348.TW,P07_RSI超賣量縮,65,58.46,1.71,-13.34,-1.91
1432.TW,P01_量縮價穩,210,58.1,1.77,-9.87,-1.91
6541.TW,P10_組合訊號,33,57.58,1.84,-17.22,-1.91
8462.TW,P02_量增紅K,27,55.56,2.17,-9.04,-1.91
2534.TW,P06_價量背離,84,54.76,2.29,-6.92,-1.91
1436.TW,P07_RSI超賣量縮,75,54.67,2.3,-6.89,-1.91
1473.TW,P07_RSI超賣量縮,86,53.49,2.51,-5.61,-1.91
2459.TW,P02_量增紅K,19,52.63,2.66,-3.34,-1.91
5007.TW,P11_多頭排列紅K,80,51.25,2.92,-3.51,-1.91
2397.TW,P10_組合訊號,61,49.18,3.34,-5.16,-1.91
4935.TW,P01_量縮價穩,97,48.45,3.5,-11.96,-1.91
2834.TW,P10_組合訊號,55,43.64,4.67,-4.54,-1.91
9136.TW,P11_多頭排列紅K,37,43.24,4.77,-6.42,-1.91
1472.TW,P12_多頭回檔,59,42.37,5.02,-10.35,-1.91
5534.TW,P06_價量背離,118,38.98,6.06,-4.8,-1.91
1903.TW,P11_多頭排列紅K,52,38.46,6.22,-8.9,-1.91
1109.TW,P12_多頭回檔,64,32.81,-0.56,-7.9,-1.91
9934.TW,P06_價量背離,128,32.81,-2.24,-9.95,-1.91
1536.TW,P02_量增紅K,20,60.0,1.46,-11.13,-1.92
2460.TW,P05_連跌反轉紅K,37,59.46,1.55,-15.56,-1.92
3008.TW,P03_均線支撐放量,29,58.62,1.67,-13.44,-1.92
5538.TW,P08_黃金交叉量增,16,56.25,2.04,-6.43,-1.92
1477.TW,P08_黃金交叉量增,9,55.56,2.14,-8.14,-1.92
3042.TW,P02_量增紅K,18,55.56,2.14,-11.78,-1.92
2375.TW,P06_價量背離,63,55.56,2.14,-13.2,-1.92
2634.TW,P10_組合訊號,32,53.12,2.57,-7.95,-1.92
2477.TW,P10_組合訊號,50,52.0,2.76,-13.57,-1.92
9907.TW,P11_多頭排列紅K,37,48.65,3.43,-8.52,-1.92
8039.TW,P10_組合訊號,54,44.44,4.44,-7.12,-1.92
2601.TW,P02_量增紅K,27,44.44,4.43,-12.08,-1.92
1903.TW,P01_量縮價穩,201,41.79,5.15,-8.71,-1.92
8341.TW,P03_均線支撐放量,61,32.79,-2.31,-8.56,-1.92
1723.TW,P01_量縮價穩,116,32.76,-0.71,-6.06,-1.92
3528.TW,P07_RSI超賣量縮,44,59.09,1.58,-5.26,-1.93
8462.TW,P01_量縮價穩,147,57.82,1.77,-9.89,-1.93
1906.TW,P09_量縮後爆量紅K,14,57.14,1.87,-6.91,-1.93
6698.TW,P01_量縮價穩,123,56.91,1.91,-13.88,-1.93
1711.TW,P04_長下影線放量,34,55.88,2.06,-10.23,-1.93
6426.TW,P02_量增紅K,28,53.57,2.46,-16.17,-1.93
2430.TW,P02_量增紅K,23,52.17,2.71,-9.58,-1.93
5538.TW,P02_量增紅K,56,51.79,2.8,-6.69,-1.93
6206.TW,P04_長下影線放量,50,50.0,3.14,-8.96,-1.93
2459.TW,P01_量縮價穩,156,50.0,3.13,-5.16,-1.93
9935.TW,P02_量增紅K,30,50.0,3.14,-13.34,-1.93
8926.TW,P05_連跌反轉紅K,31,45.16,4.22,-6.12,-1.93
2008.TW,P01_量縮價穩,294,42.52,4.91,-3.03,-1.93
2247.TW,P03_均線支撐放量,72,41.67,5.18,-4.98,-1.93
2548.TW,P11_多頭排列紅K,51,41.18,5.3,-5.6,-1.93
2023.TW,P01_量縮價穩,100,35.0,7.48,-7.34,-1.93
2511.TW,P10_組合訊號,55,32.73,-0.39,-7.35,-1.93
2748.TW,P03_均線支撐放量,55,32.73,-0.07,-10.23,-1.93
2618.TW,P03_均線支撐放量,52,32.69,-0.02,-12.43,-1.93
1476.TW,P03_均線支撐放量,47,61.7,1.2,-10.44,-1.94
3257.TW,P02_量增紅K,17,58.82,1.6,-10.51,-1.94
2201.TW,P10_組合訊號,35,57.14,1.85,-8.67,-1.94
8213.TW,P05_連跌反轉紅K,32,53.12,2.52,-9.61,-1.94
3090.TW,P04_長下影線放量,19,52.63,2.61,-8.41,-1.94
6581.TW,P01_量縮價穩,206,51.94,2.74,-6.02,-1.94
2365.TW,P06_價量背離,83,49.4,3.25,-8.76,-1.94
2301.TW,P01_量縮價穩,55,49.09,3.31,-8.97,-1.94
1720.TW,P10_組合訊號,62,46.77,3.81,-4.48,-1.94
6931.TW,P04_長下影線放量,35,45.71,4.06,-9.82,-1.94
2707.TW,P03_均線支撐放量,48,39.58,5.79,-6.78,-1.94
1310.TW,P06_價量背離,98,32.65,-4.65,-12.91,-1.94
911622.TW,P10_組合訊號,98,32.65,-0.59,-6.34,-1.94
1338.TW,P06_價量背離,98,32.65,-1.73,-11.31,-1.94
6271.TW,P12_多頭回檔,28,64.29,0.85,-15.95,-1.95
6414.TW,P01_量縮價穩,52,63.46,0.96,-13.52,-1.95
8464.TW,P11_多頭排列紅K,63,58.73,1.6,-12.43,-1.95
2505.TW,P11_多頭排列紅K,45,55.56,2.09,-13.07,-1.95
2305.TW,P10_組合訊號,26,53.85,2.38,-10.6,-1.95
2903.TW,P01_量縮價穩,115,51.3,2.84,-6.26,-1.95
2351.TW,P06_價量背離,38,50.0,3.11,-9.54,-1.95
3033.TW,P02_量增紅K,22,50.0,3.1,-8.48,-1.95
2722.TW,P01_量縮價穩,204,49.51,3.21,-10.83,-1.95
4555.TW,P06_價量背離,86,48.84,3.33,-5.62,-1.95
1713.TW,P11_多頭排列紅K,71,47.89,3.55,-5.33,-1.95
6722.TW,P06_價量背離,55,45.45,4.11,-6.4,-1.95
4764.TW,P04_長下影線放量,100,45.0,4.22,-8.49,-1.95
2114.TW,P05_連跌反轉紅K,34,41.18,5.26,-4.29,-1.95
1217.TW,P10_組合訊號,46,32.61,-0.46,-5.76,-1.95
4562.TW,P12_多頭回檔,46,32.61,-4.25,-10.29,-1.95
8482.TW,P04_長下影線放量,43,32.56,-4.13,-12.77,-1.95
6128.TW,P11_多頭排列紅K,43,32.56,-1.51,-6.48,-1.95
1752.TW,P09_量縮後爆量紅K,4,25.0,13.19,-9.02,-1.95
8105.TW,P04_長下影線放量,23,60.87,1.28,-15.73,-1.96
2605.TW,P04_長下影線放量,32,59.38,1.5,-15.22,-1.96
2613.TW,P02_量增紅K,24,58.33,1.64,-16.17,-1.96
6672.TW,P11_多頭排列紅K,38,57.89,1.7,-11.9,-1.96
4952.TW,P07_RSI超賣量縮,67,56.72,1.88,-12.13,-1.96
2354.TW,P04_長下影線放量,37,54.05,2.33,-9.5,-1.96
3038.TW,P03_均線支撐放量,44,52.27,2.64,-9.88,-1.96
2466.TW,P07_RSI超賣量縮,62,51.61,2.77,-6.63,-1.96
6770.TW,P06_價量背離,45,37.78,6.35,-16.46,-1.96
4999.TW,P01_量縮價穩,169,32.54,-2.6,-8.91,-1.96
2027.TW,P11_多頭排列紅K,40,32.5,-2.22,-12.01,-1.96
1540.TW,P04_長下影線放量,40,32.5,-0.2,-10.13,-1.96
3652.TW,P08_黃金交叉量增,10,70.0,0.19,-8.66,-1.97
8011.TW,P01_量縮價穩,86,66.28,0.59,-13.53,-1.97
3189.TW,P10_組合訊號,27,62.96,1.0,-16.86,-1.97
2397.TW,P11_多頭排列紅K,36,55.56,2.06,-7.98,-1.97
8261.TW,P02_量增紅K,20,55.0,2.15,-12.25,-1.97
2505.TW,P06_價量背離,127,51.18,2.83,-7.56,-1.97
2247.TW,P02_量增紅K,33,48.48,3.37,-8.59,-1.97
2501.TW,P05_連跌反轉紅K,31,48.39,3.4,-8.69,-1.97
2838.TW,P03_均線支撐放量,116,47.41,3.61,-4.35,-1.97
4949.TW,P06_價量背離,22,45.45,4.06,-13.39,-1.97
4968.TW,P08_黃金交叉量增,7,71.43,0.02,-17.19,-1.98
6669.TW,P12_多頭回檔,25,68.0,0.38,-19.26,-1.98
2915.TW,P03_均線支撐放量,48,60.42,1.31,-8.2,-1.98
5706.TW,P11_多頭排列紅K,58,60.34,1.32,-9.79,-1.98
8462.TW,P11_多頭排列紅K,38,57.89,1.68,-10.72,-1.98
4142.TW,P11_多頭排列紅K,31,54.84,2.16,-12.64,-1.98
2450.TW,P05_連跌反轉紅K,26,53.85,2.32,-2.4,-1.98
1789.TW,P01_量縮價穩,77,51.95,2.67,-7.1,-1.98
2423.TW,P10_組合訊號,51,50.98,2.85,-5.37,-1.98
2849.TW,P07_RSI超賣量縮,36,50.0,3.04,-4.68,-1.98
1582.TW,P12_多頭回檔,29,48.28,3.4,-8.13,-1.98
6776.TW,P06_價量背離,93,41.94,4.96,-7.61,-1.98
8466.TW,P06_價量背離,105,32.38,-1.63,-9.37,-1.98
1598.TW,P04_長下影線放量,47,59.57,1.4,-13.51,-1.99
6579.TW,P04_長下影線放量,34,58.82,1.52,-10.08,-1.99
9907.TW,P02_量增紅K,14,57.14,1.76,-9.29,-1.99
4915.TW,P05_連跌反轉紅K,23,56.52,1.87,-11.76,-1.99
4552.TW,P05_連跌反轉紅K,39,53.85,2.31,-9.13,-1.99
6792.TW,P10_組合訊號,41,53.66,2.33,-10.7,-1.99
9924.TW,P05_連跌反轉紅K,30,53.33,2.39,-5.36,-1.99
2845.TW,P12_多頭回檔,78,51.28,2.78,-4.61,-1.99
1437.TW,P08_黃金交叉量增,10,40.0,5.51,-4.29,-1.99
6176.TW,P07_RSI超賣量縮,34,32.35,-0.92,-12.38,-1.99
9933.TW,P05_連跌反轉紅K,34,32.35,-2.7,-10.25,-1.99
4764.TW,P02_量增紅K,34,32.35,-3.21,-11.74,-1.99
1310.TW,P04_長下影線放量,34,32.35,-6.54,-14.81,-1.99
2910.TW,P04_長下影線放量,68,32.35,-0.43,-6.45,-1.99
1310.TW,P01_量縮價穩,99,32.32,-4.8,-12.48,-1.99
2712.TW,P06_價量背離,99,32.32,-0.51,-12.02,-1.99
1473.TW,P02_量增紅K,27,70.37,0.1,-9.07,-2.0
6426.TW,P01_量縮價穩,118,64.41,0.77,-16.06,-2.0
2613.TW,P12_多頭回檔,35,60.0,1.34,-10.93,-2.0
2477.TW,P04_長下影線放量,44,59.09,1.47,-12.32,-2.0
3094.TW,P01_量縮價穩,111,54.95,2.09,-10.57,-2.0
3033.TW,P03_均線支撐放量,53,54.72,2.13,-7.94,-2.0
4532.TW,P12_多頭回檔,48,52.08,2.6,-7.65,-2.0
5522.TW,P12_多頭回檔,64,51.56,2.69,-8.41,-2.0
2301.TW,P06_價量背離,45,51.11,2.79,-10.14,-2.0
3022.TW,P11_多頭排列紅K,46,50.0,3.0,-11.66,-2.0
1416.TW,P02_量增紅K,38,50.0,3.0,-6.44,-2.0
2887.TW,P11_多頭排列紅K,87,48.28,3.36,-5.94,-2.0
1734.TW,P06_價量背離,150,44.0,4.36,-4.9,-2.0
2633.TW,P08_黃金交叉量增,12,41.67,5.01,-3.72,-2.0
3576.TW,P10_組合訊號,31,32.26,-3.81,-17.83,-2.0
2108.TW,P05_連跌反轉紅K,31,32.26,-2.19,-11.26,-2.0
6108.TW,P07_RSI超賣量縮,62,62.9,0.94,-8.41,-2.01
3530.TW,P04_長下影線放量,17,58.82,1.48,-14.61,-2.01
1714.TW,P12_多頭回檔,38,57.89,1.61,-6.57,-2.01
4306.TW,P02_量增紅K,16,56.25,1.87,-8.59,-2.01
8072.TW,P11_多頭排列紅K,18,55.56,1.97,-11.82,-2.01
4938.TW,P10_組合訊號,48,50.0,2.99,-8.08,-2.01
2414.TW,P09_量縮後爆量紅K,8,50.0,2.97,-6.5,-2.01
2845.TW,P05_連跌反轉紅K,11,45.45,3.98,-5.0,-2.01
1903.TW,P10_組合訊號,76,44.74,4.15,-7.15,-2.01
6206.TW,P08_黃金交叉量增,9,44.44,4.23,-4.19,-2.01
3380.TW,P11_多頭排列紅K,37,56.76,1.77,-11.81,-2.02
2474.TW,P01_量縮價穩,69,56.52,1.81,-6.95,-2.02
2305.TW,P07_RSI超賣量縮,62,56.45,1.83,-12.66,-2.02
1463.TW,P04_長下影線放量,43,55.81,1.93,-6.23,-2.02
2838.TW,P10_組合訊號,61,54.1,2.2,-4.85,-2.02
6776.TW,P04_長下影線放量,31,48.39,3.28,-8.96,-2.02
1103.TW,P04_長下影線放量,58,48.28,3.31,-5.91,-2.02
4557.TW,P03_均線支撐放量,78,39.74,5.54,-5.29,-2.02
1326.TW,P07_RSI超賣量縮,56,32.14,-4.64,-9.56,-2.02
2608.TW,P05_連跌反轉紅K,28,32.14,-1.11,-7.84,-2.02
1103.TW,P02_量增紅K,28,32.14,-0.95,-7.86,-2.02
6951.TW,P12_多頭回檔,28,32.14,-1.39,-7.41,-2.02
3518.TW,P11_多頭排列紅K,32,68.75,0.23,-15.07,-2.03
4764.TW,P09_量縮後爆量紅K,14,64.29,0.73,-5.49,-2.03
2722.TW,P07_RSI超賣量縮,109,61.47,1.09,-12.46,-2.03
2903.TW,P08_黃金交叉量增,12,50.0,2.93,-5.91,-2.03
8442.TW,P04_長下影線放量,65,49.23,3.09,-7.63,-2.03
3052.TW,P01_量縮價穩,164,47.56,3.45,-6.32,-2.03
3701.TW,P03_均線支撐放量,85,45.88,3.83,-7.09,-2.03
2248.TW,P01_量縮價穩,16,43.75,4.37,-6.57,-2.03
2637.TW,P10_組合訊號,30,63.33,0.83,-12.72,-2.04
1598.TW,P12_多頭回檔,35,57.14,1.69,-10.45,-2.04
4557.TW,P05_連跌反轉紅K,34,55.88,1.88,-8.16,-2.04
2395.TW,P11_多頭排列紅K,85,55.29,1.97,-8.09,-2.04
2881.TW,P01_量縮價穩,67,55.22,1.97,-7.26,-2.04
6196.TW,P03_均線支撐放量,20,55.0,2.02,-11.23,-2.04
3049.TW,P02_量增紅K,28,53.57,2.27,-14.24,-2.04
4555.TW,P03_均線支撐放量,75,53.33,2.3,-7.5,-2.04
910322.TW,P06_價量背離,122,53.28,2.31,-8.4,-2.04
2474.TW,P09_量縮後爆量紅K,2,50.0,2.92,-3.09,-2.04
3010.TW,P04_長下影線放量,46,47.83,3.38,-6.09,-2.04
1438.TW,P08_黃金交叉量增,9,44.44,4.16,-7.35,-2.04
6189.TW,P07_RSI超賣量縮,32,43.75,4.33,-9.32,-2.04
1303.TW,P04_長下影線放量,75,32.0,-0.17,-10.11,-2.04
2012.TW,P05_連跌反轉紅K,25,32.0,-2.26,-9.24,-2.04
3266.TW,P02_量增紅K,25,32.0,-2.29,-9.21,-2.04
1517.TW,P10_組合訊號,50,32.0,-0.26,-9.35,-2.04
1760.TW,P11_多頭排列紅K,28,60.71,1.15,-14.9,-2.05
4576.TW,P02_量增紅K,26,57.69,1.58,-16.1,-2.05
2356.TW,P04_長下影線放量,45,55.56,1.92,-9.28,-2.05
3550.TW,P01_量縮價穩,164,54.88,2.02,-8.29,-2.05
1528.TW,P07_RSI超賣量縮,89,52.81,2.38,-12.77,-2.05
1714.TW,P06_價量背離,100,51.0,2.7,-6.52,-2.05
2367.TW,P01_量縮價穩,65,50.77,2.75,-13.48,-2.05
2464.TW,P01_量縮價穩,97,50.52,2.79,-8.46,-2.05
6414.TW,P06_價量背離,28,46.43,3.66,-12.77,-2.05
2034.TW,P01_量縮價穩,108,46.3,3.7,-6.01,-2.05
2704.TW,P08_黃金交叉量增,11,45.45,3.89,-6.45,-2.05
6024.TW,P01_量縮價穩,158,44.94,4.01,-3.88,-2.05
2812.TW,P11_多頭排列紅K,76,44.74,4.06,-5.68,-2.05
2832.TW,P07_RSI超賣量縮,32,43.75,4.31,-1.84,-2.05
1735.TW,P10_組合訊號,48,43.75,4.32,-4.61,-2.05
6937.TW,P02_量增紅K,13,61.54,1.02,-10.84,-2.06
3346.TW,P05_連跌反轉紅K,25,60.0,1.24,-13.96,-2.06
2885.TW,P01_量縮價穩,66,57.58,1.58,-7.08,-2.06
2340.TW,P05_連跌反轉紅K,28,57.14,1.65,-16.0,-2.06
2538.TW,P11_多頭排列紅K,44,56.82,1.7,-9.62,-2.06
2617.TW,P10_組合訊號,43,55.81,1.84,-7.99,-2.06
1605.TW,P09_量縮後爆量紅K,11,54.55,2.06,-13.34,-2.06
5522.TW,P01_量縮價穩,110,51.82,2.53,-7.15,-2.06
1802.TW,P04_長下影線放量,41,51.22,2.64,-14.13,-2.06
2542.TW,P07_RSI超賣量縮,28,50.0,2.89,-4.23,-2.06
4526.TW,P12_多頭回檔,44,50.0,2.88,-7.87,-2.06
1303.TW,P01_量縮價穩,57,49.12,3.06,-8.07,-2.06
6655.TW,P05_連跌反轉紅K,21,47.62,3.37,-7.18,-2.06
2022.TW,P12_多頭回檔,34,47.06,3.5,-11.56,-2.06
3702.TW,P11_多頭排列紅K,90,46.67,3.6,-6.1,-2.06
1720.TW,P03_均線支撐放量,51,45.1,3.95,-5.72,-2.06
2836.TW,P07_RSI超賣量縮,31,41.94,4.78,-3.13,-2.06
1723.TW,P06_價量背離,138,31.88,-1.41,-6.81,-2.06
3673.TW,P06_價量背離,53,58.49,1.42,-10.43,-2.07
6153.TW,P07_RSI超賣量縮,51,56.86,1.66,-11.77,-2.07
1447.TW,P02_量增紅K,17,52.94,2.31,-8.82,-2.07
5215.TW,P06_價量背離,73,52.05,2.48,-13.22,-2.07
4583.TW,P01_量縮價穩,131,50.38,2.78,-10.6,-2.07
1216.TW,P07_RSI超賣量縮,19,47.37,3.41,-2.93,-2.07
2838.TW,P05_連跌反轉紅K,26,46.15,3.67,-5.23,-2.07
2022.TW,P06_價量背離,102,45.1,3.93,-13.01,-2.07
6757.TW,P06_價量背離,22,31.82,-0.88,-11.06,-2.07
1734.TW,P02_量增紅K,22,31.82,-4.6,-14.07,-2.07
2906.TW,P05_連跌反轉紅K,22,31.82,-0.4,-9.15,-2.07
4438.TW,P06_價量背離,107,31.78,-0.68,-7.6,-2.07
2439.TW,P01_量縮價穩,82,58.54,1.4,-9.05,-2.08
6585.TW,P05_連跌反轉紅K,20,55.0,1.94,-15.99,-2.08
9902.TW,P10_組合訊號,67,53.73,2.15,-5.44,-2.08
1307.TW,P12_多頭回檔,52,50.0,2.83,-5.75,-2.08
2488.TW,P12_多頭回檔,75,49.33,2.98,-4.95,-2.08
2852.TW,P07_RSI超賣量縮,37,37.84,6.0,-4.2,-2.08
9940.TW,P07_RSI超賣量縮,63,31.75,-1.57,-6.83,-2.08
3591.TW,P08_黃金交叉量增,12,66.67,0.37,-13.3,-2.09
3437.TW,P12_多頭回檔,22,63.64,0.72,-15.87,-2.09
1471.TW,P02_量增紅K,41,63.41,0.74,-20.67,-2.09
3563.TW,P04_長下影線放量,19,63.16,0.77,-18.93,-2.09
1582.TW,P02_量增紅K,16,62.5,0.86,-9.33,-2.09
2365.TW,P08_黃金交叉量增,8,62.5,0.85,-10.3,-2.09
2495.TW,P11_多頭排列紅K,47,57.45,1.54,-11.04,-2.09
2634.TW,P07_RSI超賣量縮,49,57.14,1.6,-8.37,-2.09
1609.TW,P09_量縮後爆量紅K,9,55.56,1.84,-11.94,-2.09
1809.TW,P09_量縮後爆量紅K,20,55.0,1.92,-12.02,-2.09
2538.TW,P05_連跌反轉紅K,21,52.38,2.36,-9.56,-2.09
1220.TW,P10_組合訊號,56,51.79,2.49,-6.93,-2.09
2505.TW,P01_量縮價穩,136,51.47,2.54,-10.35,-2.09
2884.TW,P07_RSI超賣量縮,32,50.0,2.82,-3.76,-2.09
2420.TW,P09_量縮後爆量紅K,6,50.0,2.82,-4.23,-2.09
2723.TW,P03_均線支撐放量,35,48.57,3.11,-14.36,-2.09
2881.TW,P03_均線支撐放量,84,47.62,3.31,-6.35,-2.09
2032.TW,P05_連跌反轉紅K,32,46.88,3.48,-10.86,-2.09
3054.TW,P02_量增紅K,41,31.71,-1.6,-10.93,-2.09
6952.TW,P01_量縮價穩,101,31.68,-4.91,-10.2,-2.09
1466.TW,P03_均線支撐放量,79,31.65,-0.09,-8.76,-2.09
3711.TW,P09_量縮後爆量紅K,3,66.67,0.34,-15.93,-2.1
6789.TW,P02_量增紅K,14,64.29,0.62,-16.77,-2.1
3049.TW,P10_組合訊號,33,63.64,0.7,-11.2,-2.1
3673.TW,P10_組合訊號,33,60.61,1.09,-11.34,-2.1
3346.TW,P07_RSI超賣量縮,68,60.29,1.13,-13.83,-2.1
3406.TW,P11_多頭排列紅K,45,60.0,1.17,-16.46,-2.1
1439.TW,P05_連跌反轉紅K,27,55.56,1.82,-10.47,-2.1
2312.TW,P12_多頭回檔,40,55.0,1.91,-10.47,-2.1
9904.TW,P03_均線支撐放量,59,54.24,2.03,-7.99,-2.1
6581.TW,P09_量縮後爆量紅K,17,52.94,2.26,-5.47,-2.1
1611.TW,P04_長下影線放量,37,51.35,2.55,-9.72,-2.1
2753.TW,P05_連跌反轉紅K,17,47.06,3.42,-5.37,-2.1
5269.TW,P08_黃金交叉量增,6,66.67,0.34,-22.71,-2.11
8464.TW,P01_量縮價穩,91,61.54,0.95,-12.26,-2.11
2402.TW,P06_價量背離,36,55.56,1.8,-13.19,-2.11
2247.TW,P04_長下影線放量,47,51.06,2.57,-5.3,-2.11
1626.TW,P09_量縮後爆量紅K,10,50.0,2.78,-7.78,-2.11
9917.TW,P08_黃金交叉量增,13,46.15,3.59,-3.14,-2.11
1341.TW,P11_多頭排列紅K,57,45.61,3.71,-3.88,-2.11
2816.TW,P12_多頭回檔,106,45.28,3.8,-5.79,-2.11
7722.TW,P07_RSI超賣量縮,19,31.58,-0.04,-17.22,-2.11
3605.TW,P03_均線支撐放量,19,31.58,-3.35,-14.15,-2.11
3266.TW,P09_量縮後爆量紅K,19,31.58,-0.11,-7.35,-2.11
2038.TW,P03_均線支撐放量,38,31.58,-3.27,-10.59,-2.11
2712.TW,P11_多頭排列紅K,38,31.58,-6.13,-13.24,-2.11
3714.TW,P04_長下影線放量,26,69.23,0.05,-13.06,-2.12
1541.TW,P10_組合訊號,60,63.33,0.7,-9.56,-2.12
4916.TW,P10_組合訊號,36,61.11,0.99,-12.05,-2.12
2612.TW,P05_連跌反轉紅K,35,60.0,1.13,-11.28,-2.12
2427.TW,P02_量增紅K,35,60.0,1.13,-12.39,-2.12
4906.TW,P05_連跌反轉紅K,22,59.09,1.25,-9.84,-2.12
3036.TW,P11_多頭排列紅K,63,57.14,1.54,-9.17,-2.12
6885.TW,P07_RSI超賣量縮,15,53.33,2.14,-14.31,-2.12
1457.TW,P02_量增紅K,21,52.38,2.32,-4.37,-2.12
3576.TW,P01_量縮價穩,66,48.48,3.07,-13.92,-2.12
1617.TW,P09_量縮後爆量紅K,19,47.37,3.31,-7.78,-2.12
2483.TW,P03_均線支撐放量,67,46.27,3.54,-6.8,-2.12
8039.TW,P06_價量背離,67,44.78,3.9,-7.95,-2.12
1463.TW,P12_多頭回檔,62,43.55,4.21,-5.09,-2.12
1423.TW,P02_量增紅K,32,37.5,6.02,-4.14,-2.12
911622.TW,P04_長下影線放量,54,31.48,-2.39,-9.55,-2.12
2405.TW,P02_量增紅K,47,59.57,1.18,-11.8,-2.13
1476.TW,P02_量增紅K,23,52.17,2.33,-10.17,-2.13
1410.TW,P04_長下影線放量,58,50.0,2.74,-4.3,-2.13
2103.TW,P02_量增紅K,15,46.67,3.43,-9.13,-2.13
3712.TW,P04_長下影線放量,18,38.89,5.53,-14.45,-2.13
2323.TW,P05_連跌反轉紅K,26,65.38,0.43,-11.98,-2.14
1316.TW,P04_長下影線放量,33,60.61,1.02,-11.9,-2.14
2323.TW,P10_組合訊號,25,60.0,1.11,-12.74,-2.14
5880.TW,P07_RSI超賣量縮,22,50.0,2.73,-3.84,-2.14
2845.TW,P02_量增紅K,12,50.0,2.73,-3.69,-2.14
6209.TW,P01_量縮價穩,87,49.43,2.84,-13.04,-2.14
2892.TW,P06_價量背離,80,46.25,3.51,-3.61,-2.14
3311.TW,P09_量縮後爆量紅K,14,42.86,4.34,-4.97,-2.14
1717.TW,P11_多頭排列紅K,41,39.02,5.46,-9.06,-2.14
2023.TW,P11_多頭排列紅K,51,31.37,-2.17,-10.83,-2.14
1707.TW,P10_組合訊號,51,31.37,-0.77,-5.3,-2.14
3058.TW,P03_均線支撐放量,51,31.37,-0.61,-9.98,-2.14
9802.TW,P03_均線支撐放量,29,58.62,1.28,-11.21,-2.15
3563.TW,P06_價量背離,60,53.33,2.09,-15.24,-2.15
9935.TW,P04_長下影線放量,68,52.94,2.16,-8.98,-2.15
6117.TW,P04_長下影線放量,42,50.0,2.71,-11.77,-2.15
7791.TW,P10_組合訊號,14,50.0,2.71,-7.76,-2.15
1786.TW,P08_黃金交叉量增,6,50.0,2.7,-16.88,-2.15
6606.TW,P05_連跌反轉紅K,22,50.0,2.7,-4.95,-2.15
3011.TW,P03_均線支撐放量,31,48.39,3.02,-13.41,-2.15
2892.TW,P04_長下影線放量,87,44.83,3.83,-3.62,-2.15
6005.TW,P10_組合訊號,47,44.68,3.86,-8.74,-2.15
6951.TW,P01_量縮價穩,74,44.59,3.88,-7.05,-2.15
1710.TW,P06_價量背離,99,31.31,-5.33,-12.91,-2.15
1541.TW,P05_連跌反轉紅K,33,57.58,1.4,-10.99,-2.16
1463.TW,P10_組合訊號,73,53.42,2.05,-6.08,-2.16
1110.TW,P07_RSI超賣量縮,40,50.0,2.68,-6.58,-2.16
1810.TW,P04_長下影線放量,50,50.0,2.67,-13.01,-2.16
1713.TW,P06_價量背離,166,42.17,4.47,-5.06,-2.16
9933.TW,P04_長下影線放量,48,31.25,-0.42,-6.08,-2.16
1723.TW,P07_RSI超賣量縮,32,31.25,-0.45,-6.72,-2.16
2227.TW,P01_量縮價穩,176,31.25,-2.85,-8.79,-2.16
4736.TW,P06_價量背離,32,31.25,-0.6,-7.56,-2.16
2913.TW,P02_量增紅K,32,31.25,-2.63,-8.75,-2.16
6120.TW,P12_多頭回檔,16,31.25,-10.54,-21.37,-2.16
1527.TW,P11_多頭排列紅K,48,31.25,-1.89,-9.38,-2.16
1460.TW,P04_長下影線放量,80,31.25,-3.81,-11.04,-2.16
2509.TW,P10_組合訊號,80,31.25,-0.59,-8.35,-2.16
6754.TW,P10_組合訊號,48,31.25,-4.2,-10.39,-2.16
3040.TW,P04_長下影線放量,48,31.25,-2.11,-8.77,-2.16
3014.TW,P10_組合訊號,31,67.74,0.13,-11.29,-2.17
6285.TW,P08_黃金交叉量增,6,66.67,0.24,-12.41,-2.17
9910.TW,P04_長下影線放量,59,59.32,1.15,-9.55,-2.17
2395.TW,P05_連跌反轉紅K,33,57.58,1.39,-9.82,-2.17
6670.TW,P09_量縮後爆量紅K,7,57.14,1.45,-13.01,-2.17
4958.TW,P03_均線支撐放量,39,56.41,1.56,-11.62,-2.17
6142.TW,P01_量縮價穩,137,54.74,1.82,-12.61,-2.17
2505.TW,P07_RSI超賣量縮,88,54.55,1.85,-9.9,-2.17
3019.TW,P01_量縮價穩,73,53.42,2.04,-10.47,-2.17
1909.TW,P08_黃金交叉量增,6,50.0,2.66,-7.31,-2.17
4555.TW,P08_黃金交叉量增,12,50.0,2.66,-6.4,-2.17
1540.TW,P12_多頭回檔,48,50.0,2.66,-6.5,-2.17
5880.TW,P01_量縮價穩,76,48.68,2.92,-4.67,-2.17
1903.TW,P04_長下影線放量,58,46.55,3.37,-8.42,-2.17
8473.TW,P05_連跌反轉紅K,39,46.15,3.47,-7.9,-2.17
6606.TW,P04_長下影線放量,59,45.76,3.56,-4.42,-2.17
9937.TW,P12_多頭回檔,138,44.93,3.75,-2.55,-2.17
6201.TW,P05_連跌反轉紅K,36,44.44,3.87,-5.11,-2.17
2330.TW,P07_RSI超賣量縮,19,42.11,4.47,-8.89,-2.17
1236.TW,P01_量縮價穩,222,40.54,4.91,-6.69,-2.17
2910.TW,P11_多頭排列紅K,61,31.15,-2.56,-10.4,-2.17
1517.TW,P03_均線支撐放量,61,31.15,-2.45,-10.44,-2.17
3714.TW,P05_連跌反轉紅K,23,65.22,0.39,-11.43,-2.18
4915.TW,P04_長下影線放量,33,63.64,0.57,-11.76,-2.18
2436.TW,P03_均線支撐放量,29,62.07,0.76,-10.2,-2.18
4927.TW,P10_組合訊號,40,60.0,1.03,-14.47,-2.18
6133.TW,P08_黃金交叉量增,10,60.0,1.03,-10.98,-2.18
8163.TW,P01_量縮價穩,73,58.9,1.19,-9.92,-2.18
1808.TW,P07_RSI超賣量縮,48,56.25,1.57,-8.89,-2.18
6885.TW,P05_連跌反轉紅K,11,54.55,1.83,-18.37,-2.18
1722.TW,P07_RSI超賣量縮,43,53.49,2.01,-5.25,-2.18
6657.TW,P06_價量背離,37,51.35,2.39,-10.34,-2.18
3056.TW,P08_黃金交叉量增,8,50.0,2.63,-7.5,-2.18
5538.TW,P07_RSI超賣量縮,42,50.0,2.64,-8.51,-2.18
1219.TW,P09_量縮後爆量紅K,6,50.0,2.65,-4.12,-2.18
2880.TW,P03_均線支撐放量,127,48.03,3.03,-5.07,-2.18
5007.TW,P05_連跌反轉紅K,18,44.44,3.84,-3.05,-2.18
3130.TW,P04_長下影線放量,55,43.64,4.04,-2.31,-2.18
7765.TW,P01_量縮價穩,45,31.11,-6.12,-13.33,-2.18
2506.TW,P10_組合訊號,74,31.08,-0.79,-6.25,-2.18
5285.TW,P03_均線支撐放量,36,61.11,0.87,-11.98,-2.19
4930.TW,P08_黃金交叉量增,7,57.14,1.42,-9.66,-2.19
1305.TW,P05_連跌反轉紅K,25,56.0,1.59,-12.84,-2.19
3481.TW,P07_RSI超賣量縮,41,51.22,2.4,-15.49,-2.19
2705.TW,P12_多頭回檔,47,48.94,2.84,-8.68,-2.19
1236.TW,P02_量增紅K,39,48.72,2.87,-6.99,-2.19
4526.TW,P07_RSI超賣量縮,66,48.48,2.92,-9.48,-2.19
1409.TW,P06_價量背離,100,48.0,3.02,-6.64,-2.19
2489.TW,P11_多頭排列紅K,30,46.67,3.31,-12.63,-2.19
6830.TW,P01_量縮價穩,79,59.49,1.06,-13.02,-2.2
1817.TW,P09_量縮後爆量紅K,12,58.33,1.23,-3.98,-2.2
8105.TW,P02_量增紅K,43,58.14,1.26,-13.23,-2.2
8261.TW,P11_多頭排列紅K,25,56.0,1.57,-13.43,-2.2
1587.TW,P03_均線支撐放量,50,52.0,2.24,-9.3,-2.2
2441.TW,P03_均線支撐放量,46,47.83,3.04,-8.64,-2.2
1440.TW,P01_量縮價穩,90,38.89,5.34,-10.26,-2.2
3058.TW,P12_多頭回檔,42,30.95,-3.58,-10.77,-2.2
4999.TW,P11_多頭排列紅K,42,30.95,-2.9,-8.86,-2.2
1304.TW,P05_連跌反轉紅K,34,61.76,0.76,-11.42,-2.21
2342.TW,P04_長下影線放量,18,61.11,0.83,-15.1,-2.21
2417.TW,P01_量縮價穩,112,51.79,2.25,-13.53,-2.21
5871.TW,P11_多頭排列紅K,67,50.75,2.44,-10.07,-2.21
6224.TW,P08_黃金交叉量增,8,50.0,2.57,-11.39,-2.21
3543.TW,P10_組合訊號,62,46.77,3.24,-8.63,-2.21
1416.TW,P11_多頭排列紅K,50,46.0,3.4,-7.33,-2.21
5880.TW,P11_多頭排列紅K,105,45.71,3.48,-4.16,-2.21
9944.TW,P02_量增紅K,21,42.86,4.19,-8.56,-2.21
2022.TW,P10_組合訊號,40,42.5,4.28,-11.19,-2.21
2206.TW,P03_均線支撐放量,49,40.82,4.73,-7.53,-2.21
2103.TW,P06_價量背離,97,30.93,-6.49,-15.17,-2.21
5546.TW,P10_組合訊號,68,30.88,-2.58,-10.66,-2.21
4999.TW,P06_價量背離,149,30.87,-1.11,-7.32,-2.21
6937.TW,P09_量縮後爆量紅K,6,66.67,0.17,-17.09,-2.22
2102.TW,P02_量增紅K,21,61.9,0.73,-11.45,-2.22
6108.TW,P06_價量背離,98,61.22,0.81,-7.62,-2.22
4551.TW,P01_量縮價穩,102,60.78,0.86,-14.48,-2.22
2349.TW,P07_RSI超賣量縮,94,52.13,2.17,-12.79,-2.22
2530.TW,P10_組合訊號,61,50.82,2.4,-5.98,-2.22
6552.TW,P07_RSI超賣量縮,81,50.62,2.45,-14.72,-2.22
6606.TW,P07_RSI超賣量縮,50,50.0,2.55,-4.71,-2.22
6525.TW,P01_量縮價穩,85,48.24,2.9,-10.22,-2.22
1720.TW,P12_多頭回檔,56,46.43,3.29,-7.14,-2.22
1603.TW,P09_量縮後爆量紅K,11,45.45,3.51,-8.4,-2.22
1315.TW,P07_RSI超賣量縮,52,44.23,3.8,-4.23,-2.22
2812.TW,P03_均線支撐放量,82,43.9,3.89,-4.22,-2.22
2636.TW,P12_多頭回檔,30,43.33,4.03,-9.02,-2.22
2903.TW,P06_價量背離,94,42.55,4.24,-6.49,-2.22
1477.TW,P03_均線支撐放量,36,58.33,1.17,-12.19,-2.23
3296.TW,P09_量縮後爆量紅K,9,55.56,1.59,-12.85,-2.23
3059.TW,P09_量縮後爆量紅K,15,53.33,1.93,-14.64,-2.23
2349.TW,P10_組合訊號,47,53.19,1.97,-10.75,-2.23
1464.TW,P04_長下影線放量,51,52.94,2.02,-5.89,-2.23
3311.TW,P04_長下影線放量,46,52.17,2.14,-8.88,-2.23
1540.TW,P07_RSI超賣量縮,58,50.0,2.54,-6.68,-2.23
8016.TW,P11_多頭排列紅K,41,48.78,2.77,-13.13,-2.23
1604.TW,P03_均線支撐放量,111,47.75,2.99,-4.73,-2.23
1617.TW,P12_多頭回檔,61,47.54,3.03,-5.7,-2.23
2614.TW,P06_價量背離,130,46.15,3.34,-9.56,-2.23
2528.TW,P06_價量背離,105,44.76,3.66,-7.4,-2.23
1301.TW,P06_價量背離,78,30.77,-1.96,-8.57,-2.23
9940.TW,P03_均線支撐放量,104,30.77,-0.28,-5.92,-2.23
1905.TW,P02_量增紅K,26,30.77,-5.34,-12.11,-2.23
2104.TW,P02_量增紅K,13,30.77,-6.9,-15.01,-2.23
3708.TW,P03_均線支撐放量,26,30.77,-4.56,-16.93,-2.23
6230.TW,P03_均線支撐放量,26,30.77,-8.92,-19.13,-2.23
8104.TW,P10_組合訊號,26,30.77,-0.33,-12.81,-2.23
6742.TW,P01_量縮價穩,52,30.77,-5.83,-21.0,-2.23
2241.TW,P09_量縮後爆量紅K,13,30.77,-2.58,-13.27,-2.23
1731.TW,P05_連跌反轉紅K,13,30.77,-0.67,-5.76,-2.23
6754.TW,P02_量增紅K,13,30.77,-2.77,-11.0,-2.23
1338.TW,P04_長下影線放量,26,30.77,-5.99,-13.8,-2.23
6861.TW,P12_多頭回檔,43,65.12,0.31,-16.25,-2.24
2478.TW,P11_多頭排列紅K,46,60.87,0.82,-14.5,-2.24
1463.TW,P07_RSI超賣量縮,86,56.98,1.35,-4.62,-2.24
6491.TW,P08_黃金交叉量增,9,55.56,1.57,-12.57,-2.24
2115.TW,P11_多頭排列紅K,38,55.26,1.62,-6.46,-2.24
1583.TW,P12_多頭回檔,61,54.1,1.8,-4.83,-2.24
4737.TW,P10_組合訊號,82,52.44,2.08,-7.29,-2.24
6176.TW,P11_多頭排列紅K,48,50.0,2.52,-9.4,-2.24
4566.TW,P01_量縮價穩,97,49.48,2.62,-11.09,-2.24
2365.TW,P01_量縮價穩,94,48.94,2.72,-12.03,-2.24
2816.TW,P01_量縮價穩,211,47.39,3.05,-6.26,-2.24
1309.TW,P06_價量背離,80,46.25,3.29,-11.68,-2.24
6792.TW,P09_量縮後爆量紅K,9,44.44,3.71,-12.97,-2.24
4720.TW,P05_連跌反轉紅K,21,57.14,1.3,-7.36,-2.25
2702.TW,P07_RSI超賣量縮,107,55.14,1.61,-10.31,-2.25
2347.TW,P04_長下影線放量,78,48.72,2.75,-7.13,-2.25
1558.TW,P05_連跌反轉紅K,23,47.83,2.93,-4.25,-2.25
2506.TW,P07_RSI超賣量縮,78,47.44,3.02,-5.65,-2.25
2892.TW,P10_組合訊號,55,47.27,3.04,-3.59,-2.25
2397.TW,P07_RSI超賣量縮,67,46.27,3.26,-6.94,-2.25
4737.TW,P09_量縮後爆量紅K,13,38.46,5.35,-7.99,-2.25
4942.TW,P03_均線支撐放量,75,30.67,-0.01,-7.88,-2.25
9914.TW,P11_多頭排列紅K,65,60.0,0.89,-13.51,-2.26
910322.TW,P04_長下影線放量,42,59.52,0.97,-8.73,-2.26
4737.TW,P06_價量背離,143,53.85,1.8,-7.7,-2.26
2478.TW,P01_量縮價穩,96,53.12,1.92,-8.93,-2.26
2404.TW,P06_價量背離,38,52.63,2.01,-11.2,-2.26
6282.TW,P03_均線支撐放量,31,51.61,2.19,-12.99,-2.26
2515.TW,P01_量縮價穩,89,50.56,2.37,-8.09,-2.26
2488.TW,P01_量縮價穩,176,48.86,2.71,-5.72,-2.26
2614.TW,P11_多頭排列紅K,35,48.57,2.76,-14.45,-2.26
2524.TW,P03_均線支撐放量,103,47.57,2.96,-6.53,-2.26
5306.TW,P07_RSI超賣量縮,73,46.58,3.18,-8.98,-2.26
3003.TW,P06_價量背離,69,46.38,3.23,-9.4,-2.26
1713.TW,P02_量增紅K,33,45.45,3.42,-6.11,-2.26
2883.TW,P03_均線支撐放量,63,44.44,3.66,-7.04,-2.26
1445.TW,P04_長下影線放量,58,41.38,4.46,-7.29,-2.26
9933.TW,P12_多頭回檔,49,30.61,-3.0,-9.61,-2.26
6671.TW,P04_長下影線放量,72,30.56,-0.24,-5.58,-2.26
2636.TW,P07_RSI超賣量縮,51,66.67,0.09,-12.35,-2.27
4919.TW,P11_多頭排列紅K,26,65.38,0.23,-12.33,-2.27
5244.TW,P11_多頭排列紅K,19,52.63,1.99,-10.93,-2.27
1611.TW,P10_組合訊號,39,51.28,2.22,-8.09,-2.27
5525.TW,P04_長下影線放量,77,48.05,2.84,-6.24,-2.27
1517.TW,P07_RSI超賣量縮,77,48.05,2.84,-11.62,-2.27
2317.TW,P01_量縮價穩,52,44.23,3.69,-9.19,-2.27
1582.TW,P01_量縮價穩,59,30.51,-0.42,-9.48,-2.27
8114.TW,P09_量縮後爆量紅K,12,66.67,0.08,-13.4,-2.28
1305.TW,P09_量縮後爆量紅K,3,66.67,0.08,-11.57,-2.28
1432.TW,P04_長下影線放量,59,54.24,1.7,-12.4,-2.28
3209.TW,P02_量增紅K,15,53.33,1.86,-12.74,-2.28
2611.TW,P05_連跌反轉紅K,21,52.38,2.01,-10.51,-2.28
1316.TW,P10_組合訊號,30,50.0,2.44,-14.94,-2.28
1446.TW,P12_多頭回檔,56,48.21,2.8,-8.85,-2.28
2536.TW,P06_價量背離,177,48.02,2.83,-5.34,-2.28
2739.TW,P06_價量背離,133,47.37,2.96,-9.03,-2.28
2880.TW,P12_多頭回檔,101,45.54,3.36,-4.65,-2.28
1720.TW,P01_量縮價穩,105,44.76,3.53,-5.84,-2.28
2609.TW,P03_均線支撐放量,29,41.38,4.4,-11.65,-2.28
3454.TW,P02_量增紅K,20,35.0,6.49,-14.22,-2.28
8341.TW,P04_長下影線放量,46,30.43,-2.4,-9.2,-2.28
6756.TW,P12_多頭回檔,23,30.43,-14.57,-24.13,-2.28
9904.TW,P11_多頭排列紅K,46,58.7,1.02,-8.13,-2.29
1314.TW,P05_連跌反轉紅K,22,54.55,1.63,-12.43,-2.29
1319.TW,P11_多頭排列紅K,51,50.98,2.23,-10.89,-2.29
9946.TW,P06_價量背離,87,50.57,2.31,-11.24,-2.29
8213.TW,P04_長下影線放量,28,50.0,2.42,-10.3,-2.29
5525.TW,P03_均線支撐放量,106,43.4,3.84,-5.33,-2.29
8422.TW,P05_連跌反轉紅K,21,42.86,4.0,-4.96,-2.29
2353.TW,P12_多頭回檔,46,39.13,5.03,-8.71,-2.29
2106.TW,P08_黃金交叉量增,8,37.5,5.56,-5.52,-2.29
2103.TW,P10_組合訊號,56,30.36,-4.0,-11.9,-2.29
6958.TW,P07_RSI超賣量縮,56,30.36,-7.34,-13.5,-2.29
4560.TW,P03_均線支撐放量,112,30.36,-0.28,-6.25,-2.29
2712.TW,P04_長下影線放量,56,30.36,-4.85,-13.2,-2.29
3481.TW,P08_黃金交叉量增,5,60.0,0.83,-13.07,-2.3
9945.TW,P05_連跌反轉紅K,29,58.62,1.01,-9.76,-2.3
8462.TW,P06_價量背離,82,56.1,1.38,-10.37,-2.3
3708.TW,P12_多頭回檔,19,52.63,1.93,-10.03,-2.3
2913.TW,P05_連跌反轉紅K,20,50.0,2.39,-7.93,-2.3
1464.TW,P07_RSI超賣量縮,68,48.53,2.68,-6.13,-2.3
2542.TW,P12_多頭回檔,63,47.62,2.88,-4.09,-2.3
1905.TW,P03_均線支撐放量,47,46.81,3.05,-9.96,-2.3
2015.TW,P10_組合訊號,62,46.77,3.04,-7.6,-2.3
2207.TW,P05_連跌反轉紅K,35,45.71,3.28,-10.46,-2.3
2009.TW,P07_RSI超賣量縮,53,45.28,3.38,-12.7,-2.3
3040.TW,P12_多頭回檔,47,44.68,3.52,-6.25,-2.3
911868.TW,P01_量縮價穩,294,44.22,3.63,-8.53,-2.3
2889.TW,P10_組合訊號,62,43.55,3.8,-5.86,-2.3
8482.TW,P10_組合訊號,47,40.43,4.62,-4.81,-2.3
2887.TW,P05_連跌反轉紅K,25,40.0,4.74,-6.24,-2.3
2489.TW,P12_多頭回檔,33,30.3,-1.7,-11.35,-2.3
2231.TW,P10_組合訊號,33,30.3,-3.8,-16.94,-2.3
1527.TW,P05_連跌反轉紅K,33,30.3,-3.31,-11.54,-2.3
1524.TW,P09_量縮後爆量紅K,9,66.67,0.03,-10.7,-2.31
2013.TW,P02_量增紅K,28,60.71,0.72,-10.07,-2.31
2484.TW,P08_黃金交叉量增,17,58.82,0.98,-10.75,-2.31
3669.TW,P03_均線支撐放量,35,57.14,1.21,-9.48,-2.31
8487.TW,P02_量增紅K,7,57.14,1.21,-7.48,-2.31
1432.TW,P12_多頭回檔,60,56.67,1.28,-9.86,-2.31
1786.TW,P07_RSI超賣量縮,76,55.26,1.49,-10.63,-2.31
9945.TW,P06_價量背離,54,53.7,1.73,-9.02,-2.31
3005.TW,P07_RSI超賣量縮,38,52.63,1.92,-9.67,-2.31
4540.TW,P04_長下影線放量,25,52.0,2.01,-12.21,-2.31
4938.TW,P06_價量背離,52,51.92,2.04,-6.7,-2.31
2524.TW,P02_量增紅K,51,50.98,2.21,-10.73,-2.31
1102.TW,P02_量增紅K,12,50.0,2.38,-6.34,-2.31
2614.TW,P05_連跌反轉紅K,26,46.15,3.16,-11.78,-2.31
6655.TW,P09_量縮後爆量紅K,22,45.45,3.32,-6.44,-2.31
2636.TW,P10_組合訊號,31,45.16,3.39,-9.92,-2.31
4560.TW,P10_組合訊號,43,30.23,-1.56,-7.13,-2.31
6955.TW,P08_黃金交叉量增,3,66.67,0.02,-9.46,-2.32
5269.TW,P11_多頭排列紅K,60,60.0,0.8,-20.59,-2.32
3591.TW,P07_RSI超賣量縮,69,57.97,1.07,-12.36,-2.32
3044.TW,P03_均線支撐放量,41,56.1,1.34,-12.52,-2.32
2102.TW,P12_多頭回檔,50,56.0,1.36,-10.01,-2.32
2461.TW,P02_量增紅K,26,53.85,1.69,-11.0,-2.32
2524.TW,P12_多頭回檔,79,53.16,1.8,-8.38,-2.32
911622.TW,P01_量縮價穩,496,52.42,1.93,-11.38,-2.32
1503.TW,P06_價量背離,82,48.78,2.59,-6.56,-2.32
2543.TW,P12_多頭回檔,42,47.62,2.82,-6.65,-2.32
4560.TW,P07_RSI超賣量縮,63,47.62,2.84,-6.78,-2.32
4576.TW,P10_組合訊號,57,47.37,2.88,-11.52,-2.32
3028.TW,P01_量縮價穩,112,47.32,2.88,-5.86,-2.32
8367.TW,P05_連跌反轉紅K,24,45.83,3.21,-9.6,-2.32
1531.TW,P03_均線支撐放量,96,30.21,-0.2,-7.34,-2.32
8341.TW,P01_量縮價穩,116,30.17,-3.28,-9.97,-2.32
6415.TW,P10_組合訊號,22,63.64,0.34,-21.88,-2.33
2201.TW,P03_均線支撐放量,62,61.29,0.62,-11.22,-2.33
2458.TW,P07_RSI超賣量縮,33,57.58,1.11,-12.06,-2.33
6269.TW,P04_長下影線放量,41,56.1,1.33,-11.1,-2.33
3209.TW,P05_連跌反轉紅K,24,54.17,1.62,-8.18,-2.33
6605.TW,P05_連跌反轉紅K,26,53.85,1.67,-11.26,-2.33
2029.TW,P11_多頭排列紅K,37,51.35,2.1,-7.06,-2.33
2905.TW,P07_RSI超賣量縮,65,49.23,2.48,-8.61,-2.33
2886.TW,P10_組合訊號,58,48.28,2.68,-3.81,-2.33
1417.TW,P04_長下影線放量,70,47.14,2.9,-9.04,-2.33
2528.TW,P04_長下影線放量,66,46.97,2.94,-10.11,-2.33
9924.TW,P03_均線支撐放量,98,44.9,3.4,-4.66,-2.33
2467.TW,P03_均線支撐放量,27,44.44,3.5,-11.49,-2.33
9942.TW,P07_RSI超賣量縮,28,42.86,3.9,-3.45,-2.33
1109.TW,P10_組合訊號,62,41.94,4.13,-5.46,-2.33
6112.TW,P01_量縮價穩,109,40.37,4.57,-7.22,-2.33
6794.TW,P01_量縮價穩,33,39.39,4.85,-7.68,-2.33
1527.TW,P03_均線支撐放量,63,30.16,-0.29,-6.83,-2.33
1718.TW,P01_量縮價穩,83,30.12,-1.78,-9.57,-2.33
2484.TW,P02_量增紅K,34,55.88,1.33,-10.6,-2.34
2397.TW,P08_黃金交叉量增,9,55.56,1.39,-7.98,-2.34
9935.TW,P10_組合訊號,58,55.17,1.44,-8.59,-2.34
1417.TW,P01_量縮價穩,150,54.67,1.52,-9.51,-2.34
1218.TW,P10_組合訊號,71,53.52,1.71,-7.54,-2.34
1722.TW,P03_均線支撐放量,55,52.73,1.84,-5.17,-2.34
6715.TW,P04_長下影線放量,71,50.7,2.19,-11.76,-2.34
6776.TW,P12_多頭回檔,58,50.0,2.33,-7.43,-2.34
5525.TW,P06_價量背離,110,49.09,2.48,-5.37,-2.34
6192.TW,P06_價量背離,116,48.28,2.66,-7.35,-2.34
1468.TW,P10_組合訊號,62,46.77,2.96,-8.78,-2.34
9911.TW,P11_多頭排列紅K,58,43.1,3.81,-5.23,-2.34
2903.TW,P03_均線支撐放量,84,42.86,3.88,-6.62,-2.34
6581.TW,P12_多頭回檔,80,41.25,4.29,-4.53,-2.34
2211.TW,P02_量增紅K,21,57.14,1.13,-11.71,-2.35
2731.TW,P12_多頭回檔,32,56.25,1.26,-13.49,-2.35
2355.TW,P05_連跌反轉紅K,33,54.55,1.52,-12.16,-2.35
2505.TW,P03_均線支撐放量,55,50.91,2.14,-7.64,-2.35
2069.TW,P03_均線支撐放量,63,49.21,2.46,-9.34,-2.35
2347.TW,P01_量縮價穩,68,48.53,2.58,-6.85,-2.35
8926.TW,P01_量縮價穩,107,44.86,3.38,-6.6,-2.35
6206.TW,P12_多頭回檔,48,41.67,4.16,-8.11,-2.35
2228.TW,P09_量縮後爆量紅K,8,37.5,5.39,-9.55,-2.35
2105.TW,P02_量增紅K,10,30.0,-8.49,-12.91,-2.35
2227.TW,P04_長下影線放量,50,30.0,-2.31,-8.02,-2.35
6869.TW,P10_組合訊號,10,30.0,-7.12,-16.99,-2.35
8404.TW,P08_黃金交叉量增,10,30.0,-2.02,-9.91,-2.35
6863.TW,P04_長下影線放量,10,30.0,-13.24,-23.08,-2.35
9946.TW,P02_量增紅K,10,30.0,-3.66,-14.45,-2.35
1310.TW,P02_量增紅K,20,30.0,-3.15,-12.05,-2.35
2477.TW,P08_黃金交叉量增,10,30.0,-3.76,-13.89,-2.35
6931.TW,P05_連跌反轉紅K,10,30.0,-6.96,-14.8,-2.35
1439.TW,P09_量縮後爆量紅K,10,30.0,-1.21,-9.66,-2.35
6152.TW,P09_量縮後爆量紅K,10,30.0,-5.07,-19.12,-2.35
1589.TW,P08_黃金交叉量增,10,30.0,-4.4,-15.67,-2.35
6598.TW,P12_多頭回檔,30,30.0,-2.38,-14.33,-2.35
3094.TW,P08_黃金交叉量增,10,30.0,-3.39,-14.63,-2.35
8466.TW,P09_量縮後爆量紅K,10,30.0,-2.21,-5.73,-2.35
2420.TW,P02_量增紅K,17,58.82,0.89,-8.14,-2.36
6558.TW,P09_量縮後爆量紅K,11,54.55,1.51,-17.93,-2.36
2851.TW,P01_量縮價穩,173,54.34,1.54,-6.58,-2.36
2492.TW,P04_長下影線放量,19,52.63,1.82,-14.18,-2.36
2454.TW,P08_黃金交叉量增,2,50.0,2.27,-14.39,-2.36
4164.TW,P06_價量背離,90,47.78,2.71,-9.01,-2.36
6005.TW,P01_量縮價穩,101,45.54,3.18,-8.7,-2.36
9911.TW,P01_量縮價穩,95,42.11,4.01,-3.43,-2.36
8131.TW,P10_組合訊號,57,40.35,4.49,-5.48,-2.36
1435.TW,P06_價量背離,65,36.92,5.56,-18.44,-2.36
3437.TW,P05_連跌反轉紅K,32,59.38,0.8,-12.63,-2.37
6235.TW,P10_組合訊號,27,59.26,0.81,-20.22,-2.37
2375.TW,P07_RSI超賣量縮,65,56.92,1.14,-15.59,-2.37
2702.TW,P05_連跌反轉紅K,39,56.41,1.21,-11.18,-2.37
6951.TW,P11_多頭排列紅K,27,55.56,1.33,-6.7,-2.37
1583.TW,P07_RSI超賣量縮,39,53.85,1.6,-6.88,-2.37
2488.TW,P03_均線支撐放量,62,51.61,1.96,-6.93,-2.37
2461.TW,P04_長下影線放量,37,51.35,2.02,-8.91,-2.37
5538.TW,P01_量縮價穩,255,49.02,2.45,-7.15,-2.37
1532.TW,P10_組合訊號,52,48.08,2.64,-7.59,-2.37
2613.TW,P05_連跌反轉紅K,25,48.0,2.65,-13.95,-2.37
1445.TW,P12_多頭回檔,84,47.62,2.72,-7.82,-2.37
2547.TW,P10_組合訊號,51,47.06,2.84,-7.1,-2.37
5525.TW,P01_量縮價穩,186,46.24,3.02,-5.42,-2.37
2328.TW,P12_多頭回檔,35,45.71,3.13,-10.61,-2.37
1108.TW,P03_均線支撐放量,71,45.07,3.28,-6.09,-2.37
1457.TW,P01_量縮價穩,170,44.12,3.5,-4.74,-2.37
2908.TW,P01_量縮價穩,97,29.9,-0.04,-6.2,-2.37
6754.TW,P07_RSI超賣量縮,67,29.85,-4.06,-9.25,-2.37
4916.TW,P04_長下影線放量,20,65.0,0.11,-15.53,-2.38
2211.TW,P09_量縮後爆量紅K,8,62.5,0.4,-9.08,-2.38
1733.TW,P10_組合訊號,66,62.12,0.44,-6.85,-2.38
9105.TW,P11_多頭排列紅K,29,62.07,0.44,-13.97,-2.38
3437.TW,P03_均線支撐放量,34,61.76,0.48,-15.09,-2.38
2753.TW,P11_多頭排列紅K,44,54.55,1.48,-8.84,-2.38
9919.TW,P08_黃金交叉量增,13,53.85,1.59,-12.1,-2.38
1476.TW,P12_多頭回檔,49,53.06,1.71,-8.33,-2.38
2884.TW,P06_價量背離,66,51.52,1.97,-5.07,-2.38
3702.TW,P01_量縮價穩,67,50.75,2.11,-6.06,-2.38
2536.TW,P07_RSI超賣量縮,67,50.75,2.1,-5.26,-2.38
1308.TW,P06_價量背離,99,47.47,2.73,-8.66,-2.38
6505.TW,P04_長下影線放量,47,29.79,-2.97,-9.27,-2.38
2002.TW,P10_組合訊號,47,29.79,-1.88,-7.26,-2.38
2227.TW,P11_多頭排列紅K,47,29.79,-3.63,-10.53,-2.38
2905.TW,P09_量縮後爆量紅K,5,60.0,0.68,-7.46,-2.39
4906.TW,P04_長下影線放量,22,59.09,0.8,-10.74,-2.39
1532.TW,P12_多頭回檔,44,56.82,1.1,-6.27,-2.39
6525.TW,P06_價量背離,78,55.13,1.36,-8.77,-2.39
1220.TW,P01_量縮價穩,194,51.03,2.04,-6.93,-2.39
5288.TW,P08_黃金交叉量增,8,50.0,2.22,-5.79,-2.39
2884.TW,P12_多頭回檔,88,48.86,2.43,-6.27,-2.39
8150.TW,P04_長下影線放量,25,48.0,2.6,-12.59,-2.39
3543.TW,P07_RSI超賣量縮,63,47.62,2.68,-8.09,-2.39
2453.TW,P02_量增紅K,32,46.88,2.84,-10.06,-2.39
2530.TW,P02_量增紅K,20,45.0,3.25,-5.76,-2.39
6136.TW,P05_連跌反轉紅K,17,41.18,4.19,-3.04,-2.39
1447.TW,P09_量縮後爆量紅K,5,40.0,4.53,-7.84,-2.39
2867.TW,P10_組合訊號,74,29.73,-2.44,-10.34,-2.39
1707.TW,P03_均線支撐放量,74,29.73,-1.02,-6.58,-2.39
1313.TW,P12_多頭回檔,37,29.73,-1.38,-14.72,-2.39
2338.TW,P03_均線支撐放量,20,65.0,0.08,-16.21,-2.4
6541.TW,P05_連跌反轉紅K,53,60.38,0.63,-17.8,-2.4
2707.TW,P12_多頭回檔,48,56.25,1.17,-8.88,-2.4
1626.TW,P04_長下影線放量,73,54.79,1.39,-9.33,-2.4
1220.TW,P12_多頭回檔,48,52.08,1.83,-6.82,-2.4
2388.TW,P01_量縮價穩,62,50.0,2.2,-20.25,-2.4
1609.TW,P12_多頭回檔,26,38.46,4.97,-11.68,-2.4
9136.TW,P02_量增紅K,29,37.93,5.14,-7.65,-2.4
1423.TW,P12_多頭回檔,105,35.24,6.06,-4.29,-2.4
2867.TW,P09_量縮後爆量紅K,6,33.33,6.81,-5.45,-2.4
1714.TW,P01_量縮價穩,104,55.77,1.23,-6.87,-2.41
2605.TW,P11_多頭排列紅K,27,51.85,1.85,-14.95,-2.41
5538.TW,P11_多頭排列紅K,43,48.84,2.4,-7.58,-2.41
2702.TW,P04_長下影線放量,39,48.72,2.43,-10.89,-2.41
1540.TW,P03_均線支撐放量,51,47.06,2.74,-5.81,-2.41
2527.TW,P06_價量背離,99,46.46,2.89,-8.6,-2.41
2359.TW,P09_量縮後爆量紅K,13,46.15,2.93,-10.92,-2.41
6776.TW,P05_連跌反轉紅K,20,45.0,3.21,-9.69,-2.41
2464.TW,P10_組合訊號,33,42.42,3.83,-8.54,-2.41
1236.TW,P03_均線支撐放量,82,36.59,5.54,-5.84,-2.41
1720.TW,P08_黃金交叉量增,6,33.33,6.76,-7.94,-2.41
1227.TW,P05_連跌反轉紅K,27,29.63,-1.56,-5.63,-2.41
8341.TW,P06_價量背離,108,29.63,-1.68,-8.87,-2.41
2239.TW,P11_多頭排列紅K,27,29.63,-11.05,-19.1,-2.41
6504.TW,P11_多頭排列紅K,27,29.63,-2.79,-8.93,-2.41
2038.TW,P12_多頭回檔,27,29.63,-6.5,-17.64,-2.41
5546.TW,P11_多頭排列紅K,27,29.63,-3.77,-9.85,-2.41
8466.TW,P02_量增紅K,27,29.63,-2.26,-8.39,-2.41
3004.TW,P02_量增紅K,23,65.22,0.02,-12.43,-2.42
4142.TW,P09_量縮後爆量紅K,8,62.5,0.33,-8.83,-2.42
1709.TW,P12_多頭回檔,38,60.53,0.56,-7.81,-2.42
8162.TW,P09_量縮後爆量紅K,5,60.0,0.64,-9.87,-2.42
6698.TW,P06_價量背離,83,53.01,1.64,-14.99,-2.42
6168.TW,P01_量縮價穩,102,52.94,1.66,-13.08,-2.42
1339.TW,P11_多頭排列紅K,39,51.28,1.94,-12.27,-2.42
5533.TW,P07_RSI超賣量縮,43,51.16,1.94,-6.2,-2.42
4989.TW,P01_量縮價穩,132,49.24,2.3,-14.68,-2.42
1535.TW,P11_多頭排列紅K,62,48.39,2.47,-5.43,-2.42
1321.TW,P10_組合訊號,90,46.67,2.81,-6.28,-2.42
6582.TW,P03_均線支撐放量,44,45.45,3.07,-10.87,-2.42
1906.TW,P07_RSI超賣量縮,65,44.62,3.26,-6.97,-2.42
8103.TW,P07_RSI超賣量縮,50,44.0,3.41,-11.86,-2.42
2501.TW,P11_多頭排列紅K,52,42.31,3.83,-8.48,-2.42
9911.TW,P03_均線支撐放量,88,42.05,3.9,-4.23,-2.42
2227.TW,P05_連跌反轉紅K,44,29.55,-5.02,-13.7,-2.42
2108.TW,P01_量縮價穩,88,29.55,-6.01,-12.25,-2.42
2379.TW,P04_長下影線放量,38,57.89,0.89,-13.22,-2.43
1308.TW,P08_黃金交叉量增,9,55.56,1.23,-11.7,-2.43
1437.TW,P10_組合訊號,68,54.41,1.39,-6.72,-2.43
5244.TW,P02_量增紅K,20,50.0,2.14,-14.09,-2.43
6166.TW,P10_組合訊號,30,46.67,2.79,-7.8,-2.43
9935.TW,P03_均線支撐放量,53,45.28,3.1,-8.76,-2.43
3130.TW,P08_黃金交叉量增,9,44.44,3.28,-4.31,-2.43
9924.TW,P04_長下影線放量,48,43.75,3.44,-4.65,-2.43
1339.TW,P10_組合訊號,48,43.75,3.43,-6.48,-2.43
2010.TW,P04_長下影線放量,49,42.86,3.67,-7.67,-2.43
2836.TW,P10_組合訊號,61,40.98,4.15,-3.3,-2.43
1419.TW,P02_量增紅K,61,29.51,-0.28,-6.36,-2.43
1618.TW,P02_量增紅K,30,56.67,1.05,-11.19,-2.44
2634.TW,P05_連跌反轉紅K,22,54.55,1.36,-8.52,-2.44
5531.TW,P05_連跌反轉紅K,39,53.85,1.46,-8.57,-2.44
4439.TW,P01_量縮價穩,189,50.26,2.08,-7.73,-2.44
2390.TW,P08_黃金交叉量增,13,46.15,2.89,-15.89,-2.44
2010.TW,P11_多頭排列紅K,33,45.45,3.04,-8.62,-2.44
2027.TW,P01_量縮價穩,80,43.75,3.43,-11.61,-2.44
2834.TW,P01_量縮價穩,77,41.56,3.97,-3.74,-2.44
2017.TW,P11_多頭排列紅K,39,38.46,4.85,-13.31,-2.44
2867.TW,P06_價量背離,163,29.45,-0.09,-8.32,-2.44
1227.TW,P07_RSI超賣量縮,51,29.41,-1.23,-5.79,-2.44
1718.TW,P02_量增紅K,17,29.41,-2.78,-12.09,-2.44
3054.TW,P11_多頭排列紅K,34,29.41,-3.01,-13.62,-2.44
7732.TW,P11_多頭排列紅K,17,29.41,-6.5,-12.92,-2.44
1541.TW,P11_多頭排列紅K,34,29.41,-1.61,-13.92,-2.44
1711.TW,P03_均線支撐放量,49,55.1,1.26,-9.69,-2.45
3023.TW,P11_多頭排列紅K,69,55.07,1.27,-14.16,-2.45
2395.TW,P10_組合訊號,44,54.55,1.34,-11.0,-2.45
1760.TW,P10_組合訊號,32,53.12,1.57,-13.61,-2.45
2897.TW,P05_連跌反轉紅K,28,50.0,2.1,-6.01,-2.45
1307.TW,P06_價量背離,120,49.17,2.26,-7.53,-2.45
2704.TW,P02_量增紅K,37,48.65,2.34,-8.52,-2.45
9919.TW,P10_組合訊號,33,48.48,2.39,-14.95,-2.45
1457.TW,P07_RSI超賣量縮,43,41.86,3.87,-4.81,-2.45
2102.TW,P03_均線支撐放量,57,61.4,0.39,-8.79,-2.46
2442.TW,P02_量增紅K,33,60.61,0.49,-12.38,-2.46
8104.TW,P07_RSI超賣量縮,76,55.26,1.21,-16.84,-2.46
1216.TW,P01_量縮價穩,56,46.43,2.78,-4.18,-2.46
1722.TW,P04_長下影線放量,54,46.3,2.8,-6.41,-2.46
4532.TW,P01_量縮價穩,102,45.1,3.07,-7.19,-2.46
1341.TW,P03_均線支撐放量,153,43.14,3.54,-3.47,-2.46
8481.TW,P02_量增紅K,28,42.86,3.59,-5.61,-2.46
3028.TW,P05_連跌反轉紅K,17,41.18,4.02,-5.26,-2.46
9945.TW,P01_量縮價穩,86,38.37,4.82,-9.9,-2.46
6128.TW,P01_量縮價穩,191,29.32,-0.31,-6.72,-2.46
1310.TW,P10_組合訊號,41,29.27,-4.98,-11.97,-2.46
3419.TW,P04_長下影線放量,36,58.33,0.77,-11.48,-2.47
2722.TW,P06_價量背離,121,57.85,0.83,-12.43,-2.47
6438.TW,P03_均線支撐放量,24,54.17,1.37,-15.42,-2.47
3447.TW,P11_多頭排列紅K,27,51.85,1.73,-19.74,-2.47
2607.TW,P03_均線支撐放量,48,50.0,2.07,-8.05,-2.47
8487.TW,P10_組合訊號,16,50.0,2.06,-6.33,-2.47
1104.TW,P11_多頭排列紅K,52,48.08,2.43,-6.0,-2.47
1445.TW,P11_多頭排列紅K,55,47.27,2.58,-9.95,-2.47
8478.TW,P06_價量背離,62,46.77,2.68,-16.84,-2.47
2547.TW,P03_均線支撐放量,54,46.3,2.79,-6.86,-2.47
2397.TW,P03_均線支撐放量,66,43.94,3.3,-6.05,-2.47
9919.TW,P01_量縮價穩,142,43.66,3.38,-12.44,-2.47
8454.TW,P02_量增紅K,18,38.89,4.66,-13.82,-2.47
4108.TW,P06_價量背離,154,29.22,-1.88,-10.44,-2.47
2002.TW,P03_均線支撐放量,89,29.21,-0.95,-7.41,-2.47
2104.TW,P01_量縮價穩,89,29.21,-6.11,-12.57,-2.47
5203.TW,P10_組合訊號,62,56.45,1.01,-8.52,-2.48
2395.TW,P07_RSI超賣量縮,25,56.0,1.06,-8.33,-2.48
8150.TW,P11_多頭排列紅K,50,56.0,1.07,-13.21,-2.48
2302.TW,P03_均線支撐放量,30,53.33,1.47,-14.91,-2.48
7631.TW,P07_RSI超賣量縮,20,50.0,2.04,-9.45,-2.48
1541.TW,P07_RSI超賣量縮,93,49.46,2.14,-9.25,-2.48
8367.TW,P10_組合訊號,65,49.23,2.18,-8.92,-2.48
4737.TW,P01_量縮價穩,205,48.29,2.35,-8.67,-2.48
1216.TW,P05_連跌反轉紅K,40,47.5,2.51,-4.7,-2.48
2889.TW,P01_量縮價穩,137,43.8,3.32,-6.04,-2.48
3026.TW,P01_量縮價穩,118,42.37,3.67,-6.11,-2.48
2608.TW,P11_多頭排列紅K,67,41.79,3.82,-5.56,-2.48
8213.TW,P09_量縮後爆量紅K,5,40.0,4.3,-7.38,-2.48
1414.TW,P01_量縮價穩,133,39.1,4.56,-7.9,-2.48
1521.TW,P05_連跌反轉紅K,48,29.17,-1.67,-8.95,-2.48
6168.TW,P03_均線支撐放量,34,61.76,0.3,-13.06,-2.49
2545.TW,P02_量增紅K,26,57.69,0.81,-9.58,-2.49
3296.TW,P03_均線支撐放量,75,53.33,1.46,-10.39,-2.49
2528.TW,P10_組合訊號,75,50.67,1.91,-9.7,-2.49
6923.TW,P08_黃金交叉量增,2,50.0,2.02,-12.64,-2.49
9924.TW,P09_量縮後爆量紅K,8,50.0,2.03,-4.48,-2.49
1236.TW,P05_連跌反轉紅K,20,50.0,2.02,-6.7,-2.49
8473.TW,P04_長下影線放量,43,48.84,2.23,-9.22,-2.49
4930.TW,P01_量縮價穩,180,47.22,2.54,-10.9,-2.49
6606.TW,P01_量縮價穩,211,45.02,3.01,-4.5,-2.49
8482.TW,P09_量縮後爆量紅K,16,43.75,3.32,-7.08,-2.49
1215.TW,P08_黃金交叉量增,5,60.0,0.5,-5.67,-2.5
2049.TW,P01_量縮價穩,55,52.73,1.53,-14.17,-2.5
8404.TW,P07_RSI超賣量縮,59,52.54,1.56,-9.81,-2.5
6606.TW,P11_多頭排列紅K,41,51.22,1.78,-6.24,-2.5
4439.TW,P04_長下影線放量,49,48.98,2.19,-10.56,-2.5
2609.TW,P06_價量背離,75,46.67,2.65,-12.1,-2.5
2308.TW,P10_組合訊號,37,45.95,2.79,-12.17,-2.5
4942.TW,P01_量縮價穩,117,29.06,-0.33,-7.52,-2.5
1326.TW,P10_組合訊號,62,29.03,-0.85,-8.4,-2.5
2371.TW,P12_多頭回檔,31,29.03,-1.18,-13.74,-2.5
2012.TW,P07_RSI超賣量縮,91,52.75,1.52,-8.32,-2.51
6405.TW,P06_價量背離,90,52.22,1.59,-12.34,-2.51
2455.TW,P03_均線支撐放量,29,51.72,1.69,-20.64,-2.51
8150.TW,P01_量縮價穩,49,48.98,2.17,-11.93,-2.51
9918.TW,P09_量縮後爆量紅K,23,43.48,3.32,-1.67,-2.51
6112.TW,P10_組合訊號,50,40.0,4.21,-6.35,-2.51
2905.TW,P03_均線支撐放量,69,28.99,-1.0,-10.54,-2.51
8341.TW,P12_多頭回檔,38,28.95,-4.42,-9.22,-2.51
1459.TW,P02_量增紅K,38,28.95,-1.0,-12.0,-2.51
4106.TW,P11_多頭排列紅K,38,28.95,-0.9,-10.86,-2.51
2012.TW,P08_黃金交叉量增,10,60.0,0.46,-7.55,-2.52
6796.TW,P10_組合訊號,27,59.26,0.57,-12.09,-2.52
8222.TW,P03_均線支撐放量,30,53.33,1.39,-11.43,-2.52
8499.TW,P12_多頭回檔,42,50.0,1.97,-10.99,-2.52
2739.TW,P05_連跌反轉紅K,27,40.74,4.0,-11.74,-2.52
2028.TW,P12_多頭回檔,77,29.87,8.01,-7.7,-2.52
1903.TW,P09_量縮後爆量紅K,12,25.0,10.91,-9.62,-2.52
6477.TW,P10_組合訊號,23,56.52,0.9,-14.28,-2.53
2395.TW,P06_價量背離,42,54.76,1.16,-8.22,-2.53
1605.TW,P02_量增紅K,18,50.0,1.94,-12.45,-2.53
2413.TW,P08_黃金交叉量增,4,50.0,1.93,-14.91,-2.53
2062.TW,P10_組合訊號,64,48.44,2.22,-9.59,-2.53
1760.TW,P05_連跌反轉紅K,29,48.28,2.26,-12.63,-2.53
1802.TW,P01_量縮價穩,105,47.62,2.39,-12.17,-2.53
2476.TW,P10_組合訊號,36,47.22,2.46,-10.77,-2.53
1438.TW,P02_量增紅K,44,45.45,2.84,-10.41,-2.53
1506.TW,P11_多頭排列紅K,47,44.68,3.01,-11.21,-2.53
1110.TW,P05_連跌反轉紅K,18,44.44,3.05,-6.7,-2.53
2520.TW,P10_組合訊號,43,44.19,3.12,-9.06,-2.53
3528.TW,P01_量縮價穩,229,44.1,3.14,-4.31,-2.53
3026.TW,P05_連跌反轉紅K,31,41.94,3.67,-6.9,-2.53
4755.TW,P11_多頭排列紅K,36,41.67,3.72,-11.37,-2.53
2504.TW,P01_量縮價穩,83,40.96,3.92,-9.45,-2.53
1434.TW,P11_多頭排列紅K,52,28.85,-3.12,-7.8,-2.53
2002.TW,P01_量縮價穩,59,28.81,-1.06,-10.02,-2.53
6128.TW,P04_長下影線放量,59,28.81,-0.68,-8.01,-2.53
6834.TW,P09_量縮後爆量紅K,11,63.64,0.0,-15.61,-2.54
9136.TW,P12_多頭回檔,75,54.67,1.15,-7.26,-2.54
3296.TW,P01_量縮價穩,116,52.59,1.48,-12.44,-2.54
2031.TW,P02_量增紅K,20,50.0,1.92,-12.36,-2.54
2542.TW,P03_均線支撐放量,87,45.98,2.7,-5.08,-2.54
6184.TW,P03_均線支撐放量,125,44.0,3.14,-2.13,-2.54
6625.TW,P11_多頭排列紅K,34,38.24,4.67,-11.85,-2.54
9958.TW,P05_連跌反轉紅K,30,60.0,0.42,-16.82,-2.55
2102.TW,P01_量縮價穩,145,57.93,0.68,-9.25,-2.55
2702.TW,P10_組合訊號,45,57.78,0.71,-8.21,-2.55
3011.TW,P10_組合訊號,52,57.69,0.71,-14.83,-2.55
3062.TW,P02_量增紅K,46,56.52,0.87,-15.15,-2.55
2474.TW,P11_多頭排列紅K,56,51.79,1.6,-8.92,-2.55
2915.TW,P07_RSI超賣量縮,62,51.61,1.62,-10.56,-2.55
2478.TW,P03_均線支撐放量,34,50.0,1.89,-9.54,-2.55
3652.TW,P07_RSI超賣量縮,40,50.0,1.91,-7.5,-2.55
1906.TW,P05_連跌反轉紅K,18,50.0,1.9,-8.36,-2.55
8404.TW,P10_組合訊號,72,44.44,3.01,-9.41,-2.55
3026.TW,P04_長下影線放量,61,44.26,3.06,-7.98,-2.55
6209.TW,P08_黃金交叉量增,7,42.86,3.38,-16.5,-2.55
2107.TW,P09_量縮後爆量紅K,6,33.33,6.34,-3.65,-2.55
1460.TW,P06_價量背離,188,28.72,-3.12,-11.27,-2.55
2477.TW,P02_量增紅K,35,60.0,0.4,-11.63,-2.56
2905.TW,P12_多頭回檔,38,57.89,0.67,-10.54,-2.56
6176.TW,P03_均線支撐放量,66,53.03,1.37,-9.56,-2.56
4155.TW,P10_組合訊號,55,52.73,1.42,-8.2,-2.56
3702.TW,P05_連跌反轉紅K,26,50.0,1.87,-9.97,-2.56
4938.TW,P01_量縮價穩,79,49.37,1.99,-7.66,-2.56
9136.TW,P06_價量背離,100,47.0,2.44,-7.96,-2.56
2483.TW,P12_多頭回檔,66,46.97,2.45,-5.72,-2.56
1473.TW,P12_多頭回檔,63,46.03,2.64,-8.03,-2.56
5880.TW,P04_長下影線放量,64,42.19,3.53,-4.79,-2.56
1103.TW,P05_連跌反轉紅K,27,37.04,4.98,-6.26,-2.56
6269.TW,P06_價量背離,65,60.0,0.38,-9.51,-2.57
1904.TW,P11_多頭排列紅K,45,53.33,1.31,-8.28,-2.57
2324.TW,P03_均線支撐放量,59,50.85,1.72,-7.77,-2.57
2762.TW,P10_組合訊號,16,50.0,1.86,-10.52,-2.57
2440.TW,P10_組合訊號,66,50.0,1.86,-10.7,-2.57
2891.TW,P01_量縮價穩,51,41.18,3.76,-5.01,-2.57
2008.TW,P08_黃金交叉量增,22,40.91,3.82,-5.95,-2.57
2707.TW,P10_組合訊號,55,36.36,5.17,-6.57,-2.57
1301.TW,P04_長下影線放量,56,28.57,-5.54,-12.4,-2.57
6770.TW,P10_組合訊號,21,28.57,-10.55,-17.02,-2.57
2385.TW,P07_RSI超賣量縮,21,28.57,-0.91,-9.34,-2.57
6890.TW,P06_價量背離,7,28.57,-9.51,-20.44,-2.57
8021.TW,P09_量縮後爆量紅K,7,28.57,-7.55,-16.77,-2.57
2520.TW,P09_量縮後爆量紅K,7,28.57,-2.84,-12.06,-2.57
1723.TW,P05_連跌反轉紅K,28,28.57,-0.69,-7.09,-2.57
1723.TW,P12_多頭回檔,56,28.57,-2.02,-6.86,-2.57
6901.TW,P02_量增紅K,7,28.57,-14.29,-18.51,-2.57
8114.TW,P08_黃金交叉量增,7,28.57,-1.99,-11.1,-2.57
1905.TW,P09_量縮後爆量紅K,7,28.57,-5.47,-11.89,-2.57
2547.TW,P09_量縮後爆量紅K,7,28.57,-0.47,-8.77,-2.57
7765.TW,P02_量增紅K,7,28.57,-4.95,-15.03,-2.57
4771.TW,P12_多頭回檔,7,28.57,-4.84,-10.3,-2.57
6914.TW,P11_多頭排列紅K,7,28.57,-7.04,-15.74,-2.57
1714.TW,P02_量增紅K,21,28.57,-1.8,-11.23,-2.57
2466.TW,P02_量增紅K,7,28.57,-3.59,-15.1,-2.57
4438.TW,P04_長下影線放量,63,28.57,-2.02,-8.35,-2.57
2614.TW,P08_黃金交叉量增,7,28.57,-5.21,-15.71,-2.57
3716.TW,P05_連跌反轉紅K,7,28.57,-1.89,-14.65,-2.57
1527.TW,P08_黃金交叉量增,7,28.57,-1.49,-9.32,-2.57
1460.TW,P08_黃金交叉量增,14,28.57,-4.86,-9.25,-2.57
2254.TW,P09_量縮後爆量紅K,7,28.57,-3.23,-14.38,-2.57
6504.TW,P08_黃金交叉量增,7,28.57,-6.55,-15.61,-2.57
2022.TW,P01_量縮價穩,98,28.57,-1.12,-14.05,-2.57
1530.TW,P08_黃金交叉量增,7,28.57,-0.8,-4.42,-2.57
6754.TW,P09_量縮後爆量紅K,7,28.57,-4.0,-15.64,-2.57
7705.TW,P04_長下影線放量,7,28.57,-13.75,-17.07,-2.57
3092.TW,P09_量縮後爆量紅K,7,28.57,-8.73,-25.03,-2.57
1626.TW,P03_均線支撐放量,56,28.57,-1.98,-10.13,-2.57
2393.TW,P01_量縮價穩,76,60.53,0.3,-10.41,-2.58
1470.TW,P11_多頭排列紅K,42,59.52,0.43,-7.69,-2.58
1256.TW,P10_組合訊號,52,57.69,0.66,-13.24,-2.58
9935.TW,P07_RSI超賣量縮,70,55.71,0.93,-10.32,-2.58
1589.TW,P10_組合訊號,34,52.94,1.36,-10.16,-2.58
2069.TW,P10_組合訊號,45,48.89,2.05,-10.15,-2.58
2520.TW,P06_價量背離,68,45.59,2.7,-9.5,-2.58
2539.TW,P07_RSI超賣量縮,38,39.47,4.21,-3.82,-2.58
1443.TW,P05_連跌反轉紅K,36,38.89,4.36,-6.21,-2.58
3058.TW,P05_連跌反轉紅K,32,56.25,0.83,-14.87,-2.59
1304.TW,P01_量縮價穩,99,48.48,2.1,-12.25,-2.59
4942.TW,P04_長下影線放量,42,47.62,2.26,-6.9,-2.59
1216.TW,P06_價量背離,101,46.53,2.47,-4.1,-2.59
2852.TW,P02_量增紅K,22,45.45,2.69,-5.09,-2.59
2363.TW,P01_量縮價穩,71,45.07,2.8,-14.74,-2.59
2013.TW,P10_組合訊號,58,43.1,3.23,-8.22,-2.59
5007.TW,P09_量縮後爆量紅K,14,42.86,3.28,-3.32,-2.59
6112.TW,P07_RSI超賣量縮,44,38.64,4.42,-9.11,-2.59
2608.TW,P04_長下影線放量,56,33.93,6.01,-4.55,-2.59
8438.TW,P05_連跌反轉紅K,24,58.33,0.55,-12.76,-2.6
6695.TW,P05_連跌反轉紅K,34,55.88,0.87,-17.5,-2.6
3712.TW,P11_多頭排列紅K,38,52.63,1.37,-12.45,-2.6
1432.TW,P02_量增紅K,38,52.63,1.36,-11.8,-2.6
6192.TW,P02_量增紅K,21,52.38,1.4,-8.07,-2.6
6672.TW,P10_組合訊號,30,50.0,1.8,-13.69,-2.6
1530.TW,P09_量縮後爆量紅K,13,46.15,2.54,-3.83,-2.6
1220.TW,P06_價量背離,125,44.8,2.83,-6.21,-2.6
2450.TW,P07_RSI超賣量縮,54,44.44,2.9,-3.87,-2.6
1104.TW,P04_長下影線放量,46,43.48,3.11,-5.66,-2.6
2618.TW,P06_價量背離,58,41.38,3.64,-14.75,-2.6
9110.TW,P09_量縮後爆量紅K,27,40.74,3.81,-10.8,-2.6
1445.TW,P06_價量背離,169,40.24,3.93,-5.93,-2.6
3437.TW,P08_黃金交叉量增,10,40.0,4.01,-19.28,-2.6
5534.TW,P10_組合訊號,74,39.19,4.24,-6.02,-2.6
2301.TW,P08_黃金交叉量增,15,53.33,1.23,-7.79,-2.61
3266.TW,P12_多頭回檔,83,53.01,1.29,-7.25,-2.61
2511.TW,P05_連跌反轉紅K,20,50.0,1.79,-5.38,-2.61
3054.TW,P03_均線支撐放量,93,48.39,2.07,-6.14,-2.61
7730.TW,P10_組合訊號,9,44.44,2.89,-13.1,-2.61
4545.TW,P02_量增紅K,30,43.33,3.14,-11.01,-2.61
2536.TW,P12_多頭回檔,79,43.04,3.19,-5.45,-2.61
2247.TW,P10_組合訊號,62,41.94,3.46,-5.46,-2.61
1423.TW,P04_長下影線放量,79,39.24,4.18,-4.63,-2.61
2013.TW,P01_量縮價穩,164,37.2,4.81,-7.75,-2.61
4999.TW,P03_均線支撐放量,60,28.33,-2.72,-8.48,-2.61
2355.TW,P01_量縮價穩,74,60.81,0.2,-13.1,-2.62
2314.TW,P01_量縮價穩,96,57.29,0.64,-18.2,-2.62
1446.TW,P01_量縮價穩,143,54.55,1.03,-7.84,-2.62
2498.TW,P01_量縮價穩,56,53.57,1.18,-15.89,-2.62
5871.TW,P12_多頭回檔,60,53.33,1.22,-11.81,-2.62
1442.TW,P05_連跌反轉紅K,42,52.38,1.37,-9.65,-2.62
4532.TW,P05_連跌反轉紅K,24,50.0,1.76,-10.09,-2.62
8462.TW,P05_連跌反轉紅K,29,48.28,2.06,-10.97,-2.62
2812.TW,P07_RSI超賣量縮,15,46.67,2.38,-2.89,-2.62
6192.TW,P12_多頭回檔,73,46.58,2.41,-6.68,-2.62
2466.TW,P04_長下影線放量,87,45.98,2.52,-6.61,-2.62
6214.TW,P11_多頭排列紅K,58,44.83,2.78,-6.28,-2.62
1417.TW,P06_價量背離,123,43.9,2.98,-8.57,-2.62
2701.TW,P05_連跌反轉紅K,16,43.75,3.01,-5.43,-2.62
2882.TW,P12_多頭回檔,59,42.37,3.33,-7.75,-2.62
2488.TW,P02_量增紅K,26,42.31,3.35,-7.62,-2.62
1338.TW,P03_均線支撐放量,46,28.26,-2.79,-11.55,-2.62
6770.TW,P11_多頭排列紅K,31,58.06,0.53,-16.09,-2.63
6213.TW,P04_長下影線放量,36,55.56,0.86,-15.22,-2.63
5269.TW,P05_連跌反轉紅K,28,53.57,1.16,-21.16,-2.63
9941.TW,P03_均線支撐放量,44,47.73,2.15,-10.19,-2.63
2851.TW,P05_連跌反轉紅K,27,44.44,2.83,-6.94,-2.63
3266.TW,P11_多頭排列紅K,36,44.44,2.82,-6.86,-2.63
2881.TW,P05_連跌反轉紅K,40,42.5,3.27,-6.74,-2.63
1108.TW,P10_組合訊號,44,40.91,3.69,-7.38,-2.63
3679.TW,P05_連跌反轉紅K,27,40.74,3.73,-10.05,-2.63
2548.TW,P05_連跌反轉紅K,26,38.46,4.35,-5.01,-2.63
9940.TW,P06_價量背離,156,28.21,-0.57,-5.93,-2.63
1463.TW,P08_黃金交叉量增,7,57.14,0.62,-7.3,-2.64
1530.TW,P11_多頭排列紅K,52,51.92,1.41,-6.43,-2.64
6534.TW,P06_價量背離,29,48.28,2.04,-7.55,-2.64
2030.TW,P03_均線支撐放量,46,43.48,3.02,-7.0,-2.64
1419.TW,P05_連跌反轉紅K,26,38.46,4.34,-7.15,-2.64
8341.TW,P10_組合訊號,64,28.12,-4.03,-10.02,-2.64
2115.TW,P05_連跌反轉紅K,39,58.97,0.37,-5.89,-2.65
6558.TW,P02_量增紅K,30,56.67,0.67,-17.99,-2.65
6885.TW,P06_價量背離,15,53.33,1.16,-16.3,-2.65
6533.TW,P06_價量背離,32,53.12,1.18,-16.74,-2.65
2450.TW,P09_量縮後爆量紅K,6,50.0,1.69,-3.91,-2.65
2488.TW,P07_RSI超賣量縮,64,48.44,1.99,-6.66,-2.65
9924.TW,P10_組合訊號,79,48.1,2.05,-4.96,-2.65
1722.TW,P12_多頭回檔,53,45.28,2.61,-6.05,-2.65
2247.TW,P06_價量背離,170,44.12,2.87,-4.7,-2.65
2489.TW,P09_量縮後爆量紅K,5,40.0,3.88,-13.64,-2.65
1714.TW,P11_多頭排列紅K,35,54.29,0.99,-9.06,-2.66
4142.TW,P10_組合訊號,28,53.57,1.1,-9.79,-2.66
3092.TW,P06_價量背離,86,52.33,1.3,-14.98,-2.66
3026.TW,P09_量縮後爆量紅K,8,50.0,1.69,-6.83,-2.66
1752.TW,P01_量縮價穩,71,49.3,1.8,-7.09,-2.66
2430.TW,P11_多頭排列紅K,59,47.46,2.14,-7.85,-2.66
2207.TW,P12_多頭回檔,65,44.62,2.73,-9.67,-2.66
2007.TW,P06_價量背離,148,41.22,3.54,-12.55,-2.66
1109.TW,P07_RSI超賣量縮,68,41.18,3.55,-7.84,-2.66
2464.TW,P08_黃金交叉量增,15,40.0,3.84,-7.56,-2.66
6592.TW,P03_均線支撐放量,50,28.0,-2.45,-11.85,-2.66
1312.TW,P11_多頭排列紅K,25,28.0,-4.3,-16.72,-2.66
5608.TW,P12_多頭回檔,25,28.0,-1.35,-15.55,-2.66
8442.TW,P05_連跌反轉紅K,25,28.0,-3.8,-10.85,-2.66
1702.TW,P12_多頭回檔,49,48.98,1.84,-5.14,-2.67
6142.TW,P07_RSI超賣量縮,121,47.93,2.04,-14.84,-2.67
1460.TW,P05_連跌反轉紅K,44,47.73,2.07,-9.35,-2.67
2114.TW,P02_量增紅K,21,47.62,2.08,-5.59,-2.67
2459.TW,P04_長下影線放量,64,45.31,2.56,-4.68,-2.67
1432.TW,P06_價量背離,137,43.07,3.05,-7.52,-2.67
5546.TW,P03_均線支撐放量,68,27.94,-5.2,-11.46,-2.67
2506.TW,P03_均線支撐放量,111,27.93,-0.72,-5.05,-2.67
2509.TW,P06_價量背離,154,27.92,-1.45,-8.32,-2.67
1312.TW,P10_組合訊號,43,27.91,-6.32,-12.33,-2.67
1735.TW,P11_多頭排列紅K,43,27.91,-0.01,-6.6,-2.67
6142.TW,P12_多頭回檔,42,59.52,0.26,-10.23,-2.68
5288.TW,P09_量縮後爆量紅K,7,57.14,0.56,-10.22,-2.68
6431.TW,P06_價量背離,80,53.75,1.04,-11.92,-2.68
1609.TW,P04_長下影線放量,17,52.94,1.16,-13.68,-2.68
2425.TW,P03_均線支撐放量,36,52.78,1.18,-12.99,-2.68
2462.TW,P02_量增紅K,25,52.0,1.31,-11.33,-2.68
2509.TW,P11_多頭排列紅K,41,51.22,1.44,-8.13,-2.68
2323.TW,P08_黃金交叉量增,6,50.0,1.64,-12.29,-2.68
2527.TW,P08_黃金交叉量增,10,50.0,1.63,-9.39,-2.68
6214.TW,P04_長下影線放量,37,48.65,1.89,-7.2,-2.68
2464.TW,P06_價量背離,86,46.51,2.29,-8.0,-2.68
2852.TW,P11_多頭排列紅K,81,45.68,2.46,-5.6,-2.68
1203.TW,P01_量縮價穩,271,44.28,2.75,-5.23,-2.68
3447.TW,P06_價量背離,59,44.07,2.79,-11.21,-2.68
9917.TW,P04_長下影線放量,69,43.48,2.94,-4.38,-2.68
9930.TW,P10_組合訊號,74,43.24,2.98,-3.17,-2.68
6625.TW,P09_量縮後爆量紅K,16,37.5,4.51,-14.62,-2.68
6951.TW,P06_價量背離,38,34.21,5.64,-5.68,-2.68
2506.TW,P12_多頭回檔,61,27.87,-0.82,-5.59,-2.68
6834.TW,P12_多頭回檔,28,60.71,0.09,-10.69,-2.69
3003.TW,P08_黃金交叉量增,10,60.0,0.19,-10.16,-2.69
2425.TW,P04_長下影線放量,40,57.5,0.49,-13.0,-2.69
2906.TW,P11_多頭排列紅K,41,56.1,0.68,-9.02,-2.69
5706.TW,P02_量增紅K,25,56.0,0.7,-15.07,-2.69
3042.TW,P11_多頭排列紅K,47,55.32,0.8,-10.96,-2.69
910861.TW,P02_量增紅K,49,53.06,1.12,-11.49,-2.69
2450.TW,P04_長下影線放量,60,48.33,1.92,-4.59,-2.69
1904.TW,P06_價量背離,117,47.86,2.0,-6.22,-2.69
6807.TW,P07_RSI超賣量縮,40,47.5,2.08,-9.82,-2.69
9907.TW,P10_組合訊號,54,46.3,2.32,-7.74,-2.69
1720.TW,P05_連跌反轉紅K,27,44.44,2.69,-5.17,-2.69
1217.TW,P01_量縮價穩,99,44.44,2.69,-5.24,-2.69
6885.TW,P03_均線支撐放量,5,40.0,3.77,-17.33,-2.69
1802.TW,P12_多頭回檔,38,34.21,5.6,-14.97,-2.69
1301.TW,P03_均線支撐放量,97,27.84,-1.66,-8.65,-2.69
2511.TW,P07_RSI超賣量縮,36,27.78,-1.06,-7.42,-2.69
1451.TW,P02_量增紅K,18,27.78,-2.95,-7.25,-2.69
6128.TW,P06_價量背離,126,27.78,-1.04,-8.23,-2.69
3040.TW,P11_多頭排列紅K,36,27.78,-2.05,-10.64,-2.69
3296.TW,P02_量增紅K,26,57.69,0.45,-13.84,-2.7
1709.TW,P02_量增紅K,23,56.52,0.6,-10.21,-2.7
3022.TW,P05_連跌反轉紅K,38,52.63,1.16,-12.72,-2.7
2887.TW,P07_RSI超賣量縮,32,50.0,1.61,-7.55,-2.7
2324.TW,P01_量縮價穩,54,50.0,1.6,-7.22,-2.7
4306.TW,P09_量縮後爆量紅K,6,50.0,1.61,-10.71,-2.7
4930.TW,P06_價量背離,127,49.61,1.68,-8.26,-2.7
4938.TW,P03_均線支撐放量,74,48.65,1.84,-7.53,-2.7
910861.TW,P12_多頭回檔,53,47.17,2.12,-13.97,-2.7
2483.TW,P10_組合訊號,66,46.97,2.16,-7.29,-2.7
9924.TW,P07_RSI超賣量縮,22,45.45,2.47,-3.99,-2.7
6655.TW,P06_價量背離,137,42.34,3.16,-6.81,-2.7
3130.TW,P11_多頭排列紅K,90,42.22,3.19,-2.49,-2.7
4904.TW,P11_多頭排列紅K,126,42.06,3.22,-3.91,-2.7
9935.TW,P12_多頭回檔,43,41.86,3.28,-9.29,-2.7
2483.TW,P08_黃金交叉量增,12,41.67,3.31,-7.47,-2.7
2753.TW,P02_量增紅K,18,55.56,0.73,-7.8,-2.71
2353.TW,P06_價量背離,49,55.1,0.78,-9.85,-2.71
6108.TW,P04_長下影線放量,45,53.33,1.04,-8.46,-2.71
2514.TW,P07_RSI超賣量縮,89,52.81,1.13,-5.52,-2.71
1709.TW,P11_多頭排列紅K,44,50.0,1.57,-9.86,-2.71
2816.TW,P06_價量背離,138,47.83,1.97,-5.41,-2.71
1473.TW,P04_長下影線放量,68,45.59,2.41,-8.01,-2.71
1708.TW,P01_量縮價穩,132,43.18,2.94,-7.15,-2.71
8374.TW,P06_價量背離,113,42.48,3.1,-9.66,-2.71
1303.TW,P10_組合訊號,59,42.37,3.12,-9.14,-2.71
2901.TW,P10_組合訊號,62,41.94,3.24,-3.2,-2.71
1459.TW,P06_價量背離,151,40.4,3.62,-6.43,-2.71
6534.TW,P12_多頭回檔,13,38.46,4.16,-8.69,-2.71
2838.TW,P09_量縮後爆量紅K,8,37.5,4.45,-2.68,-2.71
3052.TW,P03_均線支撐放量,82,34.15,5.56,-5.32,-2.71
2530.TW,P05_連跌反轉紅K,29,55.17,0.76,-6.25,-2.72
6806.TW,P11_多頭排列紅K,22,54.55,0.85,-15.1,-2.72
8454.TW,P06_價量背離,66,53.03,1.08,-9.54,-2.72
3530.TW,P12_多頭回檔,23,52.17,1.2,-17.84,-2.72
1417.TW,P07_RSI超賣量縮,69,50.72,1.43,-8.85,-2.72
2010.TW,P08_黃金交叉量增,10,50.0,1.56,-5.23,-2.72
3033.TW,P07_RSI超賣量縮,45,44.44,2.64,-7.83,-2.72
1806.TW,P05_連跌反轉紅K,21,42.86,2.98,-9.55,-2.72
1440.TW,P11_多頭排列紅K,45,42.22,3.14,-10.07,-2.72
2548.TW,P12_多頭回檔,78,38.46,4.12,-3.65,-2.72
1617.TW,P03_均線支撐放量,86,37.21,4.51,-5.9,-2.72
1414.TW,P08_黃金交叉量增,11,36.36,4.76,-7.61,-2.72
9942.TW,P04_長下影線放量,62,35.48,5.07,-6.38,-2.72
2393.TW,P05_連跌反轉紅K,29,27.59,-4.3,-17.0,-2.72
9940.TW,P11_多頭排列紅K,58,27.59,-0.66,-6.63,-2.72
2103.TW,P03_均線支撐放量,58,27.59,-1.8,-9.32,-2.72
6202.TW,P12_多頭回檔,29,27.59,-6.3,-14.89,-2.72
3209.TW,P09_量縮後爆量紅K,10,60.0,0.12,-10.76,-2.73
1597.TW,P10_組合訊號,46,58.7,0.27,-9.05,-2.73
6742.TW,P05_連跌反轉紅K,27,51.85,1.23,-18.03,-2.73
2509.TW,P03_均線支撐放量,86,51.16,1.34,-5.57,-2.73
3596.TW,P11_多頭排列紅K,40,50.0,1.55,-12.42,-2.73
2308.TW,P06_價量背離,29,48.28,1.84,-11.0,-2.73
1339.TW,P03_均線支撐放量,61,44.26,2.64,-6.84,-2.73
2905.TW,P05_連跌反轉紅K,32,43.75,2.77,-10.58,-2.73
1216.TW,P02_量增紅K,7,42.86,2.96,-4.51,-2.73
4104.TW,P04_長下影線放量,45,40.0,3.68,-3.21,-2.73
6715.TW,P10_組合訊號,32,34.38,5.42,-12.67,-2.73
9944.TW,P01_量縮價穩,156,27.56,-0.13,-5.89,-2.73
1707.TW,P01_量縮價穩,109,27.52,-0.98,-6.53,-2.73
2383.TW,P10_組合訊號,30,56.67,0.52,-14.93,-2.74
1102.TW,P12_多頭回檔,82,54.88,0.77,-6.3,-2.74
3406.TW,P08_黃金交叉量增,10,50.0,1.53,-12.48,-2.74
4952.TW,P09_量縮後爆量紅K,4,50.0,1.52,-21.39,-2.74
3033.TW,P10_組合訊號,36,47.22,2.02,-8.97,-2.74
3052.TW,P12_多頭回檔,51,47.06,2.06,-7.43,-2.74
6133.TW,P01_量縮價穩,153,46.41,2.18,-8.13,-2.74
2886.TW,P06_價量背離,62,45.16,2.44,-4.08,-2.74
1457.TW,P12_多頭回檔,80,45.0,2.47,-4.78,-2.74
8462.TW,P08_黃金交叉量增,9,44.44,2.58,-8.09,-2.74
2883.TW,P11_多頭排列紅K,77,44.16,2.64,-7.9,-2.74
2493.TW,P02_量增紅K,25,44.0,2.67,-8.0,-2.74
3528.TW,P12_多頭回檔,74,43.24,2.85,-4.96,-2.74
1731.TW,P01_量縮價穩,180,40.0,3.64,-4.09,-2.74
4104.TW,P10_組合訊號,53,37.74,4.28,-2.94,-2.74
1614.TW,P12_多頭回檔,77,37.66,4.3,-4.37,-2.74
1733.TW,P11_多頭排列紅K,45,57.78,0.35,-7.79,-2.75
1528.TW,P11_多頭排列紅K,34,55.88,0.6,-14.98,-2.75
1454.TW,P12_多頭回檔,83,53.01,1.01,-7.86,-2.75
910861.TW,P03_均線支撐放量,53,52.83,1.04,-11.56,-2.75
1307.TW,P04_長下影線放量,50,52.0,1.18,-7.81,-2.75
5525.TW,P07_RSI超賣量縮,67,47.76,1.89,-6.26,-2.75
2390.TW,P09_量縮後爆量紅K,18,44.44,2.55,-16.83,-2.75
2476.TW,P01_量縮價穩,85,43.53,2.76,-10.19,-2.75
2897.TW,P10_組合訊號,51,43.14,2.85,-4.33,-2.75
1735.TW,P03_均線支撐放量,82,41.46,3.25,-4.62,-2.75
4104.TW,P01_量縮價穩,108,40.74,3.44,-2.85,-2.75
3026.TW,P10_組合訊號,64,40.62,3.45,-5.65,-2.75
2852.TW,P10_組合訊號,80,37.5,4.34,-4.03,-2.75
4106.TW,P12_多頭回檔,62,27.42,-1.01,-9.15,-2.75
6446.TW,P06_價量背離,48,60.42,0.01,-16.19,-2.76
2915.TW,P05_連跌反轉紅K,31,58.06,0.29,-8.88,-2.76
3673.TW,P12_多頭回檔,23,56.52,0.51,-10.5,-2.76
2460.TW,P06_價量背離,69,55.07,0.7,-12.49,-2.76
2365.TW,P09_量縮後爆量紅K,11,54.55,0.78,-15.42,-2.76
1307.TW,P11_多頭排列紅K,42,52.38,1.1,-8.98,-2.76
1710.TW,P08_黃金交叉量增,6,50.0,1.49,-7.23,-2.76
1532.TW,P01_量縮價穩,112,49.11,1.64,-7.43,-2.76
1451.TW,P07_RSI超賣量縮,79,46.84,2.05,-6.57,-2.76
2030.TW,P04_長下影線放量,44,45.45,2.33,-8.27,-2.76
3714.TW,P06_價量背離,51,58.82,0.18,-11.69,-2.77
3059.TW,P02_量增紅K,31,58.06,0.28,-11.88,-2.77
3705.TW,P09_量縮後爆量紅K,7,57.14,0.39,-6.72,-2.77
2546.TW,P02_量增紅K,12,50.0,1.45,-7.52,-2.77
3027.TW,P10_組合訊號,27,48.15,1.78,-15.07,-2.77
8926.TW,P06_價量背離,120,46.67,2.07,-5.25,-2.77
2467.TW,P12_多頭回檔,33,45.45,2.3,-11.64,-2.77
7730.TW,P11_多頭排列紅K,11,45.45,2.3,-14.19,-2.77
2601.TW,P01_量縮價穩,71,42.25,3.0,-11.01,-2.77
9927.TW,P01_量縮價穩,130,41.54,3.19,-6.43,-2.77
2023.TW,P05_連跌反轉紅K,17,41.18,3.28,-7.71,-2.77
2739.TW,P02_量增紅K,27,40.74,3.39,-16.31,-2.77
2850.TW,P07_RSI超賣量縮,32,37.5,4.28,-6.12,-2.77
1423.TW,P01_量縮價穩,297,35.35,4.97,-4.22,-2.77
7749.TW,P07_RSI超賣量縮,11,27.27,-13.0,-18.85,-2.77
1723.TW,P08_黃金交叉量增,11,27.27,-2.54,-7.61,-2.77
6958.TW,P11_多頭排列紅K,11,27.27,-9.14,-14.74,-2.77
2514.TW,P09_量縮後爆量紅K,11,27.27,-2.78,-11.5,-2.77
3716.TW,P12_多頭回檔,11,27.27,-2.5,-12.85,-2.77
1459.TW,P08_黃金交叉量增,11,27.27,-4.72,-11.08,-2.77
6128.TW,P03_均線支撐放量,88,27.27,-0.01,-6.82,-2.77
6952.TW,P11_多頭排列紅K,11,27.27,-1.07,-7.75,-2.77
4190.TW,P02_量增紅K,22,27.27,-6.12,-12.81,-2.77
5876.TW,P07_RSI超賣量縮,46,50.0,1.44,-4.96,-2.78
2483.TW,P01_量縮價穩,179,48.6,1.69,-7.18,-2.78
4942.TW,P11_多頭排列紅K,54,46.3,2.12,-6.12,-2.78
2107.TW,P10_組合訊號,74,41.89,3.08,-4.81,-2.78
1109.TW,P08_黃金交叉量增,8,37.5,4.26,-5.05,-2.78
1611.TW,P02_量增紅K,30,60.0,0.02,-11.77,-2.79
2323.TW,P11_多頭排列紅K,28,57.14,0.38,-12.37,-2.79
5285.TW,P10_組合訊號,43,55.81,0.54,-12.16,-2.79
2201.TW,P05_連跌反轉紅K,31,54.84,0.68,-10.51,-2.79
1525.TW,P07_RSI超賣量縮,100,52.0,1.09,-8.21,-2.79
6796.TW,P03_均線支撐放量,26,50.0,1.42,-11.71,-2.79
5876.TW,P04_長下影線放量,76,48.68,1.66,-5.51,-2.79
1903.TW,P06_價量背離,137,46.72,2.0,-8.57,-2.79
1216.TW,P10_組合訊號,70,44.29,2.51,-4.67,-2.79
6715.TW,P03_均線支撐放量,34,44.12,2.55,-15.91,-2.79
6606.TW,P10_組合訊號,68,44.12,2.55,-4.92,-2.79
2038.TW,P10_組合訊號,35,42.86,2.82,-11.18,-2.79
9110.TW,P02_量增紅K,70,40.0,3.52,-14.74,-2.79
1802.TW,P03_均線支撐放量,43,37.21,4.32,-10.78,-2.79
6753.TW,P03_均線支撐放量,18,33.33,5.62,-8.56,-2.79
1101.TW,P12_多頭回檔,50,58.0,0.24,-6.8,-2.8
3031.TW,P02_量增紅K,21,57.14,0.35,-12.64,-2.8
2439.TW,P12_多頭回檔,33,54.55,0.7,-11.74,-2.8
1305.TW,P04_長下影線放量,35,54.29,0.75,-13.41,-2.8
6168.TW,P12_多頭回檔,34,52.94,0.92,-12.66,-2.8
1515.TW,P07_RSI超賣量縮,68,51.47,1.15,-15.45,-2.8
2905.TW,P11_多頭排列紅K,36,50.0,1.4,-9.16,-2.8
2007.TW,P07_RSI超賣量縮,124,48.39,1.69,-12.56,-2.8
5538.TW,P10_組合訊號,82,45.12,2.31,-7.94,-2.8
3543.TW,P06_價量背離,95,44.21,2.5,-7.83,-2.8
4737.TW,P04_長下影線放量,58,43.1,2.74,-7.9,-2.8
6606.TW,P03_均線支撐放量,103,42.72,2.84,-3.66,-2.8
1410.TW,P05_連跌反轉紅K,22,40.91,3.26,-4.45,-2.8
6116.TW,P09_量縮後爆量紅K,5,40.0,3.51,-12.89,-2.8
1455.TW,P06_價量背離,111,38.74,3.85,-10.26,-2.8
2889.TW,P09_量縮後爆量紅K,8,37.5,4.21,-4.16,-2.8
1326.TW,P11_多頭排列紅K,48,27.08,-3.54,-10.18,-2.8
2762.TW,P01_量縮價穩,48,27.08,-3.24,-10.33,-2.8
2424.TW,P02_量增紅K,79,59.49,0.04,-14.68,-2.81
2105.TW,P04_長下影線放量,45,57.78,0.25,-8.63,-2.81
3058.TW,P07_RSI超賣量縮,99,57.58,0.27,-14.49,-2.81
2481.TW,P01_量縮價穩,70,54.29,0.71,-15.98,-2.81
2354.TW,P06_價量背離,53,52.83,0.94,-9.36,-2.81
4739.TW,P08_黃金交叉量增,10,50.0,1.37,-17.81,-2.81
2836.TW,P09_量縮後爆量紅K,8,37.5,4.16,-3.65,-2.81
2912.TW,P03_均線支撐放量,122,27.05,-0.0,-4.49,-2.81
9958.TW,P06_價量背離,36,55.56,0.52,-16.99,-2.82
6446.TW,P04_長下影線放量,26,53.85,0.77,-15.88,-2.82
1463.TW,P06_價量背離,159,50.94,1.21,-5.49,-2.82
2705.TW,P03_均線支撐放量,59,50.85,1.21,-8.78,-2.82
2910.TW,P01_量縮價穩,263,48.67,1.59,-6.99,-2.82
8442.TW,P03_均線支撐放量,105,46.67,1.95,-8.16,-2.82
1475.TW,P12_多頭回檔,69,44.93,2.3,-13.99,-2.82
1319.TW,P04_長下影線放量,28,42.86,2.75,-8.09,-2.82
6776.TW,P03_均線支撐放量,49,38.78,3.78,-7.97,-2.82
2344.TW,P10_組合訊號,22,59.09,0.06,-14.59,-2.83
6235.TW,P08_黃金交叉量增,13,53.85,0.74,-14.51,-2.83
1709.TW,P10_組合訊號,55,49.09,1.5,-5.92,-2.83
1210.TW,P01_量縮價穩,76,48.68,1.57,-5.64,-2.83
1321.TW,P12_多頭回檔,64,46.88,1.9,-6.03,-2.83
3653.TW,P08_黃金交叉量增,11,45.45,2.18,-22.52,-2.83
4764.TW,P01_量縮價穩,223,39.91,3.45,-8.38,-2.83
1312.TW,P06_價量背離,78,26.92,-3.44,-11.95,-2.83
2478.TW,P04_長下影線放量,22,59.09,0.04,-12.09,-2.84
2731.TW,P11_多頭排列紅K,48,56.25,0.39,-13.68,-2.84
1532.TW,P11_多頭排列紅K,49,55.1,0.55,-7.84,-2.84
6431.TW,P02_量增紅K,41,51.22,1.12,-14.34,-2.84
2509.TW,P04_長下影線放量,84,51.19,1.12,-7.38,-2.84
2352.TW,P10_組合訊號,20,50.0,1.33,-12.2,-2.84
2426.TW,P03_均線支撐放量,26,50.0,1.32,-11.9,-2.84
5471.TW,P06_價量背離,59,49.15,1.46,-10.88,-2.84
5871.TW,P04_長下影線放量,45,44.44,2.36,-10.43,-2.84
1201.TW,P08_黃金交叉量增,7,42.86,2.7,-5.18,-2.84
1232.TW,P11_多頭排列紅K,76,39.47,3.54,-4.64,-2.84
1454.TW,P02_量增紅K,33,39.39,3.56,-8.49,-2.84
1201.TW,P12_多頭回檔,41,26.83,-1.81,-9.79,-2.84
6598.TW,P05_連跌反轉紅K,41,26.83,-12.43,-20.52,-2.84
2327.TW,P10_組合訊號,26,57.69,0.19,-13.54,-2.85
5288.TW,P03_均線支撐放量,59,57.63,0.2,-8.71,-2.85
6558.TW,P10_組合訊號,37,56.76,0.31,-15.4,-2.85
4915.TW,P12_多頭回檔,37,54.05,0.68,-11.52,-2.85
2489.TW,P03_均線支撐放量,40,52.5,0.91,-12.01,-2.85
3550.TW,P10_組合訊號,69,50.72,1.18,-9.48,-2.85
5288.TW,P10_組合訊號,58,50.0,1.3,-7.92,-2.85
2115.TW,P04_長下影線放量,63,47.62,1.72,-4.89,-2.85
3033.TW,P12_多頭回檔,60,46.67,1.89,-6.32,-2.85
1903.TW,P02_量增紅K,37,45.95,2.03,-9.39,-2.85
3454.TW,P06_價量背離,69,43.48,2.54,-11.21,-2.85
2459.TW,P06_價量背離,99,43.43,2.55,-5.79,-2.85
1414.TW,P02_量增紅K,23,39.13,3.61,-10.57,-2.85
1540.TW,P02_量增紅K,18,38.89,3.68,-8.58,-2.85
1806.TW,P08_黃金交叉量增,6,33.33,5.44,-12.82,-2.85
5538.TW,P12_多頭回檔,56,26.79,-0.76,-8.23,-2.85
4562.TW,P03_均線支撐放量,86,26.74,-1.3,-10.12,-2.85
8213.TW,P01_量縮價穩,87,50.57,1.18,-7.78,-2.86
8462.TW,P09_量縮後爆量紅K,8,50.0,1.28,-9.54,-2.86
1203.TW,P07_RSI超賣量縮,38,50.0,1.29,-7.61,-2.86
2062.TW,P01_量縮價穩,142,48.59,1.51,-10.09,-2.86
2349.TW,P12_多頭回檔,28,46.43,1.92,-10.71,-2.86
8072.TW,P05_連跌反轉紅K,23,43.48,2.52,-8.66,-2.86
6176.TW,P05_連跌反轉紅K,21,42.86,2.66,-12.02,-2.86
6790.TW,P01_量縮價穩,138,42.75,2.69,-5.01,-2.86
3702.TW,P03_均線支撐放量,94,40.43,3.25,-7.01,-2.86
4904.TW,P03_均線支撐放量,137,38.69,3.7,-3.58,-2.86
1110.TW,P03_均線支撐放量,101,26.73,-0.37,-7.46,-2.86
2511.TW,P06_價量背離,116,26.72,-2.18,-7.48,-2.86
6112.TW,P08_黃金交叉量增,7,57.14,0.23,-6.91,-2.87
1714.TW,P03_均線支撐放量,48,52.08,0.93,-7.01,-2.87
1476.TW,P04_長下影線放量,54,51.85,0.96,-12.61,-2.87
5285.TW,P08_黃金交叉量增,4,50.0,1.26,-9.39,-2.87
1528.TW,P04_長下影線放量,23,47.83,1.63,-12.12,-2.87
2849.TW,P10_組合訊號,79,43.04,2.59,-3.97,-2.87
6214.TW,P12_多頭回檔,67,41.79,2.88,-6.17,-2.87
2834.TW,P02_量增紅K,10,40.0,3.34,-5.28,-2.87
2009.TW,P12_多頭回檔,35,40.0,3.33,-16.27,-2.87
3705.TW,P07_RSI超賣量縮,44,38.64,3.7,-3.89,-2.87
2010.TW,P06_價量背離,123,35.77,4.56,-6.41,-2.87
1315.TW,P02_量增紅K,32,31.25,6.23,-3.8,-2.87
1419.TW,P08_黃金交叉量增,15,26.67,-0.95,-6.06,-2.87
8404.TW,P02_量增紅K,15,26.67,-6.0,-11.94,-2.87
6914.TW,P07_RSI超賣量縮,15,26.67,-4.69,-16.62,-2.87
3135.TW,P12_多頭回檔,15,26.67,-1.26,-16.06,-2.87
1201.TW,P02_量增紅K,15,26.67,-0.09,-6.23,-2.87
2254.TW,P11_多頭排列紅K,15,26.67,-8.01,-14.53,-2.87
1451.TW,P05_連跌反轉紅K,15,26.67,-2.82,-9.49,-2.87
2393.TW,P03_均線支撐放量,40,57.5,0.17,-12.11,-2.88
3149.TW,P12_多頭回檔,28,57.14,0.21,-16.78,-2.88
2618.TW,P11_多頭排列紅K,45,53.33,0.73,-11.64,-2.88
6585.TW,P07_RSI超賣量縮,192,51.04,1.07,-10.09,-2.88
6189.TW,P08_黃金交叉量增,8,50.0,1.24,-8.42,-2.88
3045.TW,P02_量增紅K,7,42.86,2.62,-2.75,-2.88
1108.TW,P06_價量背離,131,40.46,3.19,-5.14,-2.88
2247.TW,P12_多頭回檔,53,39.62,3.39,-4.93,-2.88
1236.TW,P10_組合訊號,60,36.67,4.23,-6.9,-2.88
5546.TW,P01_量縮價穩,173,26.59,-4.17,-11.24,-2.88
5546.TW,P07_RSI超賣量縮,79,26.58,-4.51,-11.79,-2.88
1447.TW,P10_組合訊號,64,26.56,-0.5,-8.98,-2.88
1540.TW,P01_量縮價穩,144,48.61,1.46,-6.99,-2.89
1409.TW,P05_連跌反轉紅K,31,48.39,1.5,-10.08,-2.89
2069.TW,P07_RSI超賣量縮,87,44.83,2.18,-9.48,-2.89
4737.TW,P03_均線支撐放量,69,43.48,2.45,-7.93,-2.89
6581.TW,P03_均線支撐放量,105,42.86,2.59,-4.9,-2.89
1455.TW,P11_多頭排列紅K,30,40.0,3.28,-13.29,-2.89
1438.TW,P12_多頭回檔,69,39.13,3.49,-11.14,-2.89
2706.TW,P11_多頭排列紅K,49,26.53,-2.82,-7.51,-2.89
3149.TW,P04_長下影線放量,34,55.88,0.33,-20.0,-2.9
6861.TW,P07_RSI超賣量縮,72,55.56,0.38,-14.38,-2.9
3027.TW,P01_量縮價穩,92,48.91,1.39,-14.17,-2.9
4581.TW,P03_均線支撐放量,58,44.83,2.14,-5.24,-2.9
2892.TW,P05_連跌反轉紅K,28,42.86,2.56,-8.36,-2.9
2317.TW,P06_價量背離,50,42.0,2.77,-5.92,-2.9
2109.TW,P02_量增紅K,22,40.91,3.01,-9.68,-2.9
2855.TW,P08_黃金交叉量增,5,40.0,3.25,-5.36,-2.9
8422.TW,P06_價量背離,135,39.26,3.44,-3.54,-2.9
6464.TW,P11_多頭排列紅K,68,26.47,-0.51,-5.81,-2.9
5546.TW,P05_連跌反轉紅K,34,26.47,-4.23,-11.51,-2.9
1905.TW,P11_多頭排列紅K,26,53.85,0.59,-11.81,-2.91
2610.TW,P12_多頭回檔,17,52.94,0.73,-12.48,-2.91
3454.TW,P11_多頭排列紅K,31,51.61,0.93,-15.42,-2.91
1102.TW,P04_長下影線放量,65,50.77,1.06,-6.51,-2.91
1417.TW,P03_均線支撐放量,79,50.63,1.09,-7.69,-2.91
4938.TW,P09_量縮後爆量紅K,2,50.0,1.19,-15.45,-2.91
4956.TW,P03_均線支撐放量,27,44.44,2.2,-16.94,-2.91
2753.TW,P06_價量背離,78,43.59,2.38,-6.45,-2.91
3130.TW,P03_均線支撐放量,106,42.45,2.63,-2.91,-2.91
3130.TW,P10_組合訊號,50,42.0,2.74,-3.84,-2.91
2248.TW,P05_連跌反轉紅K,5,40.0,3.23,-10.05,-2.91
6951.TW,P08_黃金交叉量增,4,25.0,9.37,-5.25,-2.91
2390.TW,P07_RSI超賣量縮,50,56.0,0.29,-10.08,-2.92
3419.TW,P06_價量背離,85,55.29,0.38,-11.5,-2.92
4912.TW,P11_多頭排列紅K,52,53.85,0.58,-15.97,-2.92
2615.TW,P03_均線支撐放量,25,52.0,0.85,-14.55,-2.92
3008.TW,P06_價量背離,34,50.0,1.15,-13.98,-2.92
9941.TW,P02_量增紅K,10,50.0,1.16,-11.07,-2.92
3054.TW,P01_量縮價穩,270,49.63,1.21,-7.44,-2.92
6416.TW,P06_價量背離,61,49.18,1.29,-12.27,-2.92
4958.TW,P01_量縮價穩,43,48.84,1.36,-12.17,-2.92
1103.TW,P10_組合訊號,89,47.19,1.65,-6.91,-2.92
1734.TW,P12_多頭回檔,41,43.9,2.3,-6.75,-2.92
9924.TW,P06_價量背離,114,43.86,2.3,-5.33,-2.92
3130.TW,P01_量縮價穩,227,42.73,2.56,-3.46,-2.92
1583.TW,P04_長下影線放量,43,41.86,2.74,-5.83,-2.92
8131.TW,P03_均線支撐放量,75,41.33,2.87,-5.83,-2.92
1468.TW,P03_均線支撐放量,268,41.04,2.95,-7.87,-2.92
6582.TW,P06_價量背離,87,40.23,3.14,-10.94,-2.92
2836.TW,P01_量縮價穩,153,39.22,3.4,-3.04,-2.92
4104.TW,P03_均線支撐放量,77,37.66,3.83,-3.41,-2.92
2514.TW,P01_量縮價穩,281,26.33,-1.24,-7.32,-2.92
2466.TW,P01_量縮價穩,38,26.32,-1.58,-8.71,-2.92
4562.TW,P02_量增紅K,38,26.32,-0.22,-15.26,-2.92
9902.TW,P08_黃金交叉量增,7,57.14,0.13,-9.23,-2.93
3021.TW,P04_長下影線放量,35,54.29,0.5,-10.16,-2.93
1733.TW,P06_價量背離,133,51.13,0.97,-7.13,-2.93
4142.TW,P12_多頭回檔,23,47.83,1.52,-9.11,-2.93
2022.TW,P02_量增紅K,23,47.83,1.52,-15.9,-2.93
5538.TW,P04_長下影線放量,39,46.15,1.82,-8.08,-2.93
2520.TW,P07_RSI超賣量縮,50,46.0,1.85,-9.93,-2.93
2816.TW,P10_組合訊號,67,40.3,3.1,-6.24,-2.93
9930.TW,P04_長下影線放量,60,40.0,3.16,-4.24,-2.93
9933.TW,P09_量縮後爆量紅K,6,33.33,5.22,-11.17,-2.93
2430.TW,P03_均線支撐放量,99,26.26,-0.42,-7.68,-2.93
6505.TW,P05_連跌反轉紅K,47,57.45,0.06,-8.2,-2.94
8341.TW,P09_量縮後爆量紅K,7,57.14,0.11,-5.66,-2.94
6698.TW,P05_連跌反轉紅K,42,57.14,0.11,-15.86,-2.94
3041.TW,P06_價量背離,62,56.45,0.19,-18.5,-2.94
3062.TW,P05_連跌反轉紅K,27,55.56,0.3,-14.65,-2.94
1786.TW,P01_量縮價穩,125,53.6,0.58,-11.27,-2.94
2601.TW,P07_RSI超賣量縮,95,52.63,0.71,-10.66,-2.94
9921.TW,P11_多頭排列紅K,50,50.0,1.11,-13.84,-2.94
3576.TW,P11_多頭排列紅K,34,47.06,1.62,-15.75,-2.94
6598.TW,P06_價量背離,99,46.46,1.74,-12.96,-2.94
1301.TW,P01_量縮價穩,60,45.0,2.02,-6.73,-2.94
1614.TW,P02_量增紅K,29,44.83,2.06,-5.02,-2.94
4737.TW,P02_量增紅K,29,44.83,2.05,-11.68,-2.94
9924.TW,P11_多頭排列紅K,55,43.64,2.31,-5.66,-2.94
1558.TW,P12_多頭回檔,71,42.25,2.6,-4.89,-2.94
2816.TW,P03_均線支撐放量,98,39.8,3.19,-5.96,-2.94
9942.TW,P12_多頭回檔,60,36.67,4.08,-6.53,-2.94
2945.TW,P03_均線支撐放量,103,26.21,-1.54,-7.5,-2.94
1444.TW,P12_多頭回檔,42,26.19,-0.38,-8.59,-2.94
4560.TW,P04_長下影線放量,107,26.17,-0.79,-7.07,-2.94
5607.TW,P09_量縮後爆量紅K,6,50.0,1.11,-15.65,-2.95
3168.TW,P07_RSI超賣量縮,64,48.44,1.36,-6.9,-2.95
8442.TW,P12_多頭回檔,57,47.37,1.55,-8.6,-2.95
2371.TW,P05_連跌反轉紅K,36,47.22,1.57,-13.56,-2.95
9904.TW,P06_價量背離,64,46.88,1.63,-8.47,-2.95
1103.TW,P01_量縮價穩,164,45.12,1.97,-7.4,-2.95
3052.TW,P07_RSI超賣量縮,58,44.83,2.03,-6.68,-2.95
1905.TW,P05_連跌反轉紅K,39,43.59,2.29,-13.07,-2.95
2109.TW,P06_價量背離,108,42.59,2.51,-6.73,-2.95
2501.TW,P04_長下影線放量,69,42.03,2.63,-6.67,-2.95
2353.TW,P03_均線支撐放量,54,40.74,2.94,-11.39,-2.95
1414.TW,P04_長下影線放量,65,26.15,-0.79,-8.06,-2.95
4952.TW,P10_組合訊號,53,56.6,0.15,-11.5,-2.96
1786.TW,P05_連跌反轉紅K,32,56.25,0.19,-11.46,-2.96
8162.TW,P11_多頭排列紅K,6,50.0,1.07,-5.72,-2.96
2722.TW,P11_多頭排列紅K,37,48.65,1.3,-12.7,-2.96
8367.TW,P03_均線支撐放量,53,47.17,1.56,-6.59,-2.96
1722.TW,P01_量縮價穩,102,47.06,1.59,-6.17,-2.96
1817.TW,P11_多頭排列紅K,58,46.55,1.68,-4.6,-2.96
3447.TW,P03_均線支撐放量,18,44.44,2.09,-12.17,-2.96
4106.TW,P07_RSI超賣量縮,71,39.44,3.25,-7.06,-2.96
1727.TW,P03_均線支撐放量,56,37.5,3.78,-9.94,-2.96
2945.TW,P04_長下影線放量,69,26.09,-4.58,-9.73,-2.96
2616.TW,P05_連跌反轉紅K,23,26.09,-2.4,-7.66,-2.96
1517.TW,P06_價量背離,142,26.06,-1.25,-9.01,-2.96
6581.TW,P08_黃金交叉量增,7,57.14,0.06,-11.25,-2.97
2105.TW,P05_連跌反轉紅K,42,47.62,1.47,-9.32,-2.97
1583.TW,P01_量縮價穩,249,46.99,1.57,-5.88,-2.97
2614.TW,P01_量縮價穩,113,46.9,1.6,-11.34,-2.97
6192.TW,P01_量縮價穩,150,44.0,2.15,-7.64,-2.97
1203.TW,P05_連跌反轉紅K,37,43.24,2.32,-5.81,-2.97
6671.TW,P11_多頭排列紅K,52,42.31,2.52,-4.94,-2.97
2897.TW,P07_RSI超賣量縮,45,42.22,2.54,-3.5,-2.97
1455.TW,P04_長下影線放量,38,39.47,3.21,-11.22,-2.97
3705.TW,P04_長下影線放量,50,38.0,3.61,-3.44,-2.97
1531.TW,P04_長下影線放量,73,26.03,-1.25,-9.18,-2.97
1110.TW,P12_多頭回檔,77,25.97,-0.45,-5.85,-2.97
1460.TW,P01_量縮價穩,154,25.97,-3.17,-10.57,-2.97
2455.TW,P12_多頭回檔,31,54.84,0.32,-18.35,-2.98
2415.TW,P06_價量背離,76,53.95,0.46,-12.41,-2.98
1536.TW,P12_多頭回檔,28,50.0,1.04,-11.17,-2.98
2034.TW,P09_量縮後爆量紅K,8,50.0,1.04,-8.42,-2.98
6552.TW,P06_價量背離,81,49.38,1.14,-15.01,-2.98
3501.TW,P05_連跌反轉紅K,31,48.39,1.3,-6.52,-2.98
6525.TW,P04_長下影線放量,29,48.28,1.33,-10.29,-2.98
1722.TW,P09_量縮後爆量紅K,5,40.0,3.06,-4.07,-2.98
1454.TW,P06_價量背離,124,39.52,3.18,-6.15,-2.98
2101.TW,P06_價量背離,61,39.34,3.21,-6.79,-2.98
1315.TW,P05_連跌反轉紅K,25,36.0,4.16,-4.9,-2.98
1423.TW,P03_均線支撐放量,115,33.91,4.84,-4.23,-2.98
6944.TW,P04_長下影線放量,3,33.33,5.06,-11.62,-2.98
1314.TW,P11_多頭排列紅K,27,25.93,-4.49,-12.43,-2.98
1521.TW,P04_長下影線放量,54,25.93,-5.53,-12.47,-2.98
3376.TW,P09_量縮後爆量紅K,7,57.14,0.01,-15.29,-2.99
3669.TW,P12_多頭回檔,28,57.14,0.01,-13.75,-2.99
4960.TW,P02_量增紅K,32,56.25,0.13,-12.47,-2.99
912000.TW,P07_RSI超賣量縮,151,52.98,0.57,-11.84,-2.99
2913.TW,P01_量縮價穩,146,51.37,0.81,-6.36,-2.99
2105.TW,P10_組合訊號,69,50.72,0.9,-8.06,-2.99
2388.TW,P05_連跌反轉紅K,24,50.0,1.02,-17.42,-2.99
2642.TW,P01_量縮價穩,126,49.21,1.15,-10.58,-2.99
2347.TW,P11_多頭排列紅K,62,48.39,1.29,-7.27,-2.99
2457.TW,P10_組合訊號,27,48.15,1.34,-17.39,-2.99
2739.TW,P01_量縮價穩,180,42.78,2.38,-10.82,-2.99
9937.TW,P10_組合訊號,104,42.31,2.49,-4.48,-2.99
9925.TW,P07_RSI超賣量縮,17,41.18,2.73,-0.65,-2.99
9942.TW,P02_量增紅K,20,40.0,3.02,-6.4,-2.99
4904.TW,P06_價量背離,117,39.32,3.19,-3.14,-2.99
1817.TW,P07_RSI超賣量縮,41,39.02,3.26,-4.32,-2.99
2704.TW,P07_RSI超賣量縮,44,38.64,3.39,-6.3,-2.99
1522.TW,P06_價量背離,68,54.41,0.35,-12.71,-3.0
3481.TW,P12_多頭回檔,18,50.0,1.0,-13.76,-3.0
2707.TW,P01_量縮價穩,106,49.06,1.16,-9.28,-3.0
2357.TW,P12_多頭回檔,60,45.0,1.89,-9.39,-3.0
2504.TW,P10_組合訊號,37,43.24,2.25,-9.96,-3.0
9927.TW,P06_價量背離,122,41.8,2.56,-6.08,-3.0
6024.TW,P11_多頭排列紅K,53,41.51,2.63,-4.6,-3.0
6216.TW,P01_量縮價穩,135,38.52,3.38,-6.18,-3.0
2852.TW,P01_量縮價穩,231,35.5,4.28,-3.8,-3.0
2867.TW,P03_均線支撐放量,62,25.81,-0.42,-9.98,-3.0
2017.TW,P12_多頭回檔,31,25.81,-7.78,-14.33,-3.0
3060.TW,P05_連跌反轉紅K,18,55.56,0.19,-12.15,-3.01
2538.TW,P03_均線支撐放量,69,55.07,0.24,-7.08,-3.01
2913.TW,P07_RSI超賣量縮,76,51.32,0.77,-7.38,-3.01
2425.TW,P01_量縮價穩,79,50.63,0.87,-12.93,-3.01
2727.TW,P06_價量背離,73,49.32,1.08,-10.03,-3.01
6431.TW,P10_組合訊號,72,47.22,1.44,-10.95,-3.01
8462.TW,P10_組合訊號,48,45.83,1.71,-12.76,-3.01
2030.TW,P10_組合訊號,47,44.68,1.92,-8.2,-3.01
1583.TW,P02_量增紅K,45,44.44,1.98,-6.59,-3.01
4952.TW,P04_長下影線放量,23,43.48,2.19,-13.39,-3.01
6869.TW,P03_均線支撐放量,14,42.86,2.3,-13.35,-3.01
8482.TW,P01_量縮價穩,227,40.97,2.74,-5.82,-3.01
6184.TW,P09_量縮後爆量紅K,5,40.0,2.98,-2.81,-3.01
2466.TW,P12_多頭回檔,48,39.58,3.07,-4.69,-3.01
6184.TW,P05_連跌反轉紅K,19,36.84,3.82,-2.0,-3.01
911622.TW,P11_多頭排列紅K,45,33.33,4.98,-10.95,-3.01
2430.TW,P05_連跌反轉紅K,35,25.71,-2.3,-9.82,-3.01
1477.TW,P04_長下影線放量,58,56.9,0.0,-12.19,-3.02
1598.TW,P01_量縮價穩,139,51.8,0.69,-10.49,-3.02
911868.TW,P07_RSI超賣量縮,114,51.75,0.69,-9.43,-3.02
2609.TW,P05_連跌反轉紅K,35,51.43,0.74,-13.73,-3.02
6585.TW,P06_價量背離,196,46.43,1.57,-10.08,-3.02
1817.TW,P03_均線支撐放量,84,45.24,1.8,-4.49,-3.02
1532.TW,P03_均線支撐放量,51,45.1,1.82,-8.97,-3.02
2534.TW,P12_多頭回檔,84,44.05,2.03,-6.97,-3.02
2530.TW,P03_均線支撐放量,82,42.68,2.32,-5.97,-3.02
2707.TW,P06_價量背離,97,40.21,2.89,-6.34,-3.02
9908.TW,P09_量縮後爆量紅K,5,40.0,2.94,-0.87,-3.02
9938.TW,P12_多頭回檔,52,55.77,0.12,-11.6,-3.03
1533.TW,P11_多頭排列紅K,28,53.57,0.42,-13.02,-3.03
3454.TW,P08_黃金交叉量增,10,50.0,0.95,-9.3,-3.03
2483.TW,P07_RSI超賣量縮,72,43.06,2.23,-7.06,-3.03
9136.TW,P09_量縮後爆量紅K,14,42.86,2.27,-6.76,-3.03
2908.TW,P12_多頭回檔,40,42.5,2.33,-4.38,-3.03
4764.TW,P05_連跌反轉紅K,33,39.39,3.07,-10.25,-3.03
4306.TW,P07_RSI超賣量縮,39,38.46,3.33,-6.69,-3.03
1614.TW,P11_多頭排列紅K,49,34.69,4.44,-5.8,-3.03
3135.TW,P06_價量背離,12,33.33,4.9,-13.71,-3.03
9945.TW,P12_多頭回檔,39,25.64,-2.83,-12.77,-3.03
4148.TW,P06_價量背離,104,53.85,0.35,-12.25,-3.04
4164.TW,P11_多頭排列紅K,40,52.5,0.54,-11.22,-3.04
6592.TW,P11_多頭排列紅K,33,51.52,0.68,-10.2,-3.04
4952.TW,P01_量縮價穩,115,51.3,0.71,-11.58,-3.04
1225.TW,P06_價量背離,98,51.02,0.75,-11.09,-3.04
8473.TW,P09_量縮後爆量紅K,6,50.0,0.93,-8.11,-3.04
1231.TW,P07_RSI超賣量縮,35,45.71,1.66,-9.51,-3.04
4555.TW,P02_量增紅K,31,45.16,1.76,-7.36,-3.04
5269.TW,P09_量縮後爆量紅K,5,40.0,2.9,-29.37,-3.04
2032.TW,P01_量縮價穩,124,38.71,3.24,-10.91,-3.04
9944.TW,P07_RSI超賣量縮,64,32.81,5.07,-4.69,-3.04
1707.TW,P04_長下影線放量,47,25.53,-2.5,-7.13,-3.04
2352.TW,P12_多頭回檔,31,51.61,0.65,-12.97,-3.05
2305.TW,P12_多頭回檔,37,51.35,0.7,-11.72,-3.05
9941.TW,P05_連跌反轉紅K,24,45.83,1.61,-9.62,-3.05
2392.TW,P05_連跌反轉紅K,19,42.11,2.38,-14.22,-3.05
911868.TW,P03_均線支撐放量,94,40.43,2.78,-7.79,-3.05
1454.TW,P04_長下影線放量,55,38.18,3.34,-6.18,-3.05
9931.TW,P04_長下影線放量,59,37.29,3.6,-2.73,-3.05
2852.TW,P06_價量背離,160,35.62,4.1,-3.98,-3.05
6790.TW,P12_多頭回檔,45,35.56,4.11,-5.07,-3.05
1536.TW,P01_量縮價穩,82,52.44,0.52,-11.62,-3.06
2208.TW,P01_量縮價穩,98,52.04,0.57,-8.72,-3.06
8045.TW,P08_黃金交叉量增,8,50.0,0.88,-10.08,-3.06
3033.TW,P06_價量背離,97,45.36,1.69,-8.65,-3.06
6534.TW,P01_量縮價穩,64,45.31,1.7,-9.52,-3.06
8463.TW,P03_均線支撐放量,45,44.44,1.87,-8.72,-3.06
2547.TW,P07_RSI超賣量縮,52,44.23,1.92,-6.93,-3.06
2362.TW,P12_多頭回檔,51,43.14,2.14,-7.78,-3.06
1444.TW,P10_組合訊號,61,40.98,2.62,-7.76,-3.06
2892.TW,P03_均線支撐放量,145,40.0,2.86,-4.24,-3.06
6446.TW,P02_量增紅K,25,40.0,2.85,-17.3,-3.06
5521.TW,P02_量增紅K,17,35.29,4.17,-10.9,-3.06
2534.TW,P03_均線支撐放量,74,54.05,0.27,-7.99,-3.07
2024.TW,P08_黃金交叉量增,14,50.0,0.87,-10.68,-3.07
6177.TW,P04_長下影線放量,53,45.28,1.67,-8.51,-3.07
6136.TW,P02_量增紅K,15,40.0,2.83,-5.02,-3.07
9944.TW,P03_均線支撐放量,165,40.0,2.83,-4.27,-3.07
9110.TW,P04_長下影線放量,148,38.51,3.2,-13.67,-3.07
2505.TW,P12_多頭回檔,42,38.1,3.32,-10.32,-3.07
9944.TW,P06_價量背離,170,32.94,4.94,-4.38,-3.07
1603.TW,P05_連跌反轉紅K,20,55.0,0.12,-8.57,-3.08
1326.TW,P02_量增紅K,13,53.85,0.29,-9.24,-3.08
9910.TW,P01_量縮價穩,74,52.7,0.44,-10.57,-3.08
2915.TW,P06_價量背離,73,52.05,0.53,-9.47,-3.08
1710.TW,P05_連跌反轉紅K,29,51.72,0.58,-8.18,-3.08
5388.TW,P12_多頭回檔,44,50.0,0.84,-12.06,-3.08
1904.TW,P05_連跌反轉紅K,24,50.0,0.84,-6.49,-3.08
3701.TW,P06_價量背離,89,49.44,0.93,-11.75,-3.08
1603.TW,P11_多頭排列紅K,48,47.92,1.18,-10.5,-3.08
8473.TW,P12_多頭回檔,43,46.51,1.43,-9.96,-3.08
2106.TW,P11_多頭排列紅K,54,46.3,1.47,-5.1,-3.08
2851.TW,P07_RSI超賣量縮,54,44.44,1.82,-8.09,-3.08
2880.TW,P06_價量背離,86,40.7,2.62,-4.34,-3.08
2852.TW,P04_長下影線放量,77,38.96,3.06,-3.73,-3.08
6201.TW,P04_長下影線放量,54,38.89,3.09,-5.82,-3.08
1227.TW,P03_均線支撐放量,79,25.32,-0.92,-6.57,-3.08
4562.TW,P10_組合訊號,87,25.29,-2.03,-9.69,-3.08
6224.TW,P09_量縮後爆量紅K,9,55.56,0.05,-10.02,-3.09
4119.TW,P05_連跌反轉紅K,20,50.0,0.81,-7.63,-3.09
2415.TW,P01_量縮價穩,131,48.09,1.12,-13.64,-3.09
9942.TW,P05_連跌反轉紅K,19,42.11,2.3,-8.83,-3.09
1414.TW,P03_均線支撐放量,69,40.58,2.63,-7.69,-3.09
1303.TW,P11_多頭排列紅K,57,40.35,2.69,-8.37,-3.09
9911.TW,P04_長下影線放量,56,39.29,2.95,-4.71,-3.09
3380.TW,P09_量縮後爆量紅K,9,55.56,0.02,-12.84,-3.1
1533.TW,P02_量增紅K,27,55.56,0.03,-14.23,-3.1
2069.TW,P06_價量背離,104,53.85,0.24,-10.28,-3.1
5538.TW,P09_量縮後爆量紅K,28,53.57,0.28,-7.92,-3.1
6120.TW,P02_量增紅K,23,52.17,0.48,-13.67,-3.1
5285.TW,P04_長下影線放量,33,51.52,0.57,-14.31,-3.1
8481.TW,P07_RSI超賣量縮,41,46.34,1.41,-4.43,-3.1
2903.TW,P12_多頭回檔,80,46.25,1.42,-6.56,-3.1
2891.TW,P05_連跌反轉紅K,24,45.83,1.51,-7.51,-3.1
1417.TW,P10_組合訊號,56,44.64,1.74,-10.32,-3.1
8131.TW,P01_量縮價穩,101,44.55,1.76,-6.73,-3.1
1457.TW,P04_長下影線放量,63,44.44,1.77,-6.0,-3.1
1104.TW,P12_多頭回檔,44,40.91,2.52,-5.62,-3.1
4904.TW,P12_多頭回檔,89,40.45,2.64,-3.38,-3.1
2706.TW,P05_連跌反轉紅K,15,40.0,2.74,-3.16,-3.1
2476.TW,P06_價量背離,74,39.19,2.95,-9.74,-3.1
2897.TW,P11_多頭排列紅K,50,38.0,3.26,-5.03,-3.1
2303.TW,P02_量增紅K,11,54.55,0.13,-8.62,-3.11
8411.TW,P11_多頭排列紅K,90,48.89,0.96,-8.03,-3.11
9908.TW,P07_RSI超賣量縮,23,47.83,1.13,-3.31,-3.11
3706.TW,P11_多頭排列紅K,36,47.22,1.23,-10.99,-3.11
1466.TW,P08_黃金交叉量增,13,46.15,1.43,-9.73,-3.11
2015.TW,P03_均線支撐放量,77,45.45,1.55,-6.48,-3.11
1530.TW,P05_連跌反轉紅K,22,40.91,2.5,-4.32,-3.11
8114.TW,P07_RSI超賣量縮,65,52.31,0.41,-12.32,-3.12
1568.TW,P11_多頭排列紅K,41,51.22,0.58,-13.63,-3.12
2548.TW,P09_量縮後爆量紅K,4,50.0,0.77,-10.81,-3.12
2488.TW,P04_長下影線放量,41,48.78,0.95,-6.58,-3.12
2352.TW,P11_多頭排列紅K,37,48.65,0.97,-12.28,-3.12
4555.TW,P01_量縮價穩,163,46.63,1.33,-7.53,-3.12
8162.TW,P01_量縮價穩,52,46.15,1.4,-10.75,-3.12
6592.TW,P12_多頭回檔,43,44.19,1.78,-8.72,-3.12
1203.TW,P10_組合訊號,85,43.53,1.92,-5.91,-3.12
2461.TW,P05_連跌反轉紅K,23,43.48,1.92,-11.59,-3.12
2464.TW,P03_均線支撐放量,39,41.03,2.46,-9.46,-3.12
9930.TW,P05_連跌反轉紅K,32,40.62,2.56,-3.48,-3.12
1530.TW,P06_價量背離,160,40.62,2.55,-4.25,-3.12
2344.TW,P08_黃金交叉量增,4,25.0,-2.46,-9.6,-3.12
6770.TW,P09_量縮後爆量紅K,4,25.0,-7.89,-23.46,-3.12
3036.TW,P09_量縮後爆量紅K,4,25.0,-3.86,-15.89,-3.12
3044.TW,P08_黃金交叉量增,4,25.0,-1.93,-16.21,-3.12
3706.TW,P09_量縮後爆量紅K,4,25.0,-6.89,-14.06,-3.12
2206.TW,P08_黃金交叉量增,8,25.0,-3.57,-10.03,-3.12
2015.TW,P08_黃金交叉量增,4,25.0,-6.99,-8.49,-3.12
6592.TW,P02_量增紅K,12,25.0,-10.5,-18.91,-3.12
1314.TW,P09_量縮後爆量紅K,4,25.0,-6.55,-16.19,-3.12
1227.TW,P09_量縮後爆量紅K,4,25.0,-0.94,-6.73,-3.12
1227.TW,P11_多頭排列紅K,28,25.0,-0.92,-7.25,-3.12
1409.TW,P08_黃金交叉量增,8,25.0,-3.66,-9.25,-3.12
2247.TW,P05_連跌反轉紅K,20,25.0,-0.87,-5.59,-3.12
5534.TW,P02_量增紅K,16,25.0,-1.07,-8.42,-3.12
2851.TW,P09_量縮後爆量紅K,4,25.0,-0.96,-9.48,-3.12
2392.TW,P09_量縮後爆量紅K,4,25.0,-13.08,-23.13,-3.12
6719.TW,P08_黃金交叉量增,4,25.0,-16.4,-21.29,-3.12
2106.TW,P09_量縮後爆量紅K,4,25.0,-5.88,-13.28,-3.12
1723.TW,P04_長下影線放量,64,25.0,-2.42,-7.69,-3.12
1723.TW,P10_組合訊號,72,25.0,-2.98,-8.43,-3.12
9940.TW,P09_量縮後爆量紅K,4,25.0,-0.2,-5.86,-3.12
6873.TW,P08_黃金交叉量增,4,25.0,-3.24,-18.9,-3.12
6854.TW,P03_均線支撐放量,20,25.0,-3.86,-18.44,-3.12
2031.TW,P08_黃金交叉量增,4,25.0,-7.55,-13.73,-3.12
1718.TW,P12_多頭回檔,36,25.0,-2.67,-9.6,-3.12
2108.TW,P02_量增紅K,16,25.0,-4.69,-14.11,-3.12
1563.TW,P06_價量背離,12,25.0,-4.86,-11.04,-3.12
4771.TW,P02_量增紅K,4,25.0,-9.76,-24.33,-3.12
4771.TW,P10_組合訊號,8,25.0,-4.69,-12.11,-3.12
4771.TW,P11_多頭排列紅K,4,25.0,-7.54,-16.87,-3.12
6790.TW,P02_量增紅K,8,25.0,-8.28,-11.46,-3.12
6790.TW,P11_多頭排列紅K,28,25.0,-1.09,-7.65,-3.12
1110.TW,P08_黃金交叉量增,12,25.0,-2.11,-6.52,-3.12
7740.TW,P06_價量背離,4,25.0,-24.65,-36.96,-3.12
2762.TW,P06_價量背離,32,25.0,-3.92,-12.59,-3.12
6958.TW,P06_價量背離,52,25.0,-8.98,-15.29,-3.12
2028.TW,P08_黃金交叉量增,12,25.0,-7.32,-15.78,-3.12
6794.TW,P03_均線支撐放量,16,25.0,-1.12,-9.84,-3.12
4540.TW,P08_黃金交叉量增,8,25.0,-3.33,-16.36,-3.12
6776.TW,P09_量縮後爆量紅K,4,25.0,-0.6,-7.98,-3.12
3716.TW,P01_量縮價穩,24,25.0,-1.24,-10.75,-3.12
1455.TW,P08_黃金交叉量增,4,25.0,-9.82,-14.0,-3.12
4976.TW,P09_量縮後爆量紅K,4,25.0,-5.42,-19.38,-3.12
4590.TW,P02_量增紅K,4,25.0,-6.46,-20.24,-3.12
2062.TW,P09_量縮後爆量紅K,4,25.0,-9.66,-18.35,-3.12
6657.TW,P11_多頭排列紅K,16,25.0,-6.18,-19.04,-3.12
6838.TW,P11_多頭排列紅K,8,25.0,-9.41,-21.85,-3.12
4564.TW,P12_多頭回檔,28,25.0,-6.48,-15.53,-3.12
3051.TW,P08_黃金交叉量增,4,25.0,-3.9,-18.86,-3.12
6931.TW,P09_量縮後爆量紅K,4,25.0,-3.92,-13.11,-3.12
9919.TW,P09_量縮後爆量紅K,12,25.0,-8.46,-18.84,-3.12
6504.TW,P02_量增紅K,16,25.0,-4.89,-11.21,-3.12
4108.TW,P12_多頭回檔,28,25.0,-6.49,-13.8,-3.12
6918.TW,P05_連跌反轉紅K,4,25.0,-8.74,-12.11,-3.12
3024.TW,P09_量縮後爆量紅K,4,25.0,-0.51,-11.73,-3.12
2945.TW,P08_黃金交叉量增,16,25.0,-0.89,-9.05,-3.12
911868.TW,P09_量縮後爆量紅K,16,25.0,-1.8,-15.3,-3.12
8162.TW,P12_多頭回檔,20,25.0,-6.77,-11.15,-3.12
7732.TW,P04_長下影線放量,16,25.0,-2.84,-10.31,-3.12
4560.TW,P11_多頭排列紅K,52,25.0,-1.49,-7.91,-3.12
8487.TW,P11_多頭排列紅K,20,25.0,-2.75,-10.23,-3.12
8487.TW,P12_多頭回檔,20,25.0,-1.71,-8.19,-3.12
6658.TW,P09_量縮後爆量紅K,4,25.0,-15.21,-22.65,-3.12
2616.TW,P03_均線支撐放量,108,25.0,-0.23,-4.76,-3.12
4720.TW,P08_黃金交叉量增,4,25.0,-2.0,-6.86,-3.12
5546.TW,P04_長下影線放量,60,25.0,-5.42,-10.95,-3.12
4999.TW,P12_多頭回檔,60,25.0,-0.72,-8.4,-3.12
1338.TW,P08_黃金交叉量增,4,25.0,-13.63,-23.45,-3.12
6902.TW,P06_價量背離,31,54.84,0.06,-13.24,-3.13
5531.TW,P12_多頭回檔,52,50.0,0.73,-8.71,-3.13
2109.TW,P01_量縮價穩,137,44.53,1.68,-6.7,-3.13
1216.TW,P12_多頭回檔,95,43.16,1.96,-4.7,-3.13
9924.TW,P01_量縮價穩,163,42.94,2.0,-4.84,-3.13
2610.TW,P10_組合訊號,42,42.86,2.04,-12.07,-3.13
5306.TW,P04_長下影線放量,54,42.59,2.08,-10.03,-3.13
1905.TW,P01_量縮價穩,99,42.42,2.13,-9.75,-3.13
1454.TW,P10_組合訊號,62,41.94,2.22,-6.42,-3.13
2108.TW,P04_長下影線放量,44,38.64,3.01,-12.54,-3.13
2816.TW,P02_量增紅K,24,33.33,4.6,-6.21,-3.13
6928.TW,P04_長下影線放量,3,33.33,4.6,-22.5,-3.13
5203.TW,P12_多頭回檔,52,50.0,0.72,-10.92,-3.14
4532.TW,P04_長下影線放量,42,47.62,1.1,-9.84,-3.14
6414.TW,P05_連跌反轉紅K,19,47.37,1.15,-13.03,-3.14
4439.TW,P10_組合訊號,53,47.17,1.18,-8.17,-3.14
1445.TW,P09_量縮後爆量紅K,24,45.83,1.42,-10.84,-3.14
4766.TW,P04_長下影線放量,54,44.44,1.69,-10.28,-3.14
2887.TW,P04_長下影線放量,51,43.14,1.94,-6.27,-3.14
6192.TW,P07_RSI超賣量縮,51,43.14,1.95,-7.01,-3.14
9918.TW,P12_多頭回檔,93,41.94,2.2,-2.09,-3.14
1409.TW,P04_長下影線放量,45,40.0,2.66,-6.81,-3.14
2845.TW,P10_組合訊號,53,37.74,3.23,-4.56,-3.14
4930.TW,P03_均線支撐放量,51,52.94,0.27,-9.15,-3.15
3024.TW,P05_連跌反轉紅K,25,52.0,0.4,-9.69,-3.15
4555.TW,P10_組合訊號,37,51.35,0.5,-6.55,-3.15
6166.TW,P12_多頭回檔,44,50.0,0.71,-11.13,-3.15
3049.TW,P11_多頭排列紅K,37,48.65,0.91,-13.33,-3.15
2481.TW,P12_多頭回檔,31,48.39,0.95,-17.61,-3.15
2353.TW,P02_量增紅K,13,46.15,1.34,-11.67,-3.15
2250.TW,P10_組合訊號,29,44.83,1.59,-8.52,-3.15
3058.TW,P01_量縮價穩,139,43.17,1.91,-12.51,-3.15
2478.TW,P02_量增紅K,29,51.72,0.43,-12.43,-3.16
2022.TW,P03_均線支撐放量,35,51.43,0.46,-10.17,-3.16
9958.TW,P07_RSI超賣量縮,37,51.35,0.48,-17.14,-3.16
4739.TW,P10_組合訊號,18,50.0,0.68,-15.94,-3.16
2483.TW,P09_量縮後爆量紅K,8,50.0,0.67,-9.9,-3.16
2390.TW,P01_量縮價穩,104,48.08,0.99,-13.82,-3.16
1447.TW,P12_多頭回檔,40,47.5,1.07,-9.48,-3.16
6936.TW,P06_價量背離,20,45.0,1.53,-3.31,-3.16
1454.TW,P01_量縮價穩,248,44.76,1.58,-7.16,-3.16
2038.TW,P01_量縮價穩,110,40.91,2.39,-12.71,-3.16
9937.TW,P04_長下影線放量,70,40.0,2.59,-3.99,-3.16
1232.TW,P04_長下影線放量,87,35.63,3.78,-3.31,-3.16
4764.TW,P11_多頭排列紅K,52,34.62,4.09,-11.63,-3.16
1702.TW,P01_量縮價穩,105,24.76,-0.61,-6.39,-3.16
2105.TW,P06_價量背離,70,51.43,0.45,-7.9,-3.17
1102.TW,P11_多頭排列紅K,86,51.16,0.48,-7.11,-3.17
4958.TW,P08_黃金交叉量增,6,50.0,0.67,-7.13,-3.17
1528.TW,P02_量增紅K,24,50.0,0.66,-14.19,-3.17
3617.TW,P03_均線支撐放量,47,48.94,0.82,-7.73,-3.17
6625.TW,P01_量縮價穩,172,47.67,1.03,-11.52,-3.17
2414.TW,P02_量增紅K,16,43.75,1.76,-7.56,-3.17
3701.TW,P02_量增紅K,53,43.4,1.82,-9.63,-3.17
6214.TW,P03_均線支撐放量,72,41.67,2.2,-5.46,-3.17
2832.TW,P01_量縮價穩,181,34.81,4.02,-2.31,-3.17
4755.TW,P03_均線支撐放量,46,34.78,4.01,-9.96,-3.17
1711.TW,P08_黃金交叉量增,11,54.55,0.0,-10.04,-3.18
6579.TW,P11_多頭排列紅K,50,52.0,0.35,-10.81,-3.18
1733.TW,P01_量縮價穩,129,51.94,0.36,-7.48,-3.18
1722.TW,P11_多頭排列紅K,49,46.94,1.14,-6.6,-3.18
1410.TW,P09_量縮後爆量紅K,36,44.44,1.6,-4.39,-3.18
1459.TW,P10_組合訊號,68,44.12,1.67,-7.89,-3.18
2542.TW,P06_價量背離,100,44.0,1.68,-5.54,-3.18
1903.TW,P08_黃金交叉量增,14,42.86,1.9,-12.01,-3.18
2034.TW,P08_黃金交叉量增,14,42.86,1.92,-9.89,-3.18
5531.TW,P10_組合訊號,66,40.91,2.33,-6.78,-3.18
9931.TW,P11_多頭排列紅K,58,37.93,3.08,-2.79,-3.18
1440.TW,P03_均線支撐放量,65,24.62,-3.88,-10.02,-3.18
8341.TW,P07_RSI超賣量縮,46,52.17,0.3,-10.32,-3.19
4155.TW,P03_均線支撐放量,47,48.94,0.78,-7.86,-3.19
2017.TW,P07_RSI超賣量縮,74,47.3,1.05,-11.17,-3.19
2395.TW,P03_均線支撐放量,66,45.45,1.37,-9.8,-3.19
2430.TW,P09_量縮後爆量紅K,9,44.44,1.58,-9.53,-3.19
1459.TW,P03_均線支撐放量,97,44.33,1.6,-6.89,-3.19
2614.TW,P07_RSI超賣量縮,57,42.11,2.06,-11.81,-3.19
2514.TW,P11_多頭排列紅K,46,41.3,2.23,-9.11,-3.19
5283.TW,P02_量增紅K,17,41.18,2.26,-4.75,-3.19
5244.TW,P08_黃金交叉量增,6,33.33,4.44,-16.34,-3.19
1414.TW,P06_價量背離,80,32.5,4.73,-7.44,-3.19
1301.TW,P11_多頭排列紅K,57,24.56,-4.51,-10.29,-3.19
7795.TW,P03_均線支撐放量,9,22.22,10.16,-15.66,-3.19
2413.TW,P02_量增紅K,31,51.61,0.37,-17.73,-3.2
3032.TW,P03_均線支撐放量,32,50.0,0.6,-10.57,-3.2
2020.TW,P02_量增紅K,20,50.0,0.6,-11.18,-3.2
1810.TW,P05_連跌反轉紅K,24,50.0,0.59,-13.18,-3.2
1810.TW,P08_黃金交叉量增,10,50.0,0.6,-16.54,-3.2
6933.TW,P04_長下影線放量,8,50.0,0.61,-19.12,-3.2
1220.TW,P09_量縮後爆量紅K,8,50.0,0.6,-5.96,-3.2
5288.TW,P11_多頭排列紅K,60,48.33,0.86,-9.74,-3.2
1301.TW,P10_組合訊號,63,47.62,0.99,-8.03,-3.2
1309.TW,P10_組合訊號,32,46.88,1.11,-10.44,-3.2
1614.TW,P09_量縮後爆量紅K,13,46.15,1.24,-3.54,-3.2
2207.TW,P03_均線支撐放量,96,44.79,1.49,-8.19,-3.2
3679.TW,P04_長下影線放量,42,42.86,1.88,-8.92,-3.2
1314.TW,P01_量縮價穩,77,35.06,3.84,-10.65,-3.2
9942.TW,P10_組合訊號,50,30.0,5.68,-5.26,-3.2
2015.TW,P04_長下影線放量,55,49.09,0.71,-6.52,-3.21
2362.TW,P10_組合訊號,67,47.76,0.93,-6.85,-3.21
2109.TW,P10_組合訊號,61,44.26,1.56,-7.3,-3.21
1786.TW,P09_量縮後爆量紅K,7,42.86,1.85,-10.87,-3.21
1810.TW,P03_均線支撐放量,65,41.54,2.13,-10.06,-3.21
2208.TW,P10_組合訊號,41,41.46,2.14,-8.48,-3.21
5880.TW,P03_均線支撐放量,151,40.4,2.39,-4.5,-3.21
1540.TW,P11_多頭排列紅K,25,40.0,2.48,-7.52,-3.21
6184.TW,P11_多頭排列紅K,68,38.24,2.92,-2.12,-3.21
2476.TW,P03_均線支撐放量,52,36.54,3.38,-6.83,-3.21
3706.TW,P12_多頭回檔,34,29.41,5.87,-10.73,-3.21
4414.TW,P03_均線支撐放量,45,24.44,-10.74,-18.65,-3.21
2401.TW,P01_量縮價穩,68,52.94,0.14,-13.68,-3.22
1439.TW,P10_組合訊號,57,52.63,0.18,-7.13,-3.22
3062.TW,P10_組合訊號,34,50.0,0.56,-15.74,-3.22
3257.TW,P03_均線支撐放量,26,50.0,0.56,-13.56,-3.22
6133.TW,P05_連跌反轉紅K,32,50.0,0.56,-10.88,-3.22
1806.TW,P01_量縮價穩,151,48.34,0.82,-8.86,-3.22
6715.TW,P01_量縮價穩,145,46.21,1.19,-13.57,-3.22
1218.TW,P01_量縮價穩,133,45.11,1.38,-7.44,-3.22
2611.TW,P07_RSI超賣量縮,75,44.0,1.59,-11.6,-3.22
6216.TW,P05_連跌反轉紅K,25,44.0,1.58,-7.32,-3.22
6201.TW,P09_量縮後爆量紅K,12,33.33,4.35,-3.78,-3.22
1460.TW,P03_均線支撐放量,86,24.42,-4.78,-10.49,-3.22
1447.TW,P04_長下影線放量,41,24.39,-4.61,-11.82,-3.22
1521.TW,P11_多頭排列紅K,41,24.39,-0.6,-7.98,-3.22
4552.TW,P07_RSI超賣量縮,77,48.05,0.84,-8.42,-3.23
2607.TW,P09_量縮後爆量紅K,5,40.0,2.42,-10.31,-3.23
2017.TW,P01_量縮價穩,140,38.57,2.76,-11.14,-3.23
1419.TW,P04_長下影線放量,55,34.55,3.92,-5.32,-3.23
2428.TW,P03_均線支撐放量,28,53.57,0.02,-11.32,-3.24
5285.TW,P01_量縮價穩,131,52.67,0.14,-13.38,-3.24
1402.TW,P06_價量背離,63,49.21,0.64,-5.99,-3.24
1735.TW,P06_價量背離,118,49.15,0.64,-6.83,-3.24
1904.TW,P07_RSI超賣量縮,64,40.62,2.24,-7.71,-3.24
1321.TW,P01_量縮價穩,184,40.22,2.34,-6.79,-3.24
2901.TW,P06_價量背離,174,36.78,3.23,-3.66,-3.24
2838.TW,P02_量增紅K,25,36.0,3.45,-5.1,-3.24
1203.TW,P08_黃金交叉量增,16,31.25,5.04,-3.67,-3.24
6952.TW,P06_價量背離,66,24.24,-1.94,-8.52,-3.24
3380.TW,P02_量增紅K,33,51.52,0.28,-13.19,-3.25
4557.TW,P06_價量背離,105,49.52,0.58,-9.06,-3.25
1402.TW,P03_均線支撐放量,94,48.94,0.67,-6.53,-3.25
1109.TW,P05_連跌反轉紅K,28,46.43,1.07,-8.41,-3.25
6283.TW,P03_均線支撐放量,34,44.12,1.5,-14.55,-3.25
9907.TW,P01_量縮價穩,105,40.95,2.15,-8.04,-3.25
1236.TW,P12_多頭回檔,66,40.91,2.17,-6.62,-3.25
2511.TW,P04_長下影線放量,62,24.19,-2.71,-9.17,-3.25
2506.TW,P04_長下影線放量,62,24.19,-1.72,-6.9,-3.25
2616.TW,P04_長下影線放量,62,24.19,-0.04,-4.68,-3.25
8215.TW,P02_量增紅K,32,53.12,0.05,-15.18,-3.26
2305.TW,P06_價量背離,80,52.5,0.13,-12.39,-3.26
3652.TW,P05_連跌反轉紅K,27,51.85,0.21,-13.33,-3.26
3266.TW,P05_連跌反轉紅K,25,48.0,0.78,-9.8,-3.26
1104.TW,P09_量縮後爆量紅K,11,45.45,1.24,-7.19,-3.26
2038.TW,P06_價量背離,110,45.45,1.22,-12.1,-3.26
1217.TW,P04_長下影線放量,43,44.19,1.47,-5.46,-3.26
1256.TW,P08_黃金交叉量增,10,40.0,2.36,-12.51,-3.26
2397.TW,P06_價量背離,108,39.81,2.39,-5.85,-3.26
2106.TW,P10_組合訊號,57,38.6,2.69,-6.89,-3.26
1440.TW,P09_量縮後爆量紅K,12,33.33,4.22,-11.78,-3.26
8411.TW,P05_連跌反轉紅K,29,24.14,-0.62,-11.34,-3.26
1806.TW,P06_價量背離,112,45.54,1.19,-6.98,-3.27
2429.TW,P10_組合訊號,53,45.28,1.24,-12.86,-3.27
2397.TW,P12_多頭回檔,74,43.24,1.63,-7.99,-3.27
6176.TW,P04_長下影線放量,42,42.86,1.7,-8.38,-3.27
2332.TW,P08_黃金交叉量增,7,42.86,1.71,-19.44,-3.27
2892.TW,P01_量縮價穩,70,38.57,2.66,-3.55,-3.27
3528.TW,P10_組合訊號,60,38.33,2.72,-4.11,-3.27
9917.TW,P10_組合訊號,56,37.5,2.94,-3.38,-3.27
4104.TW,P07_RSI超賣量縮,25,32.0,4.65,-3.47,-3.27
1707.TW,P06_價量背離,137,24.09,-2.13,-6.75,-3.27
1416.TW,P04_長下影線放量,54,24.07,-0.44,-6.86,-3.27
3062.TW,P09_量縮後爆量紅K,12,50.0,0.44,-16.2,-3.28
1308.TW,P03_均線支撐放量,49,48.98,0.59,-10.12,-3.28
1762.TW,P07_RSI超賣量縮,80,47.5,0.83,-11.26,-3.28
3022.TW,P01_量縮價穩,114,47.37,0.84,-9.87,-3.28
1459.TW,P04_長下影線放量,56,46.43,1.01,-7.6,-3.28
2022.TW,P05_連跌反轉紅K,34,41.18,2.02,-15.13,-3.28
9931.TW,P12_多頭回檔,129,40.31,2.24,-2.6,-3.28
1437.TW,P11_多頭排列紅K,60,38.33,2.72,-6.64,-3.28
9937.TW,P01_量縮價穩,374,38.24,2.72,-3.93,-3.28
2114.TW,P12_多頭回檔,90,34.44,3.79,-4.67,-3.28
3563.TW,P01_量縮價穩,76,52.63,0.05,-15.55,-3.29
2324.TW,P02_量增紅K,10,50.0,0.43,-9.58,-3.29
1319.TW,P09_量縮後爆量紅K,4,50.0,0.43,-8.61,-3.29
9938.TW,P08_黃金交叉量增,6,50.0,0.43,-11.83,-3.29
4439.TW,P03_均線支撐放量,52,50.0,0.42,-7.75,-3.29
2462.TW,P11_多頭排列紅K,38,50.0,0.42,-11.68,-3.29
6598.TW,P07_RSI超賣量縮,121,48.76,0.61,-13.2,-3.29
1308.TW,P10_組合訊號,53,47.17,0.86,-10.22,-3.29
6689.TW,P12_多頭回檔,15,46.67,0.95,-16.0,-3.29
2115.TW,P07_RSI超賣量縮,68,45.59,1.13,-4.83,-3.29
5203.TW,P09_量縮後爆量紅K,9,44.44,1.35,-10.14,-3.29
3138.TW,P08_黃金交叉量增,7,42.86,1.65,-20.35,-3.29
2892.TW,P12_多頭回檔,113,40.71,2.12,-5.11,-3.29
2880.TW,P10_組合訊號,63,39.68,2.36,-4.99,-3.29
9944.TW,P04_長下影線放量,81,37.04,3.03,-4.03,-3.29
1434.TW,P06_價量背離,142,23.94,-1.1,-5.89,-3.29
2331.TW,P09_量縮後爆量紅K,4,50.0,0.4,-18.6,-3.3
4555.TW,P04_長下影線放量,50,50.0,0.39,-8.61,-3.3
6206.TW,P11_多頭排列紅K,56,48.21,0.67,-8.59,-3.3
5288.TW,P12_多頭回檔,52,48.08,0.69,-8.95,-3.3
6671.TW,P05_連跌反轉紅K,25,48.0,0.71,-5.18,-3.3
4439.TW,P06_價量背離,105,47.62,0.78,-8.24,-3.3
1434.TW,P07_RSI超賣量縮,55,45.45,1.13,-4.24,-3.3
2409.TW,P06_價量背離,38,44.74,1.28,-14.19,-3.3
1104.TW,P03_均線支撐放量,57,40.35,2.17,-5.71,-3.3
4106.TW,P01_量縮價穩,138,38.41,2.62,-9.37,-3.3
4904.TW,P01_量縮價穩,80,37.5,2.86,-3.6,-3.3
3708.TW,P09_量縮後爆量紅K,8,37.5,2.88,-13.81,-3.3
1236.TW,P06_價量背離,151,35.76,3.35,-6.88,-3.3
9933.TW,P03_均線支撐放量,67,23.88,-0.92,-8.24,-3.3
1472.TW,P06_價量背離,86,46.51,0.93,-18.48,-3.31
4930.TW,P04_長下影線放量,42,45.24,1.16,-10.47,-3.31
3036.TW,P03_均線支撐放量,31,45.16,1.17,-9.21,-3.31
911868.TW,P10_組合訊號,84,44.05,1.37,-6.66,-3.31
8249.TW,P12_多頭回檔,48,43.75,1.44,-8.46,-3.31
1618.TW,P10_組合訊號,36,41.67,1.85,-11.42,-3.31
3617.TW,P06_價量背離,86,39.53,2.33,-8.54,-3.31
5533.TW,P01_量縮價穩,159,38.99,2.47,-4.87,-3.31
2034.TW,P12_多頭回檔,42,23.81,-1.79,-9.75,-3.31
6277.TW,P10_組合訊號,84,23.81,-0.86,-4.85,-3.31
1310.TW,P11_多頭排列紅K,42,23.81,-6.08,-13.49,-3.31
4949.TW,P07_RSI超賣量縮,21,23.81,-9.99,-14.62,-3.31
2547.TW,P05_連跌反轉紅K,25,52.0,0.07,-8.17,-3.32
2006.TW,P02_量增紅K,14,50.0,0.37,-9.37,-3.32
2913.TW,P12_多頭回檔,53,45.28,1.13,-7.83,-3.32
9917.TW,P11_多頭排列紅K,107,43.93,1.37,-4.35,-3.32
2739.TW,P03_均線支撐放量,83,42.17,1.74,-9.41,-3.32
1722.TW,P06_價量背離,100,41.0,1.98,-5.18,-3.32
6024.TW,P08_黃金交叉量增,5,40.0,2.2,-7.01,-3.32
2108.TW,P12_多頭回檔,33,39.39,2.35,-11.86,-3.32
6534.TW,P04_長下影線放量,13,38.46,2.57,-8.08,-3.32
6958.TW,P01_量縮價穩,59,23.73,-9.8,-15.05,-3.32
2516.TW,P09_量縮後爆量紅K,14,50.0,0.33,-10.78,-3.33
4155.TW,P12_多頭回檔,44,47.73,0.7,-9.08,-3.33
3266.TW,P04_長下影線放量,55,47.27,0.77,-9.14,-3.33
2115.TW,P02_量增紅K,31,45.16,1.13,-5.63,-3.33
2032.TW,P04_長下影線放量,40,45.0,1.16,-11.06,-3.33
1583.TW,P03_均線支撐放量,94,43.62,1.4,-5.88,-3.33
2106.TW,P04_長下影線放量,71,42.25,1.69,-6.49,-3.33
3557.TW,P02_量增紅K,29,41.38,1.87,-14.05,-3.33
6770.TW,P12_多頭回檔,21,38.1,2.63,-15.22,-3.33
6184.TW,P04_長下影線放量,76,36.84,2.96,-2.14,-3.33
6201.TW,P02_量增紅K,28,32.14,4.4,-5.34,-3.33
2458.TW,P04_長下影線放量,43,51.16,0.16,-12.25,-3.34
4536.TW,P06_價量背離,63,50.79,0.21,-10.58,-3.34
2323.TW,P01_量縮價穩,69,50.72,0.22,-13.75,-3.34
2030.TW,P07_RSI超賣量縮,92,50.0,0.31,-10.31,-3.34
5876.TW,P03_均線支撐放量,142,47.18,0.76,-7.16,-3.34
8466.TW,P12_多頭回檔,100,45.0,1.13,-7.46,-3.34
1454.TW,P09_量縮後爆量紅K,18,44.44,1.23,-7.43,-3.34
1442.TW,P07_RSI超賣量縮,58,43.1,1.48,-11.85,-3.34
2013.TW,P04_長下影線放量,40,40.0,2.16,-8.07,-3.34
1734.TW,P10_組合訊號,50,40.0,2.14,-5.83,-3.34
2227.TW,P03_均線支撐放量,127,23.62,-3.96,-9.14,-3.34
2441.TW,P07_RSI超賣量縮,27,51.85,0.04,-10.22,-3.35
4555.TW,P12_多頭回檔,39,48.72,0.49,-7.49,-3.35
5306.TW,P11_多頭排列紅K,43,46.51,0.85,-11.28,-3.35
2722.TW,P03_均線支撐放量,54,46.3,0.88,-12.11,-3.35
8411.TW,P03_均線支撐放量,151,41.72,1.74,-5.79,-3.35
1109.TW,P01_量縮價穩,174,40.8,1.94,-6.39,-3.35
1341.TW,P02_量增紅K,36,36.11,3.12,-4.35,-3.35
2107.TW,P06_價量背離,147,36.05,3.12,-4.25,-3.35
1321.TW,P09_量縮後爆量紅K,14,35.71,3.22,-5.56,-3.35
2362.TW,P09_量縮後爆量紅K,12,33.33,3.94,-7.32,-3.35
1447.TW,P06_價量背離,153,23.53,-0.76,-8.2,-3.35
1310.TW,P12_多頭回檔,34,23.53,-3.68,-12.02,-3.35
6887.TW,P06_價量背離,17,23.53,-9.92,-12.52,-3.35
2901.TW,P11_多頭排列紅K,51,23.53,-1.69,-6.3,-3.35
3049.TW,P01_量縮價穩,67,49.25,0.39,-12.8,-3.36
2426.TW,P02_量增紅K,35,45.71,0.97,-14.18,-3.36
2397.TW,P05_連跌反轉紅K,35,42.86,1.49,-9.05,-3.36
1435.TW,P10_組合訊號,34,41.18,1.85,-8.87,-3.36
4106.TW,P10_組合訊號,78,41.03,1.86,-5.58,-3.36
1614.TW,P01_量縮價穩,217,36.41,3.01,-3.62,-3.36
6184.TW,P12_多頭回檔,121,35.54,3.25,-2.21,-3.36
4737.TW,P05_連跌反轉紅K,41,34.15,3.66,-7.47,-3.36
6235.TW,P09_量縮後爆量紅K,8,50.0,0.26,-15.5,-3.37
2029.TW,P04_長下影線放量,47,48.94,0.42,-10.91,-3.37
2027.TW,P03_均線支撐放量,35,45.71,0.95,-8.51,-3.37
6722.TW,P07_RSI超賣量縮,38,44.74,1.11,-5.62,-3.37
2530.TW,P08_黃金交叉量增,10,40.0,2.06,-7.54,-3.37
2892.TW,P11_多頭排列紅K,137,39.42,2.21,-5.08,-3.37
6136.TW,P11_多頭排列紅K,61,37.7,2.62,-3.7,-3.37
9907.TW,P04_長下影線放量,38,36.84,2.84,-7.01,-3.37
1467.TW,P01_量縮價穩,201,29.85,5.16,-7.5,-3.37
4190.TW,P04_長下影線放量,47,23.4,-5.82,-12.74,-3.37
4999.TW,P10_組合訊號,94,23.4,-3.68,-10.58,-3.37
2353.TW,P09_量縮後爆量紅K,2,50.0,0.25,-12.58,-3.38
2601.TW,P11_多頭排列紅K,18,50.0,0.25,-13.26,-3.38
2462.TW,P10_組合訊號,46,50.0,0.24,-10.77,-3.38
6598.TW,P10_組合訊號,50,50.0,0.24,-13.07,-3.38
2207.TW,P10_組合訊號,54,48.15,0.52,-10.24,-3.38
1582.TW,P07_RSI超賣量縮,38,44.74,1.1,-6.02,-3.38
2115.TW,P03_均線支撐放量,110,44.55,1.13,-5.54,-3.38
1338.TW,P05_連跌反轉紅K,37,43.24,1.37,-10.16,-3.38
6581.TW,P11_多頭排列紅K,61,40.98,1.83,-5.97,-3.38
2030.TW,P06_價量背離,96,40.62,1.92,-9.39,-3.38
1466.TW,P01_量縮價穩,212,37.74,2.6,-9.6,-3.38
1614.TW,P06_價量背離,156,36.54,2.91,-3.34,-3.38
1617.TW,P06_價量背離,116,35.34,3.25,-7.02,-3.38
2912.TW,P11_多頭排列紅K,60,23.33,-0.05,-4.29,-3.38
2506.TW,P02_量增紅K,30,23.33,-1.54,-6.25,-3.38
9802.TW,P05_連跌反轉紅K,32,50.0,0.23,-16.3,-3.39
2062.TW,P05_連跌反轉紅K,33,48.48,0.44,-10.12,-3.39
9933.TW,P06_價量背離,81,45.68,0.9,-6.88,-3.39
2347.TW,P12_多頭回檔,80,45.0,1.01,-7.0,-3.39
1104.TW,P05_連跌反轉紅K,14,42.86,1.43,-6.47,-3.39
2007.TW,P01_量縮價穩,173,42.77,1.43,-13.79,-3.39
6214.TW,P01_量縮價穩,107,42.06,1.57,-5.49,-3.39
1707.TW,P07_RSI超賣量縮,43,41.86,1.64,-5.67,-3.39
3543.TW,P03_均線支撐放量,73,41.1,1.79,-10.63,-3.39
1103.TW,P03_均線支撐放量,84,40.48,1.91,-7.05,-3.39
1419.TW,P06_價量背離,177,40.11,2.0,-3.58,-3.39
1220.TW,P07_RSI超賣量縮,57,38.6,2.36,-8.44,-3.39
911868.TW,P12_多頭回檔,56,28.57,5.62,-9.56,-3.39
6202.TW,P10_組合訊號,39,51.28,0.02,-9.76,-3.4
1410.TW,P07_RSI超賣量縮,59,50.85,0.08,-4.74,-3.4
9136.TW,P01_量縮價穩,244,47.54,0.58,-7.63,-3.4
8163.TW,P04_長下影線放量,19,47.37,0.6,-11.47,-3.4
1313.TW,P11_多頭排列紅K,44,45.45,0.91,-13.14,-3.4
2488.TW,P06_價量背離,108,45.37,0.93,-7.77,-3.4
2362.TW,P04_長下影線放量,60,43.33,1.32,-8.12,-3.4
2723.TW,P05_連跌反轉紅K,35,42.86,1.4,-16.73,-3.4
2816.TW,P11_多頭排列紅K,62,40.32,1.92,-6.0,-3.4
3056.TW,P04_長下影線放量,62,37.1,2.7,-9.42,-3.4
2801.TW,P12_多頭回檔,93,36.56,2.85,-3.5,-3.4
2028.TW,P03_均線支撐放量,78,35.9,3.02,-6.72,-3.4
4560.TW,P12_多頭回檔,43,23.26,-2.53,-6.8,-3.4
4306.TW,P05_連跌反轉紅K,15,46.67,0.69,-8.18,-3.41
6909.TW,P06_價量背離,11,45.45,0.9,-16.57,-3.41
2374.TW,P03_均線支撐放量,31,45.16,0.95,-9.95,-3.41
3090.TW,P11_多頭排列紅K,35,42.86,1.39,-9.19,-3.41
8442.TW,P09_量縮後爆量紅K,12,41.67,1.6,-7.91,-3.41
2883.TW,P06_價量背離,64,40.62,1.83,-7.38,-3.41
1304.TW,P06_價量背離,75,40.0,1.98,-10.48,-3.41
1216.TW,P08_黃金交叉量增,13,38.46,2.34,-4.13,-3.41
8404.TW,P03_均線支撐放量,69,33.33,3.77,-9.09,-3.41
8422.TW,P04_長下影線放量,69,31.88,4.25,-5.13,-3.41
2912.TW,P04_長下影線放量,69,23.19,-0.33,-5.63,-3.41
3049.TW,P05_連跌反轉紅K,30,50.0,0.15,-15.92,-3.42
3311.TW,P01_量縮價穩,203,48.28,0.42,-9.34,-3.42
2528.TW,P07_RSI超賣量縮,48,45.83,0.81,-9.18,-3.42
1439.TW,P01_量縮價穩,197,44.67,1.01,-7.59,-3.42
5876.TW,P05_連跌反轉紅K,47,42.55,1.42,-6.94,-3.42
1709.TW,P06_價量背離,139,41.01,1.73,-7.06,-3.42
8213.TW,P11_多頭排列紅K,40,40.0,1.94,-9.07,-3.42
4108.TW,P05_連跌反轉紅K,43,39.53,2.06,-12.2,-3.42
1603.TW,P02_量增紅K,38,39.47,2.07,-10.22,-3.42
2762.TW,P03_均線支撐放量,13,23.08,-5.38,-11.59,-3.42
6958.TW,P12_多頭回檔,13,23.08,-11.5,-14.66,-3.42
6887.TW,P05_連跌反轉紅K,13,23.08,-10.66,-14.22,-3.42
1220.TW,P02_量增紅K,26,23.08,-3.99,-10.2,-3.42
2901.TW,P09_量縮後爆量紅K,13,23.08,-2.83,-8.17,-3.42
2208.TW,P02_量增紅K,18,50.0,0.13,-12.71,-3.43
8411.TW,P07_RSI超賣量縮,111,46.85,0.63,-7.41,-3.43
3703.TW,P10_組合訊號,52,44.23,1.07,-8.57,-3.43
8499.TW,P10_組合訊號,47,40.43,1.84,-9.73,-3.43
1817.TW,P05_連跌反轉紅K,33,39.39,2.06,-7.71,-3.43
2834.TW,P04_長下影線放量,61,37.7,2.47,-5.74,-3.43
2633.TW,P07_RSI超賣量縮,38,36.84,2.68,-8.06,-3.43
9911.TW,P05_連跌反轉紅K,30,33.33,3.72,-3.71,-3.43
6863.TW,P06_價量背離,24,50.0,0.12,-17.11,-3.44
2101.TW,P04_長下影線放量,47,48.94,0.28,-7.36,-3.44
7631.TW,P05_連跌反轉紅K,13,46.15,0.71,-10.18,-3.44
9904.TW,P12_多頭回檔,55,45.45,0.83,-7.32,-3.44
4526.TW,P06_價量背離,100,44.0,1.08,-10.04,-3.44
2748.TW,P12_多頭回檔,37,43.24,1.23,-9.42,-3.44
1325.TW,P08_黃金交叉量增,7,42.86,1.31,-10.86,-3.44
2706.TW,P07_RSI超賣量縮,50,38.0,2.37,-5.79,-3.44
2891.TW,P08_黃金交叉量增,6,50.0,0.1,-14.05,-3.45
2106.TW,P12_多頭回檔,57,45.61,0.78,-7.8,-3.45
2542.TW,P01_量縮價穩,94,41.49,1.56,-5.41,-3.45
8482.TW,P06_價量背離,142,39.44,2.01,-6.73,-3.45
6581.TW,P02_量增紅K,33,39.39,2.02,-6.55,-3.45
1707.TW,P12_多頭回檔,48,22.92,-1.32,-7.76,-3.45
5546.TW,P06_價量背離,96,22.92,-4.91,-12.71,-3.45
8110.TW,P09_量縮後爆量紅K,16,50.0,0.08,-13.38,-3.46
6936.TW,P07_RSI超賣量縮,6,50.0,0.09,-4.22,-3.46
9927.TW,P03_均線支撐放量,79,40.51,1.73,-7.17,-3.46
1216.TW,P04_長下影線放量,60,40.0,1.86,-4.46,-3.46
3040.TW,P07_RSI超賣量縮,93,39.78,1.89,-7.33,-3.46
8473.TW,P01_量縮價穩,145,38.62,2.16,-7.62,-3.46
1735.TW,P01_量縮價穩,272,38.6,2.17,-5.51,-3.46
1709.TW,P05_連跌反轉紅K,23,47.83,0.38,-7.97,-3.47
3501.TW,P07_RSI超賣量縮,53,47.17,0.48,-5.88,-3.47
2618.TW,P10_組合訊號,34,47.06,0.5,-14.07,-3.47
6625.TW,P03_均線支撐放量,56,46.43,0.59,-9.18,-3.47
3094.TW,P03_均線支撐放量,38,44.74,0.9,-10.15,-3.47
1598.TW,P02_量增紅K,27,40.74,1.67,-13.26,-3.47
2832.TW,P06_價量背離,237,32.07,4.02,-2.29,-3.47
6214.TW,P07_RSI超賣量縮,26,50.0,0.04,-9.83,-3.48
2478.TW,P06_價量背離,82,47.56,0.41,-8.6,-3.48
2397.TW,P04_長下影線放量,34,47.06,0.47,-5.35,-3.48
2547.TW,P12_多頭回檔,35,45.71,0.7,-7.98,-3.48
4137.TW,P07_RSI超賣量縮,62,43.55,1.09,-11.19,-3.48
1817.TW,P04_長下影線放量,62,40.32,1.74,-4.22,-3.48
8926.TW,P03_均線支撐放量,72,38.89,2.05,-5.8,-3.48
1717.TW,P02_量增紅K,16,37.5,2.39,-8.61,-3.48
2910.TW,P03_均線支撐放量,132,37.12,2.49,-5.16,-3.48
6835.TW,P06_價量背離,44,36.36,2.69,-8.41,-3.48
9940.TW,P02_量增紅K,22,22.73,-2.58,-7.39,-3.48
1444.TW,P11_多頭排列紅K,44,22.73,-3.81,-11.14,-3.48
3669.TW,P01_量縮價穩,141,49.65,0.06,-11.79,-3.49
3708.TW,P05_連跌反轉紅K,23,47.83,0.35,-12.6,-3.49
1216.TW,P11_多頭排列紅K,78,41.03,1.57,-4.68,-3.49
5525.TW,P10_組合訊號,93,39.78,1.83,-6.47,-3.49
2845.TW,P07_RSI超賣量縮,26,34.62,3.15,-3.01,-3.49
1466.TW,P12_多頭回檔,40,30.0,4.69,-11.31,-3.49
1434.TW,P04_長下影線放量,53,22.64,-0.5,-6.71,-3.49
1506.TW,P10_組合訊號,102,50.0,0.0,-10.96,-3.5
8072.TW,P07_RSI超賣量縮,63,49.21,0.11,-7.63,-3.5
5306.TW,P06_價量背離,72,44.44,0.88,-10.3,-3.5
2013.TW,P11_多頭排列紅K,36,44.44,0.88,-8.34,-3.5
1468.TW,P01_量縮價穩,34,44.12,0.93,-9.08,-3.5
3054.TW,P06_價量背離,111,43.24,1.09,-7.2,-3.5
9944.TW,P05_連跌反轉紅K,19,42.11,1.31,-6.68,-3.5
2397.TW,P01_量縮價穩,160,41.88,1.35,-7.43,-3.5
9907.TW,P03_均線支撐放量,53,41.51,1.44,-6.18,-3.5
6201.TW,P10_組合訊號,73,39.73,1.82,-4.55,-3.5
2845.TW,P06_價量背離,106,38.68,2.05,-4.39,-3.5
911868.TW,P02_量增紅K,40,37.5,2.32,-12.89,-3.5
2886.TW,P07_RSI超賣量縮,30,36.67,2.55,-4.99,-3.5
2852.TW,P03_均線支撐放量,140,35.71,2.79,-4.73,-3.5
1517.TW,P08_黃金交叉量增,6,33.33,3.5,-5.57,-3.5
3056.TW,P07_RSI超賣量縮,51,47.06,0.41,-9.54,-3.51
1711.TW,P11_多頭排列紅K,37,45.95,0.6,-10.06,-3.51
8442.TW,P11_多頭排列紅K,37,45.95,0.59,-11.47,-3.51
1459.TW,P11_多頭排列紅K,58,44.83,0.79,-9.41,-3.51
1731.TW,P04_長下影線放量,45,37.78,2.23,-5.18,-3.51
5608.TW,P04_長下影線放量,40,22.5,-6.78,-21.42,-3.51
5546.TW,P12_多頭回檔,40,22.5,-3.82,-10.52,-3.51
2305.TW,P03_均線支撐放量,39,48.72,0.15,-13.63,-3.52
1102.TW,P03_均線支撐放量,113,45.13,0.7,-7.18,-3.52
2903.TW,P05_連跌反轉紅K,27,44.44,0.84,-6.68,-3.52
8478.TW,P10_組合訊號,38,42.11,1.28,-18.65,-3.52
1416.TW,P12_多頭回檔,69,40.58,1.58,-6.11,-3.52
3501.TW,P12_多頭回檔,78,39.74,1.76,-6.36,-3.52
1524.TW,P06_價量背離,128,39.06,1.9,-6.04,-3.52
1530.TW,P03_均線支撐放量,107,38.32,2.07,-4.21,-3.52
2852.TW,P12_多頭回檔,103,34.95,2.96,-4.94,-3.52
1731.TW,P06_價量背離,174,33.33,3.45,-3.72,-3.52
2610.TW,P11_多頭排列紅K,29,48.28,0.19,-10.94,-3.53
6534.TW,P10_組合訊號,29,48.28,0.19,-8.61,-3.53
1903.TW,P03_均線支撐放量,96,42.71,1.12,-8.93,-3.53
9945.TW,P04_長下影線放量,31,41.94,1.28,-10.79,-3.53
2353.TW,P05_連跌反轉紅K,31,41.94,1.28,-10.24,-3.53
1229.TW,P05_連跌反轉紅K,35,40.0,1.68,-8.91,-3.53
2836.TW,P02_量增紅K,25,40.0,1.69,-4.78,-3.53
2008.TW,P02_量增紅K,35,40.0,1.67,-6.16,-3.53
1414.TW,P11_多頭排列紅K,55,40.0,1.67,-9.71,-3.53
1326.TW,P12_多頭回檔,48,39.58,1.77,-6.7,-3.53
2905.TW,P04_長下影線放量,53,49.06,0.05,-9.21,-3.54
7732.TW,P12_多頭回檔,23,47.83,0.24,-9.87,-3.54
1316.TW,P11_多頭排列紅K,34,47.06,0.35,-16.17,-3.54
2464.TW,P05_連跌反轉紅K,24,45.83,0.56,-9.04,-3.54
2008.TW,P11_多頭排列紅K,43,44.19,0.84,-7.46,-3.54
9918.TW,P05_連跌反轉紅K,17,41.18,1.4,-3.07,-3.54
2903.TW,P10_組合訊號,78,39.74,1.72,-7.08,-3.54
6128.TW,P07_RSI超賣量縮,48,39.58,1.74,-6.12,-3.54
2032.TW,P10_組合訊號,46,36.96,2.35,-8.33,-3.54
3705.TW,P10_組合訊號,78,33.33,3.39,-3.48,-3.54
2114.TW,P08_黃金交叉量增,9,33.33,3.37,-3.27,-3.54
1341.TW,P12_多頭回檔,90,33.33,3.37,-3.98,-3.54
6277.TW,P03_均線支撐放量,94,22.34,-0.07,-3.98,-3.54
1201.TW,P01_量縮價穩,103,22.33,-1.15,-6.3,-3.54
4737.TW,P07_RSI超賣量縮,94,48.94,0.04,-8.4,-3.55
1439.TW,P04_長下影線放量,37,48.65,0.09,-9.27,-3.55
2014.TW,P11_多頭排列紅K,42,45.24,0.62,-16.06,-3.55
4438.TW,P03_均線支撐放量,51,43.14,1.0,-8.31,-3.55
2704.TW,P05_連跌反轉紅K,31,41.94,1.24,-7.41,-3.55
8442.TW,P07_RSI超賣量縮,63,41.27,1.35,-9.19,-3.55
2103.TW,P05_連跌反轉紅K,30,40.0,1.63,-9.36,-3.55
9927.TW,P07_RSI超賣量縮,45,40.0,1.61,-7.39,-3.55
4106.TW,P06_價量背離,137,39.42,1.75,-7.71,-3.55
4306.TW,P06_價量背離,103,38.83,1.88,-6.9,-3.55
2069.TW,P04_長下影線放量,39,38.46,1.98,-14.54,-3.55
8131.TW,P12_多頭回檔,60,38.33,1.99,-7.49,-3.55
2362.TW,P07_RSI超賣量縮,58,37.93,2.09,-8.6,-3.55
3028.TW,P06_價量背離,126,37.3,2.25,-6.81,-3.55
2618.TW,P12_多頭回檔,37,35.14,2.83,-9.01,-3.55
6201.TW,P03_均線支撐放量,113,33.63,3.26,-4.36,-3.55
2852.TW,P09_量縮後爆量紅K,6,33.33,3.35,-3.6,-3.55
4557.TW,P04_長下影線放量,48,29.17,4.82,-9.71,-3.55
2614.TW,P04_長下影線放量,28,46.43,0.4,-10.79,-3.56
5876.TW,P11_多頭排列紅K,96,43.75,0.86,-7.41,-3.56
1517.TW,P04_長下影線放量,45,42.22,1.15,-11.28,-3.56
6128.TW,P08_黃金交叉量增,12,41.67,1.26,-6.06,-3.56
2882.TW,P03_均線支撐放量,80,41.25,1.34,-7.87,-3.56
8481.TW,P05_連跌反轉紅K,15,40.0,1.61,-6.17,-3.56
1419.TW,P01_量縮價穩,259,37.45,2.19,-4.31,-3.56
1232.TW,P01_量縮價穩,178,37.08,2.27,-4.21,-3.56
2901.TW,P08_黃金交叉量增,11,36.36,2.46,-3.97,-3.56
1587.TW,P06_價量背離,125,32.8,3.48,-9.21,-3.56
7799.TW,P07_RSI超賣量縮,9,22.22,-18.0,-33.31,-3.56
1773.TW,P08_黃金交叉量增,9,22.22,-2.46,-13.68,-3.56
1434.TW,P01_量縮價穩,99,22.22,-1.75,-6.78,-3.56
1440.TW,P08_黃金交叉量增,9,22.22,-7.17,-15.11,-3.56
2227.TW,P09_量縮後爆量紅K,9,22.22,-2.83,-7.66,-3.56
3705.TW,P02_量增紅K,9,22.22,-2.06,-5.65,-3.56
4571.TW,P06_價量背離,81,22.22,-2.44,-15.76,-3.56
4927.TW,P08_黃金交叉量增,9,22.22,-14.54,-24.93,-3.56
2536.TW,P08_黃金交叉量增,9,22.22,-4.79,-9.91,-3.56
7736.TW,P10_組合訊號,9,22.22,-5.2,-8.73,-3.56
2706.TW,P02_量增紅K,27,22.22,-2.25,-7.17,-3.56
6958.TW,P04_長下影線放量,27,22.22,-12.26,-17.74,-3.56
1444.TW,P09_量縮後爆量紅K,9,22.22,-4.2,-8.64,-3.56
9905.TW,P08_黃金交叉量增,9,22.22,-2.56,-6.42,-3.56
2254.TW,P02_量增紅K,9,22.22,-3.26,-11.3,-3.56
1451.TW,P09_量縮後爆量紅K,9,22.22,-2.0,-6.81,-3.56
8476.TW,P09_量縮後爆量紅K,9,22.22,-4.04,-19.47,-3.56
6952.TW,P04_長下影線放量,18,22.22,-5.71,-11.48,-3.56
4956.TW,P08_黃金交叉量增,9,22.22,-0.81,-14.61,-3.56
2616.TW,P02_量增紅K,18,22.22,-0.03,-3.58,-3.56
1417.TW,P09_量縮後爆量紅K,9,22.22,-5.37,-12.96,-3.56
5471.TW,P01_量縮價穩,94,47.87,0.16,-11.43,-3.57
3715.TW,P07_RSI超賣量縮,23,47.83,0.17,-17.93,-3.57
4439.TW,P05_連跌反轉紅K,21,47.62,0.2,-11.25,-3.57
1727.TW,P06_價量背離,120,45.0,0.62,-10.5,-3.57
2204.TW,P04_長下影線放量,39,43.59,0.87,-13.32,-3.57
1517.TW,P11_多頭排列紅K,37,43.24,0.94,-12.44,-3.57
1419.TW,P11_多頭排列紅K,56,42.86,1.01,-5.87,-3.57
1530.TW,P04_長下影線放量,57,42.11,1.15,-5.11,-3.57
2459.TW,P08_黃金交叉量增,12,41.67,1.22,-5.02,-3.57
1455.TW,P01_量縮價穩,105,40.95,1.38,-12.02,-3.57
1597.TW,P08_黃金交叉量增,5,40.0,1.58,-14.77,-3.57
2849.TW,P01_量縮價穩,275,38.91,1.82,-4.72,-3.57
1232.TW,P12_多頭回檔,85,38.82,1.83,-4.36,-3.57
5533.TW,P10_組合訊號,66,37.88,2.06,-5.56,-3.57
1210.TW,P04_長下影線放量,35,37.14,2.22,-6.72,-3.57
2845.TW,P03_均線支撐放量,110,35.45,2.67,-4.47,-3.57
5521.TW,P10_組合訊號,65,32.31,3.62,-7.34,-3.57
1522.TW,P03_均線支撐放量,36,47.22,0.25,-8.97,-3.58
6794.TW,P04_長下影線放量,36,44.44,0.7,-8.96,-3.58
2511.TW,P11_多頭排列紅K,51,43.14,0.94,-6.46,-3.58
6115.TW,P12_多頭回檔,97,35.05,2.77,-2.45,-3.58
3092.TW,P03_均線支撐放量,27,48.15,0.08,-15.0,-3.59
2017.TW,P10_組合訊號,44,43.18,0.89,-8.74,-3.59
2034.TW,P06_價量背離,113,40.71,1.39,-6.17,-3.59
2308.TW,P08_黃金交叉量增,8,37.5,2.08,-12.65,-3.59
9917.TW,P01_量縮價穩,126,36.51,2.35,-4.0,-3.59
2834.TW,P06_價量背離,96,35.42,2.64,-5.67,-3.59
2801.TW,P06_價量背離,122,32.79,3.4,-3.27,-3.59
6757.TW,P03_均線支撐放量,7,28.57,4.95,-17.91,-3.59
6698.TW,P03_均線支撐放量,38,47.37,0.18,-14.54,-3.6
2015.TW,P02_量增紅K,18,44.44,0.65,-7.05,-3.6
2305.TW,P08_黃金交叉量增,9,44.44,0.66,-17.28,-3.6
2509.TW,P05_連跌反轉紅K,30,43.33,0.84,-8.93,-3.6
9911.TW,P08_黃金交叉量增,7,42.86,0.94,-6.31,-3.6
2101.TW,P07_RSI超賣量縮,69,42.03,1.08,-8.45,-3.6
1702.TW,P11_多頭排列紅K,52,40.38,1.41,-4.78,-3.6
2354.TW,P08_黃金交叉量增,5,40.0,1.49,-12.96,-3.6
6277.TW,P02_量增紅K,10,40.0,1.51,-3.41,-3.6
1468.TW,P11_多頭排列紅K,108,39.81,1.55,-10.06,-3.6
4904.TW,P05_連跌反轉紅K,33,39.39,1.63,-4.17,-3.6
2362.TW,P01_量縮價穩,126,37.3,2.12,-7.2,-3.6
3130.TW,P02_量增紅K,30,36.67,2.28,-3.42,-3.6
1530.TW,P12_多頭回檔,77,36.36,2.36,-5.17,-3.6
8131.TW,P09_量縮後爆量紅K,6,33.33,3.21,-9.3,-3.6
2392.TW,P06_價量背離,62,46.77,0.25,-8.95,-3.61
1321.TW,P07_RSI超賣量縮,63,44.44,0.63,-10.81,-3.61
3054.TW,P04_長下影線放量,91,43.96,0.71,-8.3,-3.61
6133.TW,P06_價量背離,126,39.68,1.54,-10.95,-3.61
6592.TW,P07_RSI超賣量縮,32,21.88,-2.71,-10.79,-3.61
2427.TW,P09_量縮後爆量紅K,13,46.15,0.32,-12.43,-3.62
1436.TW,P05_連跌反轉紅K,24,45.83,0.38,-9.42,-3.62
8442.TW,P01_量縮價穩,192,42.19,1.01,-8.63,-3.62
2115.TW,P10_組合訊號,76,42.11,1.04,-5.34,-3.62
8411.TW,P02_量增紅K,43,41.86,1.06,-8.1,-3.62
4306.TW,P01_量縮價穩,93,40.86,1.26,-6.8,-3.62
3052.TW,P06_價量背離,111,36.94,2.15,-4.43,-3.62
6216.TW,P07_RSI超賣量縮,41,36.59,2.23,-4.94,-3.62
1614.TW,P10_組合訊號,56,35.71,2.47,-3.88,-3.62
1614.TW,P03_均線支撐放量,87,34.48,2.81,-4.76,-3.62
1326.TW,P01_量縮價穩,55,21.82,-2.53,-9.05,-3.62
9944.TW,P09_量縮後爆量紅K,7,42.86,0.86,-9.44,-3.63
1734.TW,P03_均線支撐放量,56,39.29,1.57,-5.35,-3.63
9941.TW,P12_多頭回檔,54,38.89,1.66,-11.07,-3.63
1438.TW,P10_組合訊號,83,37.35,2.02,-9.77,-3.63
1530.TW,P10_組合訊號,73,36.99,2.12,-3.82,-3.63
1232.TW,P03_均線支撐放量,131,34.35,2.82,-4.3,-3.63
3022.TW,P10_組合訊號,52,46.15,0.27,-12.25,-3.64
2015.TW,P06_價量背離,106,39.62,1.49,-7.81,-3.64
1617.TW,P02_量增紅K,35,37.14,2.05,-7.94,-3.64
8422.TW,P10_組合訊號,46,36.96,2.09,-4.66,-3.64
2897.TW,P01_量縮價穩,109,36.7,2.16,-4.39,-3.64
2836.TW,P06_價量背離,143,32.87,3.22,-2.98,-3.64
1723.TW,P03_均線支撐放量,60,21.67,-2.77,-7.46,-3.64
1315.TW,P10_組合訊號,60,21.67,-1.49,-6.2,-3.64
2880.TW,P09_量縮後爆量紅K,5,40.0,1.37,-4.74,-3.65
1220.TW,P05_連跌反轉紅K,15,40.0,1.38,-9.25,-3.65
3130.TW,P06_價量背離,209,36.84,2.1,-3.95,-3.65
4306.TW,P12_多頭回檔,32,34.38,2.75,-9.19,-3.65
1472.TW,P08_黃金交叉量增,7,28.57,4.71,-11.67,-3.65
8104.TW,P03_均線支撐放量,20,45.0,0.42,-13.38,-3.66
2618.TW,P04_長下影線放量,33,42.42,0.88,-14.12,-3.66
6671.TW,P06_價量背離,168,41.67,1.02,-4.47,-3.66
2459.TW,P07_RSI超賣量縮,24,37.5,1.91,-6.16,-3.66
6201.TW,P07_RSI超賣量縮,32,37.5,1.91,-4.3,-3.66
1614.TW,P07_RSI超賣量縮,45,35.56,2.39,-4.22,-3.66
1726.TW,P07_RSI超賣量縮,6,33.33,3.01,-1.12,-3.66
2506.TW,P11_多頭排列紅K,51,21.57,-2.01,-8.44,-3.66
1476.TW,P11_多頭排列紅K,56,46.43,0.18,-10.61,-3.67
4581.TW,P11_多頭排列紅K,24,45.83,0.27,-8.97,-3.67
8163.TW,P05_連跌反轉紅K,18,44.44,0.5,-11.99,-3.67
8411.TW,P01_量縮價穩,306,43.14,0.73,-7.26,-3.67
2115.TW,P01_量縮價穩,204,43.14,0.72,-5.68,-3.67
6862.TW,P10_組合訊號,5,40.0,1.32,-21.5,-3.67
1419.TW,P10_組合訊號,83,38.55,1.63,-4.43,-3.67
6136.TW,P01_量縮價穩,151,35.1,2.49,-3.41,-3.67
2910.TW,P12_多頭回檔,100,35.0,2.52,-6.82,-3.67
1558.TW,P04_長下影線放量,62,33.87,2.82,-5.32,-3.67
2247.TW,P09_量縮後爆量紅K,9,33.33,2.98,-10.03,-3.67
1731.TW,P02_量增紅K,22,31.82,3.46,-5.74,-3.67
1227.TW,P06_價量背離,149,21.48,-1.46,-5.87,-3.67
8442.TW,P02_量增紅K,52,46.15,0.18,-9.52,-3.68
2731.TW,P02_量增紅K,24,45.83,0.23,-15.42,-3.68
2601.TW,P06_價量背離,112,45.54,0.29,-9.51,-3.68
3550.TW,P06_價量背離,128,44.53,0.45,-10.61,-3.68
4720.TW,P09_量縮後爆量紅K,10,40.0,1.3,-7.11,-3.68
9917.TW,P03_均線支撐放量,136,36.76,2.04,-4.59,-3.68
2704.TW,P12_多頭回檔,60,36.67,2.05,-7.73,-3.68
1466.TW,P06_價量背離,164,36.59,2.06,-7.79,-3.68
1723.TW,P11_多頭排列紅K,42,21.43,-3.37,-7.96,-3.68
4562.TW,P09_量縮後爆量紅K,14,21.43,-14.11,-22.4,-3.68
2705.TW,P09_量縮後爆量紅K,14,21.43,-4.85,-15.3,-3.68
1233.TW,P02_量增紅K,42,21.43,-0.03,-4.63,-3.68
1233.TW,P11_多頭排列紅K,70,21.43,-0.51,-3.86,-3.68
3054.TW,P05_連跌反轉紅K,39,46.15,0.18,-7.15,-3.69
1201.TW,P11_多頭排列紅K,48,45.83,0.21,-7.12,-3.69
9944.TW,P11_多頭排列紅K,77,44.16,0.49,-6.91,-3.69
4590.TW,P10_組合訊號,7,42.86,0.72,-16.07,-3.69
4764.TW,P03_均線支撐放量,117,41.88,0.91,-10.89,-3.69
1103.TW,P06_價量背離,129,37.98,1.71,-5.84,-3.69
9930.TW,P06_價量背離,149,37.58,1.81,-4.37,-3.69
4942.TW,P05_連跌反轉紅K,24,37.5,1.82,-8.36,-3.69
2706.TW,P03_均線支撐放量,91,36.26,2.13,-4.1,-3.69
1604.TW,P10_組合訊號,69,36.23,2.12,-5.1,-3.69
9937.TW,P03_均線支撐放量,195,35.38,2.35,-3.62,-3.69
1256.TW,P01_量縮價穩,185,45.41,0.27,-13.29,-3.7
9907.TW,P06_價量背離,118,38.98,1.47,-7.91,-3.7
2945.TW,P06_價量背離,169,21.3,-2.28,-7.9,-3.7
1711.TW,P12_多頭回檔,38,44.74,0.36,-9.6,-3.71
6412.TW,P07_RSI超賣量縮,50,44.0,0.49,-9.73,-3.71
8367.TW,P01_量縮價穩,171,42.11,0.82,-9.04,-3.71
2301.TW,P12_多頭回檔,65,36.92,1.9,-8.29,-3.71
8487.TW,P04_長下影線放量,11,36.36,2.05,-6.6,-3.71
3045.TW,P12_多頭回檔,92,33.7,2.76,-2.91,-3.71
1720.TW,P02_量增紅K,18,33.33,2.88,-7.12,-3.71
2227.TW,P02_量增紅K,33,21.21,-6.42,-12.93,-3.71
2106.TW,P03_均線支撐放量,84,38.1,1.61,-6.78,-3.72
2107.TW,P11_多頭排列紅K,50,38.0,1.62,-6.66,-3.72
4904.TW,P04_長下影線放量,69,36.23,2.06,-5.01,-3.72
8039.TW,P03_均線支撐放量,65,35.38,2.26,-7.07,-3.72
2430.TW,P01_量縮價穩,208,21.15,-0.99,-8.68,-3.72
1440.TW,P04_長下影線放量,59,44.07,0.41,-8.89,-3.73
1707.TW,P05_連跌反轉紅K,17,41.18,0.93,-6.88,-3.73
2466.TW,P11_多頭排列紅K,96,40.62,1.05,-6.82,-3.73
1220.TW,P11_多頭排列紅K,38,39.47,1.28,-6.6,-3.73
1410.TW,P12_多頭回檔,123,36.59,1.95,-4.22,-3.73
4104.TW,P06_價量背離,128,31.25,3.46,-3.01,-3.73
2109.TW,P05_連跌反轉紅K,13,30.77,3.64,-6.3,-3.73
1730.TW,P10_組合訊號,71,21.13,-0.49,-4.02,-3.73
4560.TW,P06_價量背離,128,21.09,-0.5,-5.77,-3.73
912000.TW,P06_價量背離,128,43.75,0.46,-12.06,-3.74
1733.TW,P07_RSI超賣量縮,57,42.11,0.74,-9.02,-3.74
4306.TW,P10_組合訊號,59,40.68,1.02,-7.76,-3.74
2483.TW,P06_價量背離,146,39.04,1.34,-6.1,-3.74
5608.TW,P03_均線支撐放量,38,21.05,-11.33,-17.23,-3.74
6936.TW,P01_量縮價穩,19,21.05,-0.94,-5.71,-3.74
912000.TW,P01_量縮價穩,205,45.85,0.09,-11.78,-3.75
1439.TW,P06_價量背離,118,44.92,0.23,-7.15,-3.75
3501.TW,P03_均線支撐放量,80,41.25,0.88,-6.58,-3.75
9110.TW,P03_均線支撐放量,147,38.1,1.53,-10.97,-3.75
1203.TW,P04_長下影線放量,83,37.35,1.7,-6.29,-3.75
8411.TW,P09_量縮後爆量紅K,19,36.84,1.83,-5.9,-3.75
6005.TW,P06_價量背離,74,33.78,2.62,-8.63,-3.75
5538.TW,P03_均線支撐放量,93,45.16,0.18,-8.48,-3.76
8162.TW,P10_組合訊號,20,45.0,0.19,-13.6,-3.76
1521.TW,P02_量增紅K,18,44.44,0.29,-7.23,-3.76
3543.TW,P08_黃金交叉量增,7,42.86,0.57,-10.02,-3.76
3266.TW,P10_組合訊號,68,39.71,1.16,-7.67,-3.76
1506.TW,P12_多頭回檔,52,38.46,1.44,-10.87,-3.76
2107.TW,P12_多頭回檔,69,37.68,1.59,-4.74,-3.76
3040.TW,P10_組合訊號,70,37.14,1.73,-6.01,-3.76
1312.TW,P09_量縮後爆量紅K,3,33.33,2.72,-15.47,-3.76
6216.TW,P12_多頭回檔,52,30.77,3.52,-5.83,-3.76
2023.TW,P08_黃金交叉量增,7,28.57,4.36,-8.05,-3.76
2616.TW,P12_多頭回檔,67,20.9,-2.66,-6.67,-3.76
2462.TW,P04_長下影線放量,52,46.15,0.01,-9.2,-3.77
1626.TW,P01_量縮價穩,204,46.08,0.01,-9.51,-3.77
3049.TW,P06_價量背離,66,45.45,0.1,-13.4,-3.77
2887.TW,P08_黃金交叉量增,8,37.5,1.63,-6.48,-3.77
5533.TW,P11_多頭排列紅K,54,37.04,1.72,-5.33,-3.77
5007.TW,P04_長下影線放量,105,35.24,2.17,-4.23,-3.77
1457.TW,P05_連跌反轉紅K,20,35.0,2.22,-5.34,-3.77
3022.TW,P09_量縮後爆量紅K,3,33.33,2.69,-8.61,-3.77
6835.TW,P01_量縮價穩,153,44.44,0.23,-9.45,-3.78
6189.TW,P06_價量背離,91,43.96,0.32,-7.9,-3.78
9941.TW,P04_長下影線放量,46,43.48,0.4,-10.71,-3.78
2002.TW,P04_長下影線放量,53,43.4,0.41,-7.74,-3.78
1103.TW,P11_多頭排列紅K,58,41.38,0.79,-7.13,-3.78
2801.TW,P11_多頭排列紅K,91,36.26,1.87,-3.94,-3.78
6776.TW,P10_組合訊號,69,34.78,2.25,-8.07,-3.78
9110.TW,P10_組合訊號,107,29.91,3.77,-9.01,-3.78
1316.TW,P09_量縮後爆量紅K,11,45.45,0.05,-13.8,-3.79
4306.TW,P11_多頭排列紅K,38,44.74,0.18,-9.13,-3.79
3296.TW,P10_組合訊號,79,41.77,0.68,-12.25,-3.79
1762.TW,P06_價量背離,89,41.57,0.73,-12.69,-3.79
3528.TW,P02_量增紅K,25,40.0,1.03,-6.59,-3.79
8473.TW,P07_RSI超賣量縮,83,39.76,1.07,-6.55,-3.79
8482.TW,P07_RSI超賣量縮,81,38.27,1.4,-10.81,-3.79
6792.TW,P03_均線支撐放量,34,38.24,1.41,-14.39,-3.79
3705.TW,P01_量縮價穩,144,34.03,2.43,-4.12,-3.79
1730.TW,P05_連跌反轉紅K,22,31.82,3.07,-3.04,-3.79
3701.TW,P08_黃金交叉量增,11,27.27,4.79,-12.73,-3.79
6108.TW,P12_多頭回檔,29,20.69,-3.12,-11.74,-3.79
2905.TW,P01_量縮價穩,110,43.64,0.32,-10.12,-3.8
2542.TW,P11_多頭排列紅K,73,42.47,0.54,-7.06,-3.8
1220.TW,P04_長下影線放量,80,38.75,1.25,-6.19,-3.8
1809.TW,P08_黃金交叉量增,12,33.33,2.61,-12.24,-3.8
1789.TW,P06_價量背離,84,32.14,2.95,-6.75,-3.8
2317.TW,P12_多頭回檔,50,32.0,3.01,-7.81,-3.8
5534.TW,P04_長下影線放量,57,31.58,3.12,-6.47,-3.8
9930.TW,P02_量增紅K,13,30.77,3.39,-4.53,-3.8
1731.TW,P07_RSI超賣量縮,36,30.56,3.47,-5.66,-3.8
1906.TW,P03_均線支撐放量,61,44.26,0.2,-7.0,-3.81
2103.TW,P11_多頭排列紅K,46,43.48,0.33,-9.53,-3.81
2610.TW,P03_均線支撐放量,39,41.03,0.78,-12.08,-3.81
9940.TW,P12_多頭回檔,76,38.16,1.37,-5.0,-3.81
2845.TW,P11_多頭排列紅K,94,35.11,2.09,-4.78,-3.81
9945.TW,P10_組合訊號,36,44.44,0.16,-12.56,-3.82
2228.TW,P04_長下影線放量,27,44.44,0.15,-10.2,-3.82
1525.TW,P06_價量背離,123,43.9,0.25,-8.98,-3.82
8411.TW,P10_組合訊號,142,42.25,0.54,-6.35,-3.82
1220.TW,P03_均線支撐放量,71,40.85,0.78,-6.81,-3.82
1517.TW,P02_量增紅K,36,38.89,1.18,-12.29,-3.82
3702.TW,P06_價量背離,51,33.33,2.55,-5.81,-3.82
3705.TW,P12_多頭回檔,100,33.0,2.65,-3.34,-3.82
1217.TW,P07_RSI超賣量縮,47,23.4,6.58,-4.52,-3.82
9940.TW,P08_黃金交叉量增,16,43.75,0.24,-6.92,-3.83
1582.TW,P03_均線支撐放量,26,42.31,0.49,-9.6,-3.83
2115.TW,P12_多頭回檔,76,42.11,0.54,-6.85,-3.83
2753.TW,P03_均線支撐放量,32,40.62,0.81,-8.02,-3.83
6952.TW,P08_黃金交叉量增,8,37.5,1.45,-3.91,-3.83
1410.TW,P03_均線支撐放量,152,35.53,1.92,-3.97,-3.83
1447.TW,P03_均線支撐放量,83,20.48,-1.93,-7.67,-3.83
1464.TW,P06_價量背離,96,42.71,0.4,-6.31,-3.84
4999.TW,P07_RSI超賣量縮,54,38.89,1.11,-9.97,-3.84
8072.TW,P03_均線支撐放量,47,38.3,1.24,-6.71,-3.84
2459.TW,P09_量縮後爆量紅K,8,37.5,1.44,-4.19,-3.84
1513.TW,P03_均線支撐放量,34,35.29,1.95,-7.34,-3.84
1731.TW,P10_組合訊號,43,34.88,2.07,-4.47,-3.84
2107.TW,P01_量縮價穩,142,33.8,2.34,-4.51,-3.84
5203.TW,P05_連跌反轉紅K,29,44.83,0.03,-9.03,-3.85
5876.TW,P10_組合訊號,69,42.03,0.49,-7.16,-3.85
2642.TW,P10_組合訊號,50,42.0,0.49,-7.64,-3.85
4938.TW,P12_多頭回檔,68,41.18,0.65,-7.77,-3.85
2845.TW,P04_長下影線放量,91,39.56,0.96,-5.78,-3.85
1709.TW,P03_均線支撐放量,56,39.29,1.02,-7.74,-3.85
1806.TW,P12_多頭回檔,32,37.5,1.4,-9.37,-3.85
2106.TW,P06_價量背離,118,36.44,1.65,-5.9,-3.85
6605.TW,P07_RSI超賣量縮,43,34.88,2.04,-10.51,-3.85
9937.TW,P05_連跌反轉紅K,26,34.62,2.11,-4.89,-3.85
1720.TW,P11_多頭排列紅K,39,33.33,2.46,-6.07,-3.85
2506.TW,P08_黃金交叉量增,12,33.33,2.46,-2.59,-3.85
9930.TW,P01_量縮價穩,141,31.91,2.87,-2.53,-3.85
2007.TW,P12_多頭回檔,48,31.25,3.07,-14.33,-3.85
2002.TW,P12_多頭回檔,64,20.31,-4.03,-9.03,-3.85
9943.TW,P06_價量背離,197,20.3,-0.08,-6.44,-3.85
2478.TW,P10_組合訊號,36,44.44,0.06,-7.81,-3.86
2607.TW,P08_黃金交叉量增,7,42.86,0.33,-4.19,-3.86
5876.TW,P06_價量背離,73,36.99,1.5,-5.28,-3.86
2542.TW,P04_長下影線放量,65,36.92,1.5,-6.2,-3.86
2501.TW,P03_均線支撐放量,71,35.21,1.91,-6.86,-3.86
2912.TW,P10_組合訊號,69,20.29,-0.43,-4.73,-3.86
9919.TW,P04_長下影線放量,41,43.9,0.12,-12.76,-3.87
4532.TW,P07_RSI超賣量縮,45,42.22,0.41,-6.75,-3.87
1410.TW,P01_量縮價穩,330,34.85,1.97,-3.7,-3.87
2892.TW,P02_量增紅K,6,33.33,2.39,-5.44,-3.87
8046.TW,P09_量縮後爆量紅K,3,33.33,2.4,-15.27,-3.87
3705.TW,P08_黃金交叉量增,9,44.44,0.03,-5.77,-3.88
8213.TW,P02_量增紅K,9,44.44,0.03,-10.42,-3.88
2342.TW,P09_量縮後爆量紅K,9,44.44,0.02,-16.9,-3.88
4155.TW,P06_價量背離,106,44.34,0.03,-8.17,-3.88
2103.TW,P12_多頭回檔,41,43.9,0.1,-8.88,-3.88
3266.TW,P07_RSI超賣量縮,51,43.14,0.23,-7.59,-3.88
2355.TW,P11_多頭排列紅K,42,42.86,0.29,-14.03,-3.88
2362.TW,P05_連跌反轉紅K,31,41.94,0.43,-8.8,-3.88
8404.TW,P04_長下影線放量,62,40.32,0.73,-10.23,-3.88
1454.TW,P03_均線支撐放量,89,38.2,1.16,-7.56,-3.88
4526.TW,P08_黃金交叉量增,4,25.0,5.49,-16.51,-3.88
1817.TW,P02_量增紅K,27,44.44,0.0,-6.08,-3.89
2489.TW,P05_連跌反轉紅K,21,42.86,0.25,-11.48,-3.89
6861.TW,P06_價量背離,61,42.62,0.29,-13.04,-3.89
2547.TW,P01_量縮價穩,116,41.38,0.51,-7.32,-3.89
2887.TW,P03_均線支撐放量,103,36.89,1.43,-7.42,-3.89
6024.TW,P05_連跌反轉紅K,29,34.48,2.03,-5.31,-3.89
1558.TW,P07_RSI超賣量縮,45,33.33,2.32,-3.97,-3.89
1409.TW,P03_均線支撐放量,63,42.86,0.23,-7.62,-3.9
4438.TW,P01_量縮價穩,150,40.67,0.63,-8.49,-3.9
4571.TW,P07_RSI超賣量縮,92,40.22,0.7,-14.56,-3.9
5283.TW,P11_多頭排列紅K,51,35.29,1.8,-4.99,-3.9
6115.TW,P10_組合訊號,59,33.9,2.13,-2.43,-3.9
2008.TW,P06_價量背離,202,31.19,2.95,-2.47,-3.9
6951.TW,P10_組合訊號,36,30.56,3.15,-6.45,-3.9
2832.TW,P12_多頭回檔,127,29.92,3.35,-2.64,-3.9
9904.TW,P08_黃金交叉量增,10,20.0,-1.79,-9.96,-3.9
2646.TW,P05_連跌反轉紅K,5,20.0,-2.55,-8.34,-3.9
9917.TW,P09_量縮後爆量紅K,5,20.0,-1.14,-4.74,-3.9
3019.TW,P09_量縮後爆量紅K,5,20.0,-5.23,-20.95,-3.9
2208.TW,P09_量縮後爆量紅K,10,20.0,-4.28,-13.32,-3.9
1434.TW,P12_多頭回檔,55,20.0,-2.96,-9.02,-3.9
7722.TW,P05_連跌反轉紅K,5,20.0,-8.46,-28.21,-3.9
2316.TW,P08_黃金交叉量增,5,20.0,-1.75,-17.7,-3.9
6166.TW,P09_量縮後爆量紅K,5,20.0,-6.27,-12.93,-3.9
2103.TW,P09_量縮後爆量紅K,5,20.0,-10.16,-17.31,-3.9
2373.TW,P12_多頭回檔,70,20.0,-0.03,-3.35,-3.9
4736.TW,P10_組合訊號,15,20.0,-1.18,-7.14,-3.9
7765.TW,P09_量縮後爆量紅K,5,20.0,-6.78,-14.7,-3.9
4771.TW,P03_均線支撐放量,10,20.0,-6.35,-15.13,-3.9
4771.TW,P06_價量背離,15,20.0,-10.53,-16.55,-3.9
1537.TW,P02_量增紅K,15,20.0,-1.96,-6.61,-3.9
9942.TW,P09_量縮後爆量紅K,5,20.0,-7.47,-12.54,-3.9
1714.TW,P09_量縮後爆量紅K,5,20.0,-10.26,-14.44,-3.9
2420.TW,P08_黃金交叉量增,5,20.0,-2.92,-15.1,-3.9
4438.TW,P09_量縮後爆量紅K,5,20.0,-6.95,-10.23,-3.9
2450.TW,P02_量增紅K,15,20.0,-2.93,-7.14,-3.9
6277.TW,P05_連跌反轉紅K,20,20.0,-1.36,-5.98,-3.9
6672.TW,P09_量縮後爆量紅K,5,20.0,-5.79,-9.92,-3.9
6958.TW,P02_量增紅K,5,20.0,-5.75,-9.19,-3.9
1558.TW,P09_量縮後爆量紅K,5,20.0,-0.05,-6.41,-3.9
5283.TW,P07_RSI超賣量縮,60,20.0,-1.77,-8.59,-3.9
1310.TW,P08_黃金交叉量增,10,20.0,-7.33,-12.81,-3.9
1752.TW,P08_黃金交叉量增,5,20.0,-1.59,-11.14,-3.9
6887.TW,P04_長下影線放量,10,20.0,-11.62,-14.79,-3.9
1730.TW,P09_量縮後爆量紅K,5,20.0,-1.96,-5.94,-3.9
4557.TW,P08_黃金交叉量增,10,20.0,8.51,-6.51,-3.9
2739.TW,P09_量縮後爆量紅K,15,20.0,-6.31,-14.46,-3.9
1733.TW,P09_量縮後爆量紅K,5,20.0,-0.25,-6.32,-3.9
6918.TW,P07_RSI超賣量縮,10,20.0,-4.7,-8.12,-3.9
6671.TW,P08_黃金交叉量增,5,20.0,-1.97,-8.98,-3.9
4581.TW,P10_組合訊號,51,43.14,0.16,-7.13,-3.91
3032.TW,P08_黃金交叉量增,7,42.86,0.21,-13.65,-3.91
3003.TW,P09_量縮後爆量紅K,5,40.0,0.74,-10.45,-3.91
2308.TW,P03_均線支撐放量,48,37.5,1.25,-12.94,-3.91
6024.TW,P04_長下影線放量,52,34.62,1.91,-5.8,-3.91
2912.TW,P07_RSI超賣量縮,24,33.33,2.26,-3.6,-3.91
2498.TW,P11_多頭排列紅K,32,43.75,0.04,-19.17,-3.92
6024.TW,P07_RSI超賣量縮,44,36.36,1.48,-5.45,-3.92
1303.TW,P06_價量背離,67,35.82,1.59,-7.93,-3.92
6277.TW,P06_價量背離,196,19.9,-0.18,-4.21,-3.92
1459.TW,P01_量縮價穩,219,39.27,0.82,-7.9,-3.93
1402.TW,P04_長下影線放量,65,38.46,0.97,-5.92,-3.93
5007.TW,P03_均線支撐放量,177,35.03,1.76,-3.61,-3.93
3501.TW,P02_量增紅K,12,33.33,2.2,-5.64,-3.93
1713.TW,P03_均線支撐放量,101,32.67,2.39,-5.17,-3.93
1103.TW,P12_多頭回檔,83,43.37,0.06,-8.27,-3.94
2409.TW,P12_多頭回檔,22,40.91,0.48,-18.5,-3.94
2642.TW,P05_連跌反轉紅K,37,40.54,0.56,-11.28,-3.94
3054.TW,P12_多頭回檔,60,40.0,0.64,-9.01,-3.94
1457.TW,P03_均線支撐放量,106,38.68,0.91,-5.29,-3.94
2547.TW,P06_價量背離,107,37.38,1.18,-6.25,-3.94
1583.TW,P09_量縮後爆量紅K,17,35.29,1.66,-5.81,-3.94
1731.TW,P03_均線支撐放量,69,34.78,1.81,-4.53,-3.94
9911.TW,P06_價量背離,133,28.57,3.71,-2.91,-3.94
2945.TW,P10_組合訊號,71,19.72,-3.31,-9.45,-3.94
2489.TW,P01_量縮價穩,83,39.76,0.68,-10.56,-3.95
1303.TW,P03_均線支撐放量,91,39.56,0.71,-8.11,-3.95
1733.TW,P02_量增紅K,13,38.46,0.92,-8.62,-3.95
2032.TW,P06_價量背離,90,37.78,1.08,-12.71,-3.95
3706.TW,P02_量增紅K,16,37.5,1.13,-11.57,-3.95
2114.TW,P01_量縮價穩,211,37.44,1.15,-5.62,-3.95
2536.TW,P04_長下影線放量,60,36.67,1.32,-6.09,-3.95
1109.TW,P03_均線支撐放量,64,34.38,1.87,-6.72,-3.95
1531.TW,P11_多頭排列紅K,40,42.5,0.16,-8.82,-3.96
2478.TW,P05_連跌反轉紅K,26,42.31,0.19,-9.27,-3.96
6108.TW,P01_量縮價穩,128,42.19,0.21,-7.87,-3.96
5880.TW,P10_組合訊號,66,34.85,1.73,-4.24,-3.96
6464.TW,P02_量增紅K,56,19.64,-0.15,-4.92,-3.96
6504.TW,P09_量縮後爆量紅K,7,42.86,0.07,-7.42,-3.97
1409.TW,P10_組合訊號,64,42.19,0.18,-7.39,-3.97
6715.TW,P12_多頭回檔,36,41.67,0.27,-12.68,-3.97
1721.TW,P11_多頭排列紅K,29,41.38,0.33,-15.8,-3.97
1530.TW,P01_量縮價穩,225,34.67,1.74,-4.78,-3.97
5007.TW,P12_多頭回檔,97,34.02,1.92,-3.71,-3.97
6024.TW,P10_組合訊號,85,32.94,2.21,-4.6,-3.97
2706.TW,P10_組合訊號,61,32.79,2.25,-4.9,-3.97
9937.TW,P02_量增紅K,74,32.43,2.34,-3.65,-3.97
2832.TW,P11_多頭排列紅K,97,31.96,2.48,-4.01,-3.97
1702.TW,P06_價量背離,143,19.58,-0.29,-5.52,-3.97
2915.TW,P01_量縮價穩,80,42.5,0.1,-11.31,-3.98
2634.TW,P12_多頭回檔,29,41.38,0.3,-9.16,-3.98
4190.TW,P05_連跌反轉紅K,35,40.0,0.54,-9.5,-3.98
6790.TW,P10_組合訊號,54,35.19,1.58,-6.55,-3.98
1232.TW,P02_量增紅K,20,35.0,1.64,-5.58,-3.98
8926.TW,P12_多頭回檔,66,34.85,1.67,-8.38,-3.98
2834.TW,P03_均線支撐放量,88,34.09,1.86,-6.05,-3.98
9945.TW,P08_黃金交叉量增,6,33.33,2.05,-10.86,-3.98
6115.TW,P05_連跌反轉紅K,23,30.43,2.91,-3.88,-3.98
9905.TW,P09_量縮後爆量紅K,5,40.0,0.53,-4.93,-3.99
1583.TW,P11_多頭排列紅K,45,37.78,0.98,-7.02,-3.99
1524.TW,P03_均線支撐放量,54,35.19,1.55,-5.65,-3.99
5534.TW,P11_多頭排列紅K,55,34.55,1.7,-6.98,-3.99
2885.TW,P09_量縮後爆量紅K,3,33.33,2.03,-3.95,-3.99
6671.TW,P12_多頭回檔,93,33.33,2.04,-4.96,-3.99
1203.TW,P06_價量背離,128,32.81,2.17,-5.29,-3.99
2207.TW,P01_量縮價穩,90,42.22,0.1,-8.77,-4.0
8466.TW,P03_均線支撐放量,101,41.58,0.21,-8.51,-4.0
1735.TW,P02_量增紅K,34,41.18,0.28,-6.36,-4.0
1718.TW,P03_均線支撐放量,50,38.0,0.89,-7.45,-4.0
2430.TW,P12_多頭回檔,51,35.29,1.51,-7.54,-4.0
9931.TW,P10_組合訊號,77,35.06,1.56,-2.99,-4.0
2608.TW,P09_量縮後爆量紅K,7,28.57,3.51,-7.83,-4.0
1304.TW,P07_RSI超賣量縮,58,41.38,0.22,-12.5,-4.01
2114.TW,P10_組合訊號,78,37.18,1.04,-5.46,-4.01
9907.TW,P05_連跌反轉紅K,26,34.62,1.64,-7.36,-4.01
1410.TW,P06_價量背離,207,34.3,1.72,-3.79,-4.01
6790.TW,P09_量縮後爆量紅K,3,33.33,1.97,-1.58,-4.01
9911.TW,P07_RSI超賣量縮,24,29.17,3.25,-2.76,-4.01
2258.TW,P05_連跌反轉紅K,13,38.46,0.75,-11.06,-4.02
5525.TW,P05_連跌反轉紅K,26,38.46,0.75,-6.54,-4.02
2023.TW,P03_均線支撐放量,86,36.05,1.26,-6.0,-4.02
2897.TW,P06_價量背離,145,35.17,1.48,-4.96,-4.02
1201.TW,P05_連跌反轉紅K,19,31.58,2.44,-5.69,-4.02
3705.TW,P03_均線支撐放量,109,31.19,2.56,-3.89,-4.02
1434.TW,P10_組合訊號,78,19.23,-1.93,-7.29,-4.02
4746.TW,P12_多頭回檔,25,40.0,0.43,-13.91,-4.03
6412.TW,P06_價量背離,61,39.34,0.54,-11.0,-4.03
2354.TW,P01_量縮價穩,53,37.74,0.87,-10.03,-4.03
1455.TW,P05_連跌反轉紅K,25,36.0,1.26,-10.27,-4.03
8481.TW,P12_多頭回檔,67,34.33,1.64,-4.88,-4.03
6216.TW,P03_均線支撐放量,73,34.25,1.67,-5.21,-4.03
9930.TW,P03_均線支撐放量,94,34.04,1.71,-3.61,-4.03
9917.TW,P05_連跌反轉紅K,27,33.33,1.92,-4.52,-4.03
2897.TW,P09_量縮後爆量紅K,6,33.33,1.92,-5.09,-4.03
2633.TW,P12_多頭回檔,79,32.91,2.04,-4.45,-4.03
1303.TW,P12_多頭回檔,69,36.23,1.16,-7.59,-4.04
911622.TW,P03_均線支撐放量,158,34.81,1.51,-5.76,-4.04
2542.TW,P02_量增紅K,15,33.33,1.88,-5.6,-4.04
2423.TW,P08_黃金交叉量增,9,33.33,1.89,-9.46,-4.04
4904.TW,P10_組合訊號,67,32.84,2.03,-4.11,-4.04
8481.TW,P06_價量背離,136,19.12,-1.3,-5.14,-4.04
1466.TW,P10_組合訊號,84,41.67,0.08,-8.61,-4.05
2527.TW,P07_RSI超賣量縮,52,34.62,1.53,-9.42,-4.05
1457.TW,P06_價量背離,158,33.54,1.78,-4.26,-4.05
9930.TW,P11_多頭排列紅K,58,32.76,2.0,-4.29,-4.05
9926.TW,P09_量縮後爆量紅K,31,29.03,3.17,-2.16,-4.05
6799.TW,P08_黃金交叉量增,7,28.57,3.32,-17.27,-4.05
6505.TW,P12_多頭回檔,60,41.67,0.05,-7.18,-4.06
1714.TW,P10_組合訊號,49,40.82,0.21,-6.96,-4.06
8926.TW,P10_組合訊號,47,34.04,1.64,-6.63,-4.06
1419.TW,P12_多頭回檔,96,33.33,1.82,-4.4,-4.06
1219.TW,P03_均線支撐放量,100,19.0,-0.36,-4.8,-4.06
1444.TW,P01_量縮價穩,151,39.74,0.38,-7.86,-4.07
2646.TW,P01_量縮價穩,16,37.5,0.82,-7.0,-4.07
6024.TW,P02_量增紅K,11,36.36,1.05,-6.2,-4.07
9941.TW,P07_RSI超賣量縮,28,35.71,1.21,-12.6,-4.07
2114.TW,P04_長下影線放量,62,35.48,1.26,-6.06,-4.07
8482.TW,P12_多頭回檔,59,33.9,1.63,-7.11,-4.07
6271.TW,P09_量縮後爆量紅K,6,33.33,1.79,-15.97,-4.07
8481.TW,P03_均線支撐放量,108,31.48,2.3,-4.95,-4.07
1730.TW,P02_量增紅K,7,28.57,3.25,-3.33,-4.07
1752.TW,P02_量增紅K,11,27.27,3.74,-11.33,-4.07
4737.TW,P12_多頭回檔,68,41.18,0.1,-9.66,-4.08
1416.TW,P06_價量背離,155,40.0,0.3,-5.93,-4.08
1760.TW,P12_多頭回檔,24,37.5,0.78,-15.37,-4.08
8131.TW,P06_價量背離,100,37.0,0.88,-6.0,-4.08
2393.TW,P10_組合訊號,33,36.36,1.03,-11.58,-4.08
2430.TW,P04_長下影線放量,55,36.36,1.02,-7.25,-4.08
9930.TW,P12_多頭回檔,99,33.33,1.75,-3.68,-4.08
2801.TW,P03_均線支撐放量,136,32.35,2.02,-4.51,-4.08
2845.TW,P01_量縮價穩,108,31.48,2.26,-4.4,-4.08
3052.TW,P08_黃金交叉量增,5,40.0,0.27,-5.36,-4.09
4942.TW,P06_價量背離,89,39.33,0.41,-7.06,-4.09
6214.TW,P06_價量背離,79,39.24,0.41,-5.66,-4.09
1416.TW,P01_量縮價穩,225,36.44,0.99,-6.57,-4.09
1735.TW,P08_黃金交叉量增,14,35.71,1.16,-6.83,-4.09
2849.TW,P02_量增紅K,63,34.92,1.33,-5.58,-4.09
9924.TW,P12_多頭回檔,79,31.65,2.2,-5.2,-4.09
1604.TW,P06_價量背離,140,31.43,2.24,-4.34,-4.09
2906.TW,P08_黃金交叉量增,10,30.0,2.72,-8.37,-4.09
1735.TW,P04_長下影線放量,45,28.89,3.07,-6.08,-4.09
5007.TW,P07_RSI超賣量縮,48,18.75,-0.37,-4.27,-4.09
2104.TW,P12_多頭回檔,32,18.75,-8.69,-17.66,-4.09
1459.TW,P09_量縮後爆量紅K,16,18.75,-3.39,-11.25,-4.09
6525.TW,P12_多頭回檔,39,38.46,0.54,-10.98,-4.1
6214.TW,P10_組合訊號,60,38.33,0.58,-6.15,-4.1
1301.TW,P12_多頭回檔,55,38.18,0.6,-6.84,-4.1
2373.TW,P09_量縮後爆量紅K,8,37.5,0.73,-3.4,-4.1
3576.TW,P04_長下影線放量,33,36.36,0.99,-14.16,-4.1
2748.TW,P11_多頭排列紅K,22,36.36,0.97,-11.95,-4.1
2901.TW,P04_長下影線放量,94,32.98,1.8,-3.49,-4.1
9943.TW,P05_連跌反轉紅K,37,32.43,1.94,-7.73,-4.1
2832.TW,P03_均線支撐放量,146,26.71,3.84,-2.51,-4.1
1614.TW,P04_長下影線放量,49,34.69,1.33,-4.5,-4.11
2880.TW,P02_量增紅K,6,33.33,1.68,-4.44,-4.11
2915.TW,P08_黃金交叉量增,6,33.33,1.67,-10.81,-4.11
1236.TW,P09_量縮後爆量紅K,19,31.58,2.16,-7.86,-4.11
1234.TW,P04_長下影線放量,77,31.17,2.27,-2.77,-4.11
1903.TW,P12_多頭回檔,67,25.37,4.39,-10.83,-4.11
2509.TW,P01_量縮價穩,182,40.66,0.09,-8.07,-4.12
1527.TW,P01_量縮價穩,118,38.98,0.39,-6.26,-4.12
9136.TW,P03_均線支撐放量,71,35.21,1.19,-7.52,-4.12
6024.TW,P03_均線支撐放量,91,35.16,1.18,-5.39,-4.12
2704.TW,P06_價量背離,93,34.41,1.38,-6.87,-4.12
9926.TW,P07_RSI超賣量縮,13,30.77,2.37,-1.09,-4.12
2608.TW,P12_多頭回檔,75,29.33,2.83,-5.65,-4.12
6552.TW,P12_多頭回檔,22,40.91,0.0,-13.32,-4.13
2012.TW,P02_量增紅K,25,40.0,0.18,-12.31,-4.13
1218.TW,P05_連跌反轉紅K,31,38.71,0.41,-8.32,-4.13
6550.TW,P12_多頭回檔,27,18.52,-7.72,-22.33,-4.13
1760.TW,P03_均線支撐放量,27,18.52,-2.63,-16.94,-4.13
3033.TW,P04_長下影線放量,39,38.46,0.43,-7.04,-4.14
1218.TW,P06_價量背離,143,37.76,0.57,-7.25,-4.14
2701.TW,P10_組合訊號,65,32.31,1.87,-3.28,-4.14
6184.TW,P10_組合訊號,49,30.61,2.33,-2.48,-4.14
9931.TW,P09_量縮後爆量紅K,42,33.33,1.55,-2.87,-4.15
1203.TW,P03_均線支撐放量,157,31.21,2.14,-5.18,-4.15
3026.TW,P06_價量背離,84,30.95,2.22,-6.15,-4.15
2820.TW,P01_量縮價穩,169,30.18,2.46,-2.79,-4.15
2832.TW,P04_長下影線放量,84,27.38,3.41,-2.53,-4.15
1227.TW,P01_量縮價穩,98,18.37,-2.12,-6.75,-4.15
6112.TW,P03_均線支撐放量,62,32.26,1.82,-6.51,-4.16
1467.TW,P12_多頭回檔,25,32.0,1.87,-8.39,-4.16
5534.TW,P03_均線支撐放量,99,29.29,2.71,-4.38,-4.16
3705.TW,P06_價量背離,189,29.1,2.75,-3.15,-4.16
9943.TW,P12_多頭回檔,71,18.31,-2.11,-9.44,-4.16
2012.TW,P12_多頭回檔,63,38.1,0.42,-8.22,-4.17
1110.TW,P06_價量背離,152,34.87,1.12,-6.3,-4.17
2897.TW,P04_長下影線放量,55,32.73,1.64,-4.23,-4.17
2701.TW,P03_均線支撐放量,137,18.25,-0.1,-4.73,-4.17
1730.TW,P01_量縮價穩,170,18.24,-0.07,-4.2,-4.17
1233.TW,P03_均線支撐放量,192,18.23,-0.09,-3.64,-4.17
4930.TW,P07_RSI超賣量縮,69,37.68,0.47,-9.26,-4.18
2511.TW,P01_量縮價穩,133,36.84,0.64,-6.0,-4.18
1312.TW,P08_黃金交叉量增,11,18.18,-6.98,-15.91,-4.18
7740.TW,P01_量縮價穩,11,18.18,-27.7,-36.45,-4.18
7736.TW,P12_多頭回檔,11,18.18,-6.68,-9.28,-4.18
2601.TW,P12_多頭回檔,22,18.18,-6.74,-12.16,-4.18
6205.TW,P09_量縮後爆量紅K,11,18.18,-1.55,-17.88,-4.18
1730.TW,P08_黃金交叉量增,11,18.18,-1.96,-6.01,-4.18
1762.TW,P08_黃金交叉量增,11,18.18,-13.32,-16.99,-4.18
8411.TW,P06_價量背離,128,39.06,0.18,-6.7,-4.19
2543.TW,P08_黃金交叉量增,13,38.46,0.31,-9.43,-4.19
3023.TW,P08_黃金交叉量增,8,37.5,0.5,-12.94,-4.19
1702.TW,P03_均線支撐放量,73,36.99,0.59,-4.99,-4.19
1236.TW,P04_長下影線放量,53,32.08,1.76,-5.73,-4.19
2101.TW,P01_量縮價穩,116,37.93,0.39,-9.13,-4.2
1806.TW,P04_長下影線放量,41,36.59,0.66,-9.75,-4.2
8926.TW,P02_量增紅K,11,36.36,0.71,-7.28,-4.2
1110.TW,P04_長下影線放量,78,33.33,1.41,-6.04,-4.2
6115.TW,P08_黃金交叉量增,8,25.0,4.2,-1.51,-4.2
2430.TW,P07_RSI超賣量縮,94,18.09,-0.42,-8.14,-4.2
1402.TW,P11_多頭排列紅K,70,38.57,0.23,-6.69,-4.21
2468.TW,P09_量縮後爆量紅K,8,37.5,0.45,-7.03,-4.21
4764.TW,P06_價量背離,112,35.71,0.8,-6.0,-4.21
1410.TW,P02_量增紅K,54,35.19,0.94,-4.92,-4.21
6951.TW,P07_RSI超賣量縮,16,31.25,1.91,-9.13,-4.21
2801.TW,P05_連跌反轉紅K,23,30.43,2.18,-5.0,-4.21
2906.TW,P04_長下影線放量,60,38.33,0.25,-10.53,-4.22
2636.TW,P06_價量背離,72,36.11,0.71,-10.36,-4.22
5521.TW,P08_黃金交叉量增,6,33.33,1.34,-7.11,-4.22
1423.TW,P09_量縮後爆量紅K,24,33.33,1.34,-4.81,-4.22
2912.TW,P06_價量背離,126,32.54,1.55,-4.13,-4.22
9942.TW,P01_量縮價穩,145,31.72,1.76,-5.15,-4.22
5533.TW,P08_黃金交叉量增,13,30.77,2.04,-4.93,-4.22
1718.TW,P06_價量背離,114,35.96,0.71,-7.82,-4.23
2887.TW,P10_組合訊號,46,34.78,0.96,-6.32,-4.23
1537.TW,P08_黃金交叉量增,12,33.33,1.3,-2.63,-4.23
3501.TW,P04_長下影線放量,50,32.0,1.64,-5.23,-4.23
2227.TW,P12_多頭回檔,56,17.86,-4.62,-10.47,-4.23
2103.TW,P07_RSI超賣量縮,54,38.89,0.1,-11.53,-4.24
8072.TW,P08_黃金交叉量增,8,37.5,0.36,-8.79,-4.24
1531.TW,P01_量縮價穩,170,37.06,0.44,-6.87,-4.24
1583.TW,P06_價量背離,120,35.83,0.7,-7.24,-4.24
2897.TW,P12_多頭回檔,71,35.21,0.85,-6.62,-4.24
2450.TW,P12_多頭回檔,78,33.33,1.29,-5.12,-4.24
1447.TW,P07_RSI超賣量縮,93,32.26,1.56,-7.81,-4.24
5007.TW,P06_價量背離,188,30.85,1.96,-3.88,-4.24
1218.TW,P07_RSI超賣量縮,76,38.16,0.2,-7.93,-4.25
1110.TW,P02_量增紅K,44,34.09,1.05,-8.14,-4.25
2102.TW,P08_黃金交叉量增,10,30.0,2.15,-10.12,-4.25
3026.TW,P12_多頭回檔,55,27.27,3.07,-7.09,-4.25
4164.TW,P09_量縮後爆量紅K,4,25.0,4.01,-14.81,-4.25
2317.TW,P02_量增紅K,5,20.0,6.77,-6.96,-4.25
2701.TW,P11_多頭排列紅K,62,17.74,-0.99,-5.48,-4.25
2852.TW,P08_黃金交叉量增,15,33.33,1.22,-6.36,-4.26
2701.TW,P12_多頭回檔,96,17.71,-0.22,-4.58,-4.26
7722.TW,P01_量縮價穩,17,17.65,-7.51,-20.42,-4.26
2611.TW,P06_價量背離,106,38.68,0.05,-10.4,-4.27
4720.TW,P03_均線支撐放量,44,38.64,0.06,-8.07,-4.27
2106.TW,P01_量縮價穩,117,37.61,0.25,-7.95,-4.27
1459.TW,P12_多頭回檔,70,37.14,0.35,-6.22,-4.27
2013.TW,P06_價量背離,132,32.58,1.37,-7.43,-4.27
2850.TW,P08_黃金交叉量增,13,30.77,1.87,-5.68,-4.27
6115.TW,P03_均線支撐放量,155,29.03,2.41,-2.77,-4.27
2616.TW,P01_量縮價穩,216,17.59,-1.62,-5.16,-4.27
2012.TW,P01_量縮價穩,184,38.04,0.14,-8.72,-4.28
2108.TW,P10_組合訊號,47,36.17,0.53,-11.46,-4.28
1789.TW,P10_組合訊號,39,35.9,0.57,-7.14,-4.28
2617.TW,P08_黃金交叉量增,6,33.33,1.16,-8.21,-4.28
1201.TW,P06_價量背離,165,17.58,-1.3,-5.41,-4.28
9940.TW,P10_組合訊號,77,37.66,0.19,-5.48,-4.29
5283.TW,P01_量縮價穩,170,37.65,0.21,-6.33,-4.29
2536.TW,P11_多頭排列紅K,56,37.5,0.22,-6.61,-4.29
1447.TW,P11_多頭排列紅K,32,37.5,0.23,-10.08,-4.29
2450.TW,P11_多頭排列紅K,63,36.51,0.42,-6.32,-4.29
1464.TW,P10_組合訊號,55,36.36,0.46,-8.22,-4.29
2883.TW,P04_長下影線放量,55,34.55,0.84,-8.31,-4.29
9937.TW,P06_價量背離,231,31.17,1.71,-4.42,-4.29
1326.TW,P06_價量背離,80,17.5,-4.77,-9.27,-4.29
2430.TW,P06_價量背離,206,17.48,-1.45,-8.14,-4.29
1532.TW,P09_量縮後爆量紅K,8,37.5,0.2,-6.11,-4.3
1447.TW,P05_連跌反轉紅K,39,33.33,1.1,-9.52,-4.3
2062.TW,P08_黃金交叉量增,6,33.33,1.1,-11.89,-4.3
1558.TW,P10_組合訊號,65,32.31,1.37,-5.25,-4.3
1423.TW,P06_價量背離,202,25.74,3.48,-4.42,-4.3
1326.TW,P03_均線支撐放量,86,17.44,-1.78,-8.06,-4.3
2908.TW,P10_組合訊號,46,17.39,-0.01,-5.49,-4.3
3716.TW,P10_組合訊號,23,17.39,-1.63,-7.97,-4.3
6887.TW,P07_RSI超賣量縮,23,17.39,-9.82,-12.93,-4.3
4999.TW,P02_量增紅K,23,17.39,-2.64,-7.51,-4.3
2886.TW,P08_黃金交叉量增,8,37.5,0.17,-6.76,-4.31
3010.TW,P08_黃金交叉量增,8,37.5,0.18,-9.69,-4.31
2207.TW,P07_RSI超賣量縮,19,31.58,1.52,-8.07,-4.31
2849.TW,P06_價量背離,158,30.38,1.86,-4.08,-4.31
9926.TW,P11_多頭排列紅K,75,28.0,2.62,-3.11,-4.31
1233.TW,P01_量縮價穩,265,17.36,-0.16,-3.99,-4.31
1531.TW,P12_多頭回檔,91,37.36,0.18,-6.8,-4.32
4306.TW,P03_均線支撐放量,40,35.0,0.64,-7.6,-4.32
2849.TW,P11_多頭排列紅K,88,32.95,1.14,-6.2,-4.32
1104.TW,P02_量增紅K,22,31.82,1.43,-8.5,-4.32
9917.TW,P12_多頭回檔,113,30.97,1.65,-4.14,-4.32
1341.TW,P01_量縮價穩,210,30.0,1.94,-4.64,-4.32
1232.TW,P10_組合訊號,76,28.95,2.27,-4.12,-4.32
2636.TW,P02_量增紅K,16,37.5,0.11,-10.29,-4.33
6671.TW,P09_量縮後爆量紅K,30,36.67,0.28,-4.66,-4.33
2912.TW,P02_量增紅K,12,33.33,1.0,-3.47,-4.33
6655.TW,P03_均線支撐放量,105,30.48,1.78,-6.69,-4.33
1468.TW,P12_多頭回檔,68,29.41,2.08,-9.86,-4.33
1201.TW,P07_RSI超賣量縮,60,28.33,2.44,-6.7,-4.33
1109.TW,P04_長下影線放量,59,35.59,0.48,-7.48,-4.34
2034.TW,P03_均線支撐放量,65,35.38,0.51,-7.66,-4.34
1457.TW,P10_組合訊號,59,33.9,0.83,-5.64,-4.34
5283.TW,P08_黃金交叉量增,10,30.0,1.85,-5.11,-4.34
2104.TW,P11_多頭排列紅K,35,17.14,-9.19,-15.53,-4.34
8114.TW,P06_價量背離,98,37.76,0.01,-10.8,-4.35
2514.TW,P03_均線支撐放量,127,34.65,0.64,-5.2,-4.35
1713.TW,P08_黃金交叉量增,12,33.33,0.96,-5.63,-4.35
1232.TW,P08_黃金交叉量增,11,27.27,2.72,-2.83,-4.35
2836.TW,P08_黃金交叉量增,11,27.27,2.71,-4.63,-4.35
6184.TW,P02_量增紅K,22,27.27,2.73,-1.97,-4.35
6224.TW,P03_均線支撐放量,38,36.84,0.16,-11.95,-4.36
2450.TW,P03_均線支撐放量,104,34.62,0.61,-5.27,-4.36
9931.TW,P05_連跌反轉紅K,16,31.25,1.43,-3.93,-4.36
6184.TW,P06_價量背離,231,29.87,1.84,-2.45,-4.36
1110.TW,P10_組合訊號,123,34.15,0.7,-6.9,-4.37
1110.TW,P11_多頭排列紅K,63,33.33,0.88,-7.6,-4.37
2801.TW,P04_長下影線放量,72,30.56,1.6,-3.9,-4.37
4104.TW,P05_連跌反轉紅K,20,30.0,1.78,-3.51,-4.37
2367.TW,P12_多頭回檔,12,33.33,0.85,-15.82,-4.38
3028.TW,P10_組合訊號,48,31.25,1.4,-7.37,-4.38
9931.TW,P03_均線支撐放量,170,30.59,1.57,-2.89,-4.38
5534.TW,P12_多頭回檔,59,30.51,1.6,-6.44,-4.38
3045.TW,P06_價量背離,148,29.73,1.82,-2.77,-4.38
3705.TW,P11_多頭排列紅K,58,29.31,1.93,-4.3,-4.38
2887.TW,P06_價量背離,90,32.22,1.09,-6.22,-4.39
1314.TW,P06_價量背離,72,31.94,1.17,-10.11,-4.39
9917.TW,P07_RSI超賣量縮,16,31.25,1.36,-4.1,-4.39
6216.TW,P06_價量背離,134,29.1,1.96,-6.63,-4.39
6136.TW,P10_組合訊號,59,28.81,2.04,-4.94,-4.39
1233.TW,P12_多頭回檔,107,16.82,-0.8,-4.35,-4.39
2530.TW,P09_量縮後爆量紅K,11,36.36,0.14,-7.85,-4.4
1451.TW,P12_多頭回檔,52,34.62,0.5,-7.54,-4.4
2450.TW,P06_價量背離,153,33.33,0.81,-4.54,-4.4
8367.TW,P09_量縮後爆量紅K,6,33.33,0.81,-10.94,-4.4
2008.TW,P09_量縮後爆量紅K,22,31.82,1.16,-5.79,-4.4
9942.TW,P11_多頭排列紅K,52,28.85,2.02,-8.39,-4.4
9925.TW,P05_連跌反轉紅K,19,26.32,2.9,-2.27,-4.4
8411.TW,P12_多頭回檔,143,36.36,0.11,-7.41,-4.41
2450.TW,P01_量縮價穩,151,32.45,0.99,-4.88,-4.41
1233.TW,P05_連跌反轉紅K,23,30.43,1.52,-4.35,-4.41
5880.TW,P12_多頭回檔,114,29.82,1.7,-5.18,-4.41
9110.TW,P12_多頭回檔,69,23.19,4.15,-11.36,-4.41
2701.TW,P07_RSI超賣量縮,43,30.23,1.53,-5.13,-4.42
5007.TW,P08_黃金交叉量增,14,28.57,2.01,-3.42,-4.42
6184.TW,P01_量縮價穩,216,28.24,2.12,-2.55,-4.42
2801.TW,P01_量縮價穩,92,27.17,2.51,-3.37,-4.42
6136.TW,P06_價量背離,143,26.57,2.72,-3.49,-4.42
2908.TW,P07_RSI超賣量縮,23,26.09,2.89,-3.24,-4.42
6005.TW,P08_黃金交叉量增,6,16.67,-6.64,-12.89,-4.42
5534.TW,P09_量縮後爆量紅K,6,16.67,-0.84,-7.76,-4.42
6202.TW,P08_黃金交叉量增,6,16.67,-7.32,-13.68,-4.42
4736.TW,P02_量增紅K,6,16.67,-4.38,-10.32,-4.42
4736.TW,P11_多頭排列紅K,6,16.67,-3.13,-9.38,-4.42
2908.TW,P05_連跌反轉紅K,18,16.67,-0.58,-5.81,-4.42
2908.TW,P09_量縮後爆量紅K,6,16.67,-2.41,-7.94,-4.42
1537.TW,P09_量縮後爆量紅K,6,16.67,-2.47,-7.63,-4.42
6914.TW,P02_量增紅K,6,16.67,-11.15,-18.54,-4.42
1201.TW,P04_長下影線放量,42,16.67,-1.58,-6.08,-4.42
1201.TW,P10_組合訊號,66,16.67,-0.55,-5.95,-4.42
7736.TW,P04_長下影線放量,6,16.67,-6.68,-9.42,-4.42
6794.TW,P02_量增紅K,6,16.67,-3.78,-12.96,-4.42
1217.TW,P05_連跌反轉紅K,18,16.67,-1.87,-6.94,-4.42
5283.TW,P09_量縮後爆量紅K,6,16.67,-0.36,-3.59,-4.42
1460.TW,P02_量增紅K,24,16.67,-6.55,-13.3,-4.42
1219.TW,P02_量增紅K,18,16.67,-0.89,-3.94,-4.42
4414.TW,P08_黃金交叉量增,6,16.67,-16.6,-22.07,-4.42
4414.TW,P09_量縮後爆量紅K,6,16.67,-8.55,-16.5,-4.42
2415.TW,P09_量縮後爆量紅K,12,16.67,-6.79,-26.02,-4.42
4106.TW,P02_量增紅K,18,16.67,-7.1,-16.89,-4.42
5546.TW,P02_量增紅K,24,16.67,-9.49,-13.55,-4.42
5546.TW,P09_量縮後爆量紅K,12,16.67,-7.3,-12.2,-4.42
2409.TW,P10_組合訊號,20,35.0,0.35,-15.35,-4.43
5534.TW,P01_量縮價穩,104,27.88,2.23,-4.82,-4.43
5876.TW,P01_量縮價穩,112,32.14,0.96,-7.13,-4.44
3501.TW,P01_量縮價穩,144,31.94,1.01,-6.06,-4.44
1216.TW,P03_均線支撐放量,142,31.69,1.09,-5.57,-4.44
2536.TW,P03_均線支撐放量,83,31.33,1.19,-6.04,-4.44
2706.TW,P06_價量背離,207,30.92,1.29,-4.82,-4.44
2506.TW,P05_連跌反轉紅K,37,29.73,1.61,-5.89,-4.44
9937.TW,P07_RSI超賣量縮,54,29.63,1.65,-6.45,-4.44
6136.TW,P03_均線支撐放量,111,28.83,1.88,-3.88,-4.44
5533.TW,P12_多頭回檔,91,28.57,1.97,-5.1,-4.44
5534.TW,P05_連跌反轉紅K,30,26.67,2.59,-5.25,-4.44
1434.TW,P03_均線支撐放量,97,16.49,-2.02,-7.74,-4.44
1313.TW,P01_量縮價穩,85,34.12,0.48,-12.11,-4.45
2520.TW,P03_均線支撐放量,48,33.33,0.66,-10.59,-4.45
1444.TW,P04_長下影線放量,36,33.33,0.64,-9.54,-4.45
1321.TW,P02_量增紅K,34,32.35,0.89,-8.65,-4.45
1233.TW,P07_RSI超賣量縮,40,30.0,1.5,-4.66,-4.45
2002.TW,P06_價量背離,108,26.85,2.5,-6.23,-4.45
9905.TW,P05_連跌反轉紅K,16,25.0,3.21,-2.62,-4.45
9917.TW,P02_量增紅K,14,35.71,0.13,-5.0,-4.46
2897.TW,P03_均線支撐放量,70,30.0,1.46,-6.0,-4.46
6128.TW,P05_連跌反轉紅K,24,29.17,1.72,-6.82,-4.46
1217.TW,P06_價量背離,107,28.04,2.04,-4.83,-4.46
1219.TW,P07_RSI超賣量縮,59,27.12,2.37,-6.68,-4.46
6115.TW,P02_量增紅K,15,26.67,2.51,-4.44,-4.46
3040.TW,P06_價量背離,154,26.62,2.55,-5.44,-4.46
6115.TW,P04_長下影線放量,62,25.81,2.83,-3.03,-4.46
4583.TW,P04_長下影線放量,39,35.9,0.03,-10.13,-4.47
1419.TW,P09_量縮後爆量紅K,24,33.33,0.59,-4.91,-4.47
4764.TW,P10_組合訊號,82,31.71,0.98,-8.51,-4.47
1617.TW,P04_長下影線放量,60,31.67,1.0,-7.77,-4.47
1457.TW,P11_多頭排列紅K,54,31.48,1.04,-6.92,-4.47
9943.TW,P11_多頭排列紅K,56,30.36,1.32,-7.46,-4.47
1817.TW,P01_量縮價穩,199,30.15,1.38,-4.89,-4.47
2608.TW,P03_均線支撐放量,110,30.0,1.42,-5.94,-4.47
6606.TW,P12_多頭回檔,77,28.57,1.87,-4.85,-4.47
2633.TW,P05_連跌反轉紅K,41,26.83,2.42,-5.28,-4.47
1434.TW,P05_連跌反轉紅K,42,35.71,0.07,-6.17,-4.48
2887.TW,P09_量縮後爆量紅K,3,33.33,0.56,-9.71,-4.48
2701.TW,P09_量縮後爆量紅K,16,31.25,1.07,-3.94,-4.48
1109.TW,P06_價量背離,141,29.08,1.68,-6.11,-4.48
1451.TW,P01_量縮價穩,179,35.75,0.03,-6.92,-4.49
2849.TW,P12_多頭回檔,105,30.48,1.24,-5.5,-4.49
6115.TW,P01_量縮價穩,144,27.78,2.04,-2.8,-4.49
2706.TW,P04_長下影線放量,60,35.0,0.15,-5.69,-4.5
6550.TW,P08_黃金交叉量增,6,33.33,0.49,-21.51,-4.5
6768.TW,P08_黃金交叉量增,3,33.33,0.49,-5.92,-4.5
1339.TW,P04_長下影線放量,56,30.36,1.24,-8.28,-4.5
4414.TW,P12_多頭回檔,31,16.13,-8.34,-20.42,-4.5
2506.TW,P01_量縮價穩,199,33.67,0.41,-5.56,-4.51
2548.TW,P08_黃金交叉量增,9,33.33,0.46,-3.82,-4.51
6128.TW,P02_量增紅K,15,33.33,0.48,-7.13,-4.51
1906.TW,P06_價量背離,147,33.33,0.48,-6.96,-4.51
6671.TW,P03_均線支撐放量,159,31.45,0.91,-4.56,-4.51
6277.TW,P01_量縮價穩,148,31.08,1.0,-3.73,-4.51
1737.TW,P06_價量背離,242,27.27,2.14,-2.56,-4.51
1227.TW,P10_組合訊號,68,32.35,0.65,-5.12,-4.52
2633.TW,P06_價量背離,150,16.0,-0.16,-5.16,-4.52
4720.TW,P10_組合訊號,35,34.29,0.2,-8.14,-4.53
9944.TW,P10_組合訊號,77,33.77,0.33,-5.49,-4.53
2897.TW,P02_量增紅K,9,33.33,0.42,-6.09,-4.53
1817.TW,P10_組合訊號,73,30.14,1.19,-4.92,-4.53
3046.TW,P08_黃金交叉量增,5,20.0,5.34,-18.22,-4.53
8481.TW,P01_量縮價穩,213,30.52,1.07,-5.74,-4.54
6790.TW,P04_長下影線放量,40,30.0,1.19,-6.65,-4.54
9918.TW,P11_多頭排列紅K,70,27.14,2.05,-2.51,-4.54
1234.TW,P09_量縮後爆量紅K,3,33.33,0.36,-2.14,-4.55
5533.TW,P06_價量背離,141,28.37,1.62,-5.83,-4.55
2023.TW,P10_組合訊號,57,28.07,1.72,-7.17,-4.55
1232.TW,P06_價量背離,204,26.96,2.07,-3.95,-4.55
2433.TW,P05_連跌反轉紅K,17,23.53,3.42,-5.47,-4.55
6885.TW,P12_多頭回檔,6,33.33,0.31,-16.5,-4.56
6671.TW,P01_量縮價穩,319,32.6,0.48,-5.25,-4.56
8926.TW,P04_長下影線放量,41,31.71,0.7,-8.12,-4.56
2889.TW,P06_價量背離,118,30.51,1.01,-6.67,-4.56
6277.TW,P07_RSI超賣量縮,42,28.57,1.54,-3.72,-4.56
9931.TW,P01_量縮價穩,392,28.32,1.62,-2.92,-4.56
9926.TW,P12_多頭回檔,119,27.73,1.82,-2.89,-4.56
1730.TW,P07_RSI超賣量縮,53,24.53,2.93,-3.72,-4.56
6790.TW,P06_價量背離,128,32.03,0.58,-6.11,-4.57
2608.TW,P01_量縮價穩,165,29.7,1.18,-6.33,-4.57
6794.TW,P05_連跌反轉紅K,7,28.57,1.51,-6.56,-4.57
5007.TW,P01_量縮價穩,243,27.98,1.68,-3.85,-4.57
2836.TW,P11_多頭排列紅K,78,26.92,2.02,-4.78,-4.57
9940.TW,P04_長下影線放量,59,32.2,0.51,-5.79,-4.58
3054.TW,P08_黃金交叉量增,16,31.25,0.74,-8.77,-4.58
1737.TW,P10_組合訊號,65,29.23,1.29,-3.47,-4.58
2820.TW,P10_組合訊號,65,27.69,1.73,-2.9,-4.58
3045.TW,P03_均線支撐放量,149,27.52,1.8,-2.88,-4.58
7705.TW,P07_RSI超賣量縮,32,15.62,-9.71,-11.84,-4.58
1527.TW,P04_長下影線放量,39,33.33,0.23,-7.22,-4.59
1531.TW,P02_量增紅K,24,33.33,0.22,-5.05,-4.59
6136.TW,P08_黃金交叉量增,7,28.57,1.44,-5.44,-4.59
1558.TW,P06_價量背離,171,27.49,1.76,-5.2,-4.59
6201.TW,P08_黃金交叉量增,11,27.27,1.82,-4.76,-4.59
6443.TW,P12_多頭回檔,17,23.53,3.23,-18.55,-4.59
3716.TW,P07_RSI超賣量縮,15,33.33,0.21,-9.08,-4.6
9942.TW,P06_價量背離,135,30.37,0.89,-7.15,-4.6
1802.TW,P08_黃金交叉量增,14,28.57,1.38,-13.34,-4.6
1410.TW,P10_組合訊號,125,28.0,1.55,-4.12,-4.6
912000.TW,P08_黃金交叉量增,4,25.0,2.58,-6.98,-4.6
1531.TW,P10_組合訊號,78,33.33,0.17,-6.93,-4.61
6133.TW,P09_量縮後爆量紅K,9,22.22,3.77,-13.18,-4.61
6757.TW,P10_組合訊號,16,31.25,0.62,-11.98,-4.62
9905.TW,P11_多頭排列紅K,65,15.38,-0.07,-3.52,-4.62
2910.TW,P07_RSI超賣量縮,60,33.33,0.1,-6.88,-4.63
1467.TW,P10_組合訊號,40,30.0,0.9,-7.76,-4.63
2433.TW,P11_多頭排列紅K,70,25.71,2.21,-3.0,-4.63
3040.TW,P03_均線支撐放量,73,31.51,0.51,-8.59,-4.64
4438.TW,P10_組合訊號,64,31.25,0.57,-8.28,-4.64
2516.TW,P03_均線支撐放量,114,30.7,0.69,-8.5,-4.64
2107.TW,P04_長下影線放量,68,29.41,1.02,-6.64,-4.64
2884.TW,P02_量增紅K,7,28.57,1.27,-6.29,-4.64
1537.TW,P07_RSI超賣量縮,41,26.83,1.79,-2.4,-4.64
2882.TW,P11_多頭排列紅K,68,26.47,1.93,-7.87,-4.64
2820.TW,P12_多頭回檔,110,26.36,1.94,-2.63,-4.64
1315.TW,P01_量縮價穩,229,25.76,2.17,-4.11,-4.64
2849.TW,P04_長下影線放量,63,33.33,0.05,-5.98,-4.65
2547.TW,P02_量增紅K,18,33.33,0.06,-9.14,-4.65
1419.TW,P03_均線支撐放量,139,31.65,0.42,-5.33,-4.65
1718.TW,P05_連跌反轉紅K,34,29.41,0.98,-8.97,-4.65
1737.TW,P07_RSI超賣量縮,69,28.99,1.11,-3.29,-4.65
2013.TW,P03_均線支撐放量,66,28.79,1.18,-7.65,-4.65
1341.TW,P09_量縮後爆量紅K,12,25.0,2.42,-3.63,-4.65
2608.TW,P02_量增紅K,18,33.33,0.01,-8.23,-4.66
3716.TW,P08_黃金交叉量增,3,33.33,0.03,-2.3,-4.66
3501.TW,P10_組合訊號,59,32.2,0.27,-6.11,-4.66
2701.TW,P04_長下影線放量,64,29.69,0.9,-3.79,-4.66
2501.TW,P10_組合訊號,46,28.26,1.27,-8.59,-4.66
1234.TW,P11_多頭排列紅K,54,24.07,2.73,-2.12,-4.66
8481.TW,P08_黃金交叉量增,14,21.43,3.91,-5.99,-4.66
2633.TW,P10_組合訊號,73,15.07,-0.77,-5.89,-4.66
9931.TW,P06_價量背離,233,27.04,1.63,-2.72,-4.67
6112.TW,P06_價量背離,90,26.67,1.72,-8.49,-4.67
2608.TW,P10_組合訊號,57,26.32,1.85,-4.71,-4.67
2107.TW,P03_均線支撐放量,113,25.66,2.07,-4.84,-4.67
2901.TW,P02_量增紅K,40,15.0,-0.7,-6.15,-4.67
6671.TW,P10_組合訊號,82,32.93,0.05,-5.42,-4.68
1734.TW,P04_長下影線放量,36,30.56,0.61,-7.39,-4.68
2114.TW,P09_量縮後爆量紅K,10,30.0,0.72,-6.88,-4.68
2451.TW,P08_黃金交叉量增,7,28.57,1.11,-7.2,-4.68
9937.TW,P09_量縮後爆量紅K,26,26.92,1.62,-3.51,-4.68
2433.TW,P02_量增紅K,21,23.81,2.75,-2.03,-4.68
1817.TW,P12_多頭回檔,91,31.87,0.25,-5.83,-4.69
2034.TW,P10_組合訊號,49,30.61,0.53,-6.71,-4.69
1702.TW,P05_連跌反轉紅K,36,30.56,0.58,-5.62,-4.69
5534.TW,P08_黃金交叉量增,10,30.0,0.68,-4.21,-4.69
6464.TW,P12_多頭回檔,87,27.59,1.37,-3.97,-4.69
2910.TW,P08_黃金交叉量增,15,20.0,4.5,-5.53,-4.7
3576.TW,P03_均線支撐放量,27,14.81,-8.0,-20.56,-4.7
2945.TW,P11_多頭排列紅K,27,14.81,-7.59,-11.79,-4.7
6216.TW,P04_長下影線放量,55,29.09,0.88,-5.61,-4.71
6136.TW,P12_多頭回檔,77,23.38,2.79,-3.79,-4.71
1315.TW,P04_長下影線放量,58,22.41,3.2,-4.38,-4.71
1341.TW,P10_組合訊號,65,30.77,0.4,-5.06,-4.72
2373.TW,P05_連跌反轉紅K,27,29.63,0.71,-3.51,-4.72
2616.TW,P06_價量背離,252,14.68,-1.52,-5.0,-4.72
1467.TW,P11_多頭排列紅K,26,30.77,0.37,-11.84,-4.73
1410.TW,P11_多頭排列紅K,59,30.51,0.44,-4.85,-4.73
6277.TW,P04_長下影線放量,41,14.63,-0.4,-3.82,-4.73
1717.TW,P12_多頭回檔,35,31.43,0.2,-8.13,-4.74
5283.TW,P06_價量背離,177,30.51,0.41,-5.8,-4.74
2109.TW,P11_多頭排列紅K,41,29.27,0.73,-9.92,-4.74
6277.TW,P11_多頭排列紅K,39,28.21,1.01,-3.38,-4.74
2836.TW,P12_多頭回檔,87,24.14,2.37,-3.88,-4.74
1517.TW,P01_量縮價穩,142,30.28,0.42,-8.84,-4.75
3045.TW,P10_組合訊號,55,27.27,1.25,-3.24,-4.75
5533.TW,P03_均線支撐放量,132,26.52,1.48,-5.24,-4.75
1219.TW,P10_組合訊號,69,14.49,-0.53,-6.11,-4.75
6671.TW,P02_量增紅K,54,29.63,0.55,-4.85,-4.76
1722.TW,P08_黃金交叉量增,7,28.57,0.85,-7.74,-4.76
1817.TW,P06_價量背離,167,28.14,0.97,-5.33,-4.76
3045.TW,P11_多頭排列紅K,102,26.47,1.45,-3.48,-4.76
2820.TW,P11_多頭排列紅K,93,25.81,1.66,-3.3,-4.76
9926.TW,P05_連跌反轉紅K,20,25.0,1.97,-2.47,-4.76
1315.TW,P08_黃金交叉量增,11,18.18,5.31,-3.87,-4.76
2642.TW,P03_均線支撐放量,44,31.82,0.01,-7.44,-4.77
1735.TW,P12_多頭回檔,63,30.16,0.38,-8.01,-4.77
2912.TW,P05_連跌反轉紅K,30,30.0,0.43,-5.36,-4.77
6115.TW,P07_RSI超賣量縮,32,21.88,3.18,-1.8,-4.77
2901.TW,P01_量縮價穩,220,30.0,0.39,-4.72,-4.78
1444.TW,P03_均線支撐放量,62,29.03,0.64,-6.89,-4.78
1440.TW,P06_價量背離,93,27.96,0.95,-10.77,-4.78
6951.TW,P02_量增紅K,10,30.0,0.38,-10.2,-4.79
6550.TW,P09_量縮後爆量紅K,7,28.57,0.73,-16.63,-4.79
4106.TW,P03_均線支撐放量,86,27.91,0.93,-6.68,-4.79
2706.TW,P01_量縮價穩,187,27.81,0.95,-5.21,-4.79
2207.TW,P08_黃金交叉量增,7,14.29,-4.66,-16.77,-4.79
2915.TW,P09_量縮後爆量紅K,7,14.29,-2.72,-13.09,-4.79
1227.TW,P02_量增紅K,7,14.29,-3.68,-6.33,-4.79
7749.TW,P06_價量背離,7,14.29,-10.88,-16.44,-4.79
6962.TW,P06_價量背離,7,14.29,-7.43,-14.21,-4.79
6962.TW,P11_多頭排列紅K,7,14.29,-13.51,-25.89,-4.79
6230.TW,P08_黃金交叉量增,7,14.29,-7.32,-16.11,-4.79
7736.TW,P02_量增紅K,7,14.29,-2.47,-9.86,-4.79
5471.TW,P08_黃金交叉量增,7,14.29,-10.98,-17.31,-4.79
6958.TW,P03_均線支撐放量,21,14.29,-8.83,-13.67,-4.79
2701.TW,P02_量增紅K,35,14.29,-2.7,-7.01,-4.79
4949.TW,P03_均線支撐放量,7,14.29,-0.16,-9.81,-4.79
6902.TW,P11_多頭排列紅K,7,14.29,-17.43,-27.04,-4.79
6835.TW,P08_黃金交叉量增,7,14.29,-2.94,-9.44,-4.79
6936.TW,P03_均線支撐放量,7,14.29,-2.44,-6.29,-4.79
4930.TW,P09_量縮後爆量紅K,7,14.29,-4.34,-14.33,-4.79
1323.TW,P11_多頭排列紅K,63,14.29,-0.99,-5.83,-4.79
1110.TW,P01_量縮價穩,225,29.78,0.39,-6.73,-4.8
2849.TW,P09_量縮後爆量紅K,19,26.32,1.37,-5.52,-4.8
2889.TW,P08_黃金交叉量增,12,25.0,1.8,-5.48,-4.8
1315.TW,P12_多頭回檔,81,22.22,2.9,-3.14,-4.8
2506.TW,P06_價量背離,204,29.9,0.28,-5.42,-4.82
1460.TW,P09_量縮後爆量紅K,7,28.57,0.63,-7.11,-4.82
2889.TW,P07_RSI超賣量縮,61,27.87,0.82,-8.35,-4.82
9908.TW,P02_量增紅K,20,25.0,1.71,-2.72,-4.82
1423.TW,P10_組合訊號,80,25.0,1.73,-4.6,-4.82
2801.TW,P10_組合訊號,66,24.24,1.99,-3.7,-4.82
1731.TW,P12_多頭回檔,58,24.14,2.02,-4.74,-4.82
1531.TW,P06_價量背離,154,28.57,0.59,-7.38,-4.83
8487.TW,P06_價量背離,30,30.0,0.21,-5.87,-4.84
1210.TW,P07_RSI超賣量縮,27,29.63,0.3,-6.07,-4.84
4999.TW,P09_量縮後爆量紅K,7,28.57,0.57,-7.24,-4.84
6136.TW,P04_長下影線放量,74,27.03,0.95,-4.21,-4.85
8072.TW,P02_量增紅K,19,26.32,1.16,-8.67,-4.85
9926.TW,P10_組合訊號,65,24.62,1.73,-1.78,-4.85
2474.TW,P02_量增紅K,10,30.0,0.15,-9.55,-4.86
5007.TW,P02_量增紅K,41,29.27,0.31,-4.54,-4.86
2450.TW,P10_組合訊號,76,30.26,0.03,-5.06,-4.87
2514.TW,P04_長下影線放量,96,27.08,0.87,-6.72,-4.87
2820.TW,P06_價量背離,211,24.17,1.8,-3.03,-4.87
3528.TW,P08_黃金交叉量增,9,22.22,2.58,-4.27,-4.87
2373.TW,P03_均線支撐放量,138,13.77,-0.69,-4.38,-4.87
2912.TW,P08_黃金交叉量增,15,26.67,0.96,-3.61,-4.88
911622.TW,P12_多頭回檔,93,29.03,0.28,-5.86,-4.89
6115.TW,P06_價量背離,172,22.67,2.29,-2.19,-4.89
2616.TW,P10_組合訊號,88,13.64,-3.26,-7.18,-4.89
6115.TW,P11_多頭排列紅K,80,23.75,1.86,-3.96,-4.9
1726.TW,P05_連跌反轉紅K,18,22.22,2.47,-4.17,-4.9
2114.TW,P06_價量背離,156,28.21,0.42,-5.34,-4.91
1109.TW,P11_多頭排列紅K,36,27.78,0.53,-7.81,-4.91
4306.TW,P08_黃金交叉量增,4,25.0,1.38,-7.49,-4.91
2836.TW,P04_長下影線放量,75,22.67,2.24,-4.68,-4.91
9110.TW,P06_價量背離,75,26.67,0.81,-11.47,-4.92
9917.TW,P06_價量背離,133,25.56,1.13,-4.31,-4.92
2430.TW,P10_組合訊號,103,25.24,1.24,-7.99,-4.92
9918.TW,P04_長下影線放量,64,25.0,1.32,-2.77,-4.92
6136.TW,P09_量縮後爆量紅K,4,25.0,1.31,-3.33,-4.92
2539.TW,P08_黃金交叉量增,9,22.22,2.34,-2.95,-4.92
2908.TW,P06_價量背離,112,13.39,-0.43,-5.09,-4.92
5283.TW,P10_組合訊號,70,27.14,0.63,-7.02,-4.93
2516.TW,P06_價量背離,173,26.01,0.95,-9.87,-4.93
6201.TW,P06_價量背離,132,25.76,1.02,-4.66,-4.93
9931.TW,P02_量增紅K,73,24.66,1.41,-3.06,-4.93
2646.TW,P07_RSI超賣量縮,15,13.33,-4.11,-10.07,-4.93
1109.TW,P02_量增紅K,15,13.33,-3.29,-9.06,-4.93
2633.TW,P01_量縮價穩,59,28.81,0.15,-5.9,-4.94
9926.TW,P01_量縮價穩,386,22.8,2.05,-2.48,-4.94
2836.TW,P03_均線支撐放量,117,22.22,2.27,-4.31,-4.94
1323.TW,P01_量縮價穩,241,13.28,-0.97,-4.69,-4.94
1468.TW,P08_黃金交叉量增,10,20.0,3.27,-9.2,-4.95
1558.TW,P03_均線支撐放量,99,27.27,0.46,-6.09,-4.96
1537.TW,P10_組合訊號,59,25.42,1.02,-3.15,-4.96
2514.TW,P06_價量背離,216,24.07,1.48,-5.22,-4.96
3130.TW,P12_多頭回檔,77,23.38,1.73,-2.61,-4.96
1217.TW,P03_均線支撐放量,70,28.57,0.1,-5.07,-4.97
1341.TW,P06_價量背離,150,24.67,1.22,-4.83,-4.97
3045.TW,P01_量縮價穩,79,24.05,1.39,-3.42,-4.98
9943.TW,P02_量增紅K,21,23.81,1.42,-7.54,-4.99
2373.TW,P10_組合訊號,69,26.09,0.67,-3.68,-5.0
1444.TW,P02_量增紅K,31,12.9,-4.16,-10.37,-5.0
1737.TW,P04_長下影線放量,78,23.08,1.6,-3.21,-5.01
2433.TW,P10_組合訊號,68,22.06,2.01,-3.08,-5.01
1323.TW,P10_組合訊號,109,12.84,-1.61,-5.46,-5.01
1707.TW,P11_多頭排列紅K,39,12.82,-2.55,-8.18,-5.01
6128.TW,P12_多頭回檔,72,25.0,0.94,-5.53,-5.02
9918.TW,P01_量縮價穩,337,23.44,1.45,-2.49,-5.02
1232.TW,P07_RSI超賣量縮,31,19.35,3.25,-3.47,-5.02
1702.TW,P10_組合訊號,65,26.15,0.52,-5.14,-5.03
9942.TW,P03_均線支撐放量,81,22.22,1.87,-7.32,-5.03
1582.TW,P10_組合訊號,18,27.78,0.04,-10.89,-5.04
2739.TW,P12_多頭回檔,46,23.91,1.22,-12.12,-5.04
1734.TW,P11_多頭排列紅K,35,22.86,1.59,-8.97,-5.04
9918.TW,P03_均線支撐放量,162,22.84,1.6,-2.54,-5.04
1468.TW,P06_價量背離,31,22.58,1.7,-12.01,-5.04
1201.TW,P03_均線支撐放量,79,12.66,-1.39,-5.91,-5.04
9943.TW,P01_量縮價穩,185,26.49,0.38,-6.43,-5.05
1730.TW,P11_多頭排列紅K,33,24.24,1.06,-6.06,-5.05
6281.TW,P02_量增紅K,13,23.08,1.45,-3.17,-5.05
1219.TW,P01_量縮價穩,171,22.22,1.77,-4.87,-5.05
1521.TW,P08_黃金交叉量增,5,20.0,2.74,-8.41,-5.05
1233.TW,P04_長下影線放量,62,27.42,0.07,-4.57,-5.06
9943.TW,P07_RSI超賣量縮,56,26.79,0.24,-7.06,-5.06
5283.TW,P03_均線支撐放量,91,26.37,0.36,-6.91,-5.06
4904.TW,P02_量增紅K,8,12.5,-2.01,-5.43,-5.06
2820.TW,P08_黃金交叉量增,8,12.5,-0.62,-4.42,-5.06
1723.TW,P02_量增紅K,8,12.5,-5.46,-9.08,-5.06
2373.TW,P06_價量背離,224,12.5,-0.33,-3.71,-5.06
8404.TW,P09_量縮後爆量紅K,8,12.5,-2.19,-15.84,-5.06
1219.TW,P05_連跌反轉紅K,16,12.5,-2.87,-6.94,-5.06
8072.TW,P09_量縮後爆量紅K,8,12.5,-5.83,-9.7,-5.06
1416.TW,P09_量縮後爆量紅K,8,12.5,-3.91,-8.32,-5.06
5546.TW,P08_黃金交叉量增,8,12.5,-9.2,-15.49,-5.06
1323.TW,P05_連跌反轉紅K,24,12.5,-0.92,-8.3,-5.06
5533.TW,P04_長下影線放量,71,23.94,1.0,-5.8,-5.08
2373.TW,P02_量增紅K,21,23.81,1.06,-2.48,-5.08
2820.TW,P03_均線支撐放量,134,23.13,1.3,-3.35,-5.08
2412.TW,P04_長下影線放量,108,21.3,2.02,-2.42,-5.08
2633.TW,P11_多頭排列紅K,47,25.53,0.48,-5.95,-5.09
1558.TW,P01_量縮價穩,182,25.82,0.36,-5.21,-5.1
6024.TW,P06_價量背離,132,24.24,0.85,-5.42,-5.1
1537.TW,P11_多頭排列紅K,52,26.92,0.03,-5.37,-5.11
1726.TW,P10_組合訊號,63,22.22,1.5,-3.37,-5.11
4942.TW,P12_多頭回檔,64,25.0,0.52,-7.48,-5.12
2412.TW,P01_量縮價穩,57,22.81,1.26,-2.59,-5.12
9908.TW,P01_量縮價穩,158,21.52,1.75,-1.83,-5.12
6464.TW,P04_長下影線放量,87,24.14,0.76,-4.39,-5.13
1737.TW,P05_連跌反轉紅K,20,20.0,2.35,-2.18,-5.13
3045.TW,P04_長下影線放量,93,25.81,0.21,-4.07,-5.14
9943.TW,P10_組合訊號,97,25.77,0.22,-6.91,-5.14
2616.TW,P07_RSI超賣量縮,75,12.0,-3.82,-7.88,-5.14
9918.TW,P10_組合訊號,51,21.57,1.56,-2.14,-5.15
2633.TW,P09_量縮後爆量紅K,5,20.0,2.25,-4.13,-5.15
2433.TW,P04_長下影線放量,80,20.0,2.24,-2.54,-5.15
8481.TW,P04_長下影線放量,63,22.22,1.29,-5.61,-5.16
9918.TW,P07_RSI超賣量縮,20,20.0,2.18,-1.38,-5.16
1233.TW,P10_組合訊號,111,24.32,0.53,-3.69,-5.17
1730.TW,P12_多頭回檔,54,24.07,0.61,-4.18,-5.17
6794.TW,P10_組合訊號,17,11.76,-6.26,-9.55,-5.18
1583.TW,P05_連跌反轉紅K,17,11.76,-3.25,-10.55,-5.18
2701.TW,P08_黃金交叉量增,17,11.76,-1.89,-5.19,-5.18
7732.TW,P07_RSI超賣量縮,34,11.76,-5.37,-12.5,-5.18
1537.TW,P03_均線支撐放量,103,24.27,0.43,-4.06,-5.2
1537.TW,P04_長下影線放量,92,22.83,0.9,-3.72,-5.2
2412.TW,P03_均線支撐放量,150,20.0,2.01,-2.25,-5.2
1232.TW,P05_連跌反轉紅K,25,24.0,0.44,-4.88,-5.21
6277.TW,P08_黃金交叉量增,14,21.43,1.38,-4.75,-5.21
9905.TW,P07_RSI超賣量縮,44,20.45,1.76,-6.78,-5.21
8481.TW,P10_組合訊號,61,24.59,0.22,-5.71,-5.22
2501.TW,P06_價量背離,107,24.3,0.34,-6.38,-5.22
4562.TW,P04_長下影線放量,66,22.73,0.84,-10.41,-5.22
1737.TW,P03_均線支撐放量,135,22.22,0.99,-3.38,-5.22
2023.TW,P12_多頭回檔,61,22.95,0.7,-9.23,-5.23
2023.TW,P06_價量背離,105,20.95,1.47,-7.53,-5.23
4104.TW,P08_黃金交叉量增,5,20.0,1.87,-2.15,-5.23
2107.TW,P02_量增紅K,15,20.0,1.85,-5.08,-5.23
9943.TW,P04_長下影線放量,56,25.0,0.06,-7.35,-5.24
2373.TW,P07_RSI超賣量縮,33,24.24,0.27,-4.2,-5.24
2820.TW,P04_長下影線放量,87,20.69,1.42,-2.87,-5.26
9926.TW,P03_均線支撐放量,163,20.86,1.32,-2.99,-5.27
2412.TW,P06_價量背離,152,20.39,1.46,-2.16,-5.27
1323.TW,P04_長下影線放量,143,11.19,-0.66,-5.44,-5.27
5880.TW,P02_量增紅K,14,21.43,1.05,-4.25,-5.28
5007.TW,P10_組合訊號,104,21.15,1.14,-3.88,-5.28
7736.TW,P03_均線支撐放量,9,11.11,-6.26,-10.99,-5.28
2017.TW,P08_黃金交叉量增,9,11.11,-3.88,-13.84,-5.28
2616.TW,P08_黃金交叉量增,9,11.11,-1.81,-4.91,-5.28
2412.TW,P05_連跌反轉紅K,9,22.22,0.7,-3.02,-5.29
9926.TW,P02_量增紅K,58,18.97,2.02,-2.81,-5.29
1537.TW,P12_多頭回檔,65,23.08,0.37,-4.15,-5.3
9926.TW,P04_長下影線放量,67,19.4,1.78,-2.6,-5.3
2912.TW,P12_多頭回檔,82,10.98,-1.07,-4.99,-5.3
3501.TW,P09_量縮後爆量紅K,9,22.22,0.55,-5.65,-5.32
9918.TW,P02_量增紅K,54,20.37,1.24,-3.08,-5.32
9918.TW,P06_價量背離,247,19.84,1.49,-2.38,-5.32
1234.TW,P03_均線支撐放量,121,19.83,1.45,-2.68,-5.32
9908.TW,P08_黃金交叉量增,15,20.0,1.37,-2.32,-5.33
2633.TW,P03_均線支撐放量,117,21.37,0.71,-4.8,-5.35
3058.TW,P08_黃金交叉量增,7,14.29,4.58,-25.56,-5.35
1702.TW,P08_黃金交叉量增,13,23.08,0.12,-6.94,-5.36
2849.TW,P03_均線支撐放量,123,22.76,0.22,-5.59,-5.36
2901.TW,P03_均線支撐放量,117,22.22,0.39,-4.75,-5.36
9905.TW,P02_量增紅K,14,21.43,0.67,-4.28,-5.36
2514.TW,P10_組合訊號,104,23.08,0.04,-6.71,-5.37
2412.TW,P12_多頭回檔,104,18.27,1.94,-2.12,-5.37
1702.TW,P07_RSI超賣量縮,38,10.53,-3.27,-9.13,-5.37
6464.TW,P09_量縮後爆量紅K,19,10.53,-1.44,-4.72,-5.37
9943.TW,P03_均線支撐放量,105,21.9,0.4,-6.94,-5.38
1731.TW,P11_多頭排列紅K,51,19.61,1.29,-6.04,-5.38
2433.TW,P03_均線支撐放量,147,17.69,2.15,-2.7,-5.38
1737.TW,P01_量縮價穩,169,19.53,1.24,-3.02,-5.39
1737.TW,P12_多頭回檔,104,19.23,1.35,-2.72,-5.39
1907.TW,P08_黃金交叉量增,5,20.0,0.98,-9.95,-5.4
2608.TW,P06_價量背離,121,21.49,0.36,-5.84,-5.42
1537.TW,P01_量縮價穩,153,21.57,0.27,-4.0,-5.43
9931.TW,P08_黃金交叉量增,17,17.65,1.91,-2.9,-5.43
1234.TW,P12_多頭回檔,111,19.82,0.88,-3.16,-5.44
6277.TW,P12_多頭回檔,77,22.08,0.03,-3.74,-5.45
4904.TW,P07_RSI超賣量縮,30,10.0,-1.43,-6.05,-5.45
6906.TW,P03_均線支撐放量,10,10.0,-19.02,-25.8,-5.45
2901.TW,P12_多頭回檔,68,20.59,0.5,-4.43,-5.46
1233.TW,P06_價量背離,270,20.0,0.67,-3.55,-5.47
2450.TW,P08_黃金交叉量增,10,20.0,0.59,-4.87,-5.48
2701.TW,P06_價量背離,249,20.88,0.22,-4.43,-5.49
2908.TW,P04_長下影線放量,88,20.45,0.38,-4.55,-5.49
2908.TW,P03_均線支撐放量,116,18.97,0.94,-4.38,-5.49
2701.TW,P01_量縮價穩,235,19.57,0.65,-4.34,-5.5
7705.TW,P06_價量背離,31,9.68,-13.16,-15.18,-5.5
1234.TW,P06_價量背離,187,18.72,0.96,-3.6,-5.51
2832.TW,P02_量增紅K,19,15.79,2.41,-2.56,-5.51
9942.TW,P08_黃金交叉量增,8,12.5,4.82,-5.67,-5.52
1233.TW,P09_量縮後爆量紅K,21,9.52,-1.61,-5.26,-5.52
6281.TW,P10_組合訊號,74,9.46,-0.43,-4.49,-5.53
9905.TW,P04_長下影線放量,77,19.48,0.39,-3.5,-5.56
2373.TW,P04_長下影線放量,71,18.31,0.84,-3.47,-5.56
2412.TW,P11_多頭排列紅K,94,17.02,1.46,-2.74,-5.56
2820.TW,P07_RSI超賣量縮,36,16.67,1.62,-3.61,-5.56
2433.TW,P01_量縮價穩,216,16.67,1.65,-2.2,-5.56
6281.TW,P11_多頭排列紅K,70,15.71,2.09,-2.87,-5.57
2908.TW,P11_多頭排列紅K,55,20.0,0.11,-5.46,-5.58
2706.TW,P12_多頭回檔,72,19.44,0.31,-4.65,-5.58
2912.TW,P01_量縮價穩,86,19.77,0.15,-4.64,-5.59
9926.TW,P06_價量背離,292,16.44,1.6,-2.36,-5.59
1423.TW,P08_黃金交叉量增,9,11.11,5.73,-6.92,-5.59
2633.TW,P02_量增紅K,11,9.09,-3.02,-6.11,-5.59
4736.TW,P12_多頭回檔,11,9.09,-5.74,-10.2,-5.59
6464.TW,P01_量縮價穩,287,19.16,0.33,-4.36,-5.6
1315.TW,P09_量縮後爆量紅K,12,16.67,1.41,-4.32,-5.6
1315.TW,P03_均線支撐放量,123,17.07,1.03,-3.7,-5.63
9908.TW,P11_多頭排列紅K,71,16.9,1.12,-2.27,-5.63
2433.TW,P12_多頭回檔,116,15.52,1.76,-2.46,-5.64
1537.TW,P05_連跌反轉紅K,11,18.18,0.43,-2.21,-5.65
6464.TW,P06_價量背離,271,18.08,0.49,-3.52,-5.65
6184.TW,P07_RSI超賣量縮,23,8.7,-0.42,-5.34,-5.65
7736.TW,P01_量縮價穩,23,8.7,-5.45,-9.64,-5.65
2849.TW,P08_黃金交叉量增,11,18.18,0.35,-5.96,-5.66
5533.TW,P02_量增紅K,17,17.65,0.58,-7.15,-5.66
6464.TW,P03_均線支撐放量,193,18.65,0.14,-4.0,-5.67
1537.TW,P06_價量背離,211,17.06,0.71,-3.33,-5.68
2820.TW,P05_連跌反轉紅K,18,16.67,0.9,-4.44,-5.68
2706.TW,P09_量縮後爆量紅K,6,16.67,0.91,-6.27,-5.68
9925.TW,P10_組合訊號,63,14.29,2.25,-1.59,-5.68
5880.TW,P06_價量背離,107,17.76,0.39,-5.36,-5.69
2633.TW,P04_長下影線放量,62,17.74,0.35,-6.74,-5.7
9931.TW,P07_RSI超賣量縮,17,17.65,0.39,-3.6,-5.7
2412.TW,P10_組合訊號,35,17.14,0.55,-2.89,-5.71
9908.TW,P12_多頭回檔,113,15.93,1.09,-2.4,-5.71
2801.TW,P02_量增紅K,12,8.33,-1.26,-5.39,-5.71
2646.TW,P10_組合訊號,12,8.33,-4.77,-9.9,-5.71
6918.TW,P06_價量背離,12,8.33,-6.46,-10.67,-5.71
7705.TW,P10_組合訊號,12,8.33,-13.79,-15.65,-5.71
1323.TW,P08_黃金交叉量增,12,8.33,-0.57,-4.95,-5.71
2801.TW,P08_黃金交叉量增,13,15.38,1.24,-4.03,-5.73
1726.TW,P06_價量背離,252,14.68,1.65,-2.39,-5.73
2945.TW,P12_多頭回檔,49,8.16,-4.48,-9.38,-5.73
1315.TW,P06_價量背離,222,15.77,0.97,-3.48,-5.74
1315.TW,P11_多頭排列紅K,46,15.22,1.26,-4.9,-5.74
1219.TW,P06_價量背離,212,16.98,0.36,-5.09,-5.75
3052.TW,P10_組合訊號,49,16.33,0.64,-6.05,-5.75
9905.TW,P10_組合訊號,90,15.56,0.98,-2.68,-5.76
3045.TW,P07_RSI超賣量縮,25,8.0,-1.05,-4.57,-5.76
6464.TW,P05_連跌反轉紅K,25,8.0,-1.51,-5.49,-5.76
1730.TW,P06_價量背離,224,16.96,0.26,-3.62,-5.77
3716.TW,P04_長下影線放量,15,13.33,2.21,-7.55,-5.77
1110.TW,P09_量縮後爆量紅K,18,16.67,0.28,-8.5,-5.79
1737.TW,P08_黃金交叉量增,6,16.67,0.25,-5.3,-5.79
2506.TW,P09_量縮後爆量紅K,12,16.67,0.28,-7.04,-5.79
6281.TW,P03_均線支撐放量,160,15.62,0.76,-3.25,-5.79
1219.TW,P04_長下影線放量,59,16.95,0.08,-5.71,-5.8
6281.TW,P04_長下影線放量,88,14.77,1.11,-3.26,-5.8
9908.TW,P04_長下影線放量,89,14.61,1.15,-2.08,-5.81
7765.TW,P07_RSI超賣量縮,13,7.69,-4.37,-15.88,-5.81
6918.TW,P01_量縮價穩,13,7.69,-6.12,-9.45,-5.81
1323.TW,P03_均線支撐放量,210,7.62,-1.71,-5.4,-5.82
1323.TW,P12_多頭回檔,105,7.62,-0.75,-4.88,-5.82
2373.TW,P01_量縮價穩,169,16.57,0.0,-3.38,-5.84
9905.TW,P01_量縮價穩,175,15.43,0.3,-3.24,-5.87
9908.TW,P06_價量背離,305,13.77,1.03,-1.91,-5.89
1726.TW,P01_量縮價穩,269,13.01,1.42,-2.09,-5.9
2816.TW,P08_黃金交叉量增,8,12.5,1.76,-6.64,-5.9
9908.TW,P03_均線支撐放量,180,13.33,1.14,-2.03,-5.91
1726.TW,P09_量縮後爆量紅K,16,12.5,1.76,-2.72,-5.91
1234.TW,P01_量縮價穩,159,13.84,0.81,-3.16,-5.92
1737.TW,P11_多頭排列紅K,65,13.85,0.71,-3.5,-5.93
9930.TW,P09_量縮後爆量紅K,9,11.11,2.63,-3.11,-5.93
1702.TW,P02_量增紅K,14,14.29,0.45,-5.5,-5.94
2412.TW,P08_黃金交叉量增,8,12.5,1.47,-1.51,-5.94
6464.TW,P10_組合訊號,81,14.81,0.07,-3.89,-5.95
1468.TW,P02_量增紅K,7,14.29,0.37,-11.0,-5.95
9943.TW,P08_黃金交叉量增,8,12.5,1.34,-7.64,-5.96
3045.TW,P05_連跌反轉紅K,16,12.5,1.26,-3.01,-5.97
2107.TW,P08_黃金交叉量增,8,12.5,1.24,-3.7,-5.97
2412.TW,P07_RSI超賣量縮,15,6.67,-0.82,-4.08,-5.97
2433.TW,P07_RSI超賣量縮,22,13.64,0.5,-4.24,-5.98
9926.TW,P08_黃金交叉量增,23,13.04,0.73,-3.4,-5.99
6464.TW,P07_RSI超賣量縮,54,12.96,0.65,-3.07,-6.01
1730.TW,P04_長下影線放量,50,14.0,0.02,-4.17,-6.02
2616.TW,P09_量縮後爆量紅K,8,12.5,0.87,-2.45,-6.02
1726.TW,P04_長下影線放量,62,11.29,1.64,-2.48,-6.02
1726.TW,P12_多頭回檔,133,11.28,1.67,-2.17,-6.02
9925.TW,P12_多頭回檔,128,10.94,1.97,-1.17,-6.02
6887.TW,P01_量縮價穩,48,6.25,-12.27,-15.83,-6.03
6281.TW,P01_量縮價穩,193,12.44,0.75,-3.25,-6.04
6281.TW,P12_多頭回檔,117,11.11,1.65,-2.97,-6.04
1234.TW,P10_組合訊號,69,13.04,0.25,-3.76,-6.05
1323.TW,P06_價量背離,261,6.13,-2.31,-5.57,-6.05
2433.TW,P06_價量背離,231,11.26,1.32,-2.38,-6.06
9905.TW,P03_均線支撐放量,136,12.5,0.42,-3.2,-6.07
2820.TW,P02_量增紅K,17,11.76,0.94,-4.23,-6.07
2887.TW,P02_量增紅K,10,10.0,2.11,-4.08,-6.09
2646.TW,P03_均線支撐放量,17,5.88,-7.19,-12.36,-6.09
7705.TW,P01_量縮價穩,35,5.71,-11.9,-14.58,-6.11
1730.TW,P03_均線支撐放量,83,12.05,0.32,-3.8,-6.12
2373.TW,P11_多頭排列紅K,53,5.66,-0.32,-3.88,-6.12
9918.TW,P08_黃金交叉量增,19,10.53,1.21,-2.24,-6.14
1323.TW,P02_量增紅K,36,5.56,-2.66,-6.21,-6.14
9905.TW,P06_價量背離,260,11.54,0.12,-3.27,-6.18
1234.TW,P08_黃金交叉量增,9,11.11,0.36,-3.22,-6.18
1726.TW,P11_多頭排列紅K,71,9.86,1.35,-2.48,-6.18
6281.TW,P06_價量背離,247,11.34,0.12,-2.9,-6.19
1726.TW,P03_均線支撐放量,167,9.58,1.13,-2.91,-6.22
3716.TW,P03_均線支撐放量,20,5.0,-0.09,-4.49,-6.22
9925.TW,P01_量縮價穩,149,8.72,1.8,-1.45,-6.23
9905.TW,P12_多頭回檔,86,10.47,0.04,-3.57,-6.26
6464.TW,P08_黃金交叉量增,21,4.76,-0.43,-3.77,-6.26
1234.TW,P02_量增紅K,13,7.69,1.25,-2.7,-6.37
5880.TW,P08_黃金交叉量增,12,8.33,0.32,-4.89,-6.39
6281.TW,P07_RSI超賣量縮,26,3.85,-1.88,-3.91,-6.4
9908.TW,P05_連跌反轉紅K,13,7.69,0.67,-3.65,-6.41
9908.TW,P10_組合訊號,66,7.58,0.27,-2.37,-6.45
9925.TW,P06_價量背離,278,6.47,1.36,-2.2,-6.46
1726.TW,P02_量增紅K,34,5.88,1.42,-2.44,-6.5
2646.TW,P06_價量背離,32,3.12,-5.68,-13.15,-6.52
3716.TW,P06_價量背離,37,2.7,-0.22,-6.24,-6.58
9925.TW,P11_多頭排列紅K,91,4.4,1.92,-1.74,-6.61
9925.TW,P03_均線支撐放量,189,4.23,1.63,-1.97,-6.63
9925.TW,P04_長下影線放量,94,4.26,1.33,-2.08,-6.65
6281.TW,P05_連跌反轉紅K,23,4.35,0.0,-4.29,-6.7
1234.TW,P07_RSI超賣量縮,25,4.0,0.48,-3.44,-6.7
2412.TW,P02_量增紅K,2,0.0,4.28,-1.13,-7.0
2412.TW,P09_量縮後爆量紅K,2,0.0,-4.73,-7.41,-7.0
2891.TW,P09_量縮後爆量紅K,1,0.0,-0.67,-8.2,-7.0
1303.TW,P09_量縮後爆量紅K,1,0.0,-32.7,-32.7,-7.0
2880.TW,P08_黃金交叉量增,6,0.0,-0.42,-4.65,-7.0
6505.TW,P09_量縮後爆量紅K,2,0.0,-24.18,-25.09,-7.0
2890.TW,P09_量縮後爆量紅K,2,0.0,-0.85,-16.46,-7.0
2892.TW,P08_黃金交叉量增,5,0.0,1.8,-4.38,-7.0
2002.TW,P09_量縮後爆量紅K,3,0.0,-7.55,-11.03,-7.0
2379.TW,P09_量縮後爆量紅K,1,0.0,-6.42,-16.3,-7.0
2801.TW,P09_量縮後爆量紅K,4,0.0,-1.68,-5.41,-7.0
2912.TW,P09_量縮後爆量紅K,2,0.0,-4.23,-4.68,-7.0
1101.TW,P08_黃金交叉量增,5,0.0,-8.36,-13.81,-7.0
1402.TW,P09_量縮後爆量紅K,1,0.0,-2.48,-4.96,-7.0
2812.TW,P09_量縮後爆量紅K,1,0.0,0.42,-0.85,-7.0
2105.TW,P09_量縮後爆量紅K,3,0.0,-4.25,-7.49,-7.0
7799.TW,P03_均線支撐放量,3,0.0,-31.13,-38.0,-7.0
2646.TW,P02_量增紅K,4,0.0,-6.03,-11.26,-7.0
2646.TW,P04_長下影線放量,7,0.0,-5.35,-10.95,-7.0
2646.TW,P08_黃金交叉量增,2,0.0,-11.05,-16.58,-7.0
2646.TW,P11_多頭排列紅K,2,0.0,-2.48,-5.22,-7.0
2646.TW,P12_多頭回檔,9,0.0,-6.54,-12.26,-7.0
6472.TW,P08_黃金交叉量增,1,0.0,-17.98,-19.61,-7.0
2645.TW,P08_黃金交叉量增,1,0.0,-2.06,-5.77,-7.0
2845.TW,P09_量縮後爆量紅K,4,0.0,-2.49,-10.15,-7.0
2504.TW,P09_量縮後爆量紅K,3,0.0,-15.45,-17.39,-7.0
2421.TW,P09_量縮後爆量紅K,1,0.0,-7.78,-10.05,-7.0
4585.TW,P01_量縮價穩,3,0.0,-15.27,-30.63,-7.0
4585.TW,P02_量增紅K,1,0.0,-19.29,-32.94,-7.0
4585.TW,P03_均線支撐放量,1,0.0,-14.78,-32.62,-7.0
4585.TW,P06_價量背離,2,0.0,-4.56,-24.01,-7.0
4585.TW,P07_RSI超賣量縮,1,0.0,-5.99,-22.34,-7.0
7722.TW,P03_均線支撐放量,3,0.0,-16.69,-17.8,-7.0
9907.TW,P09_量縮後爆量紅K,3,0.0,-2.97,-4.69,-7.0
2393.TW,P09_量縮後爆量紅K,2,0.0,-13.8,-21.23,-7.0
6116.TW,P08_黃金交叉量增,5,0.0,-9.61,-16.65,-7.0
2247.TW,P08_黃金交叉量增,7,0.0,-4.04,-9.44,-7.0
2820.TW,P09_量縮後爆量紅K,4,0.0,2.22,-2.58,-7.0
7749.TW,P01_量縮價穩,6,0.0,-22.68,-29.45,-7.0
7749.TW,P05_連跌反轉紅K,2,0.0,-13.26,-15.29,-7.0
7749.TW,P09_量縮後爆量紅K,1,0.0,-29.47,-34.11,-7.0
7749.TW,P11_多頭排列紅K,2,0.0,-37.0,-37.89,-7.0
7749.TW,P12_多頭回檔,2,0.0,-25.95,-34.32,-7.0
6589.TW,P11_多頭排列紅K,1,0.0,-15.07,-17.63,-7.0
6962.TW,P04_長下影線放量,1,0.0,-7.11,-33.16,-7.0
6962.TW,P08_黃金交叉量增,1,0.0,-13.57,-15.95,-7.0
6962.TW,P09_量縮後爆量紅K,1,0.0,-10.83,-34.17,-7.0
4441.TW,P04_長下影線放量,1,0.0,-14.01,-18.74,-7.0
4441.TW,P05_連跌反轉紅K,1,0.0,-1.61,-17.14,-7.0
4441.TW,P06_價量背離,1,0.0,-6.12,-13.91,-7.0
4441.TW,P10_組合訊號,1,0.0,-7.61,-15.94,-7.0
6753.TW,P08_黃金交叉量增,1,0.0,-17.37,-26.02,-7.0
3380.TW,P08_黃金交叉量增,4,0.0,-6.36,-16.66,-7.0
9925.TW,P02_量增紅K,15,0.0,0.87,-2.07,-7.0
9925.TW,P08_黃金交叉量增,11,0.0,1.47,-0.91,-7.0
9925.TW,P09_量縮後爆量紅K,4,0.0,2.67,-1.23,-7.0
6869.TW,P09_量縮後爆量紅K,1,0.0,-22.83,-24.35,-7.0
6901.TW,P09_量縮後爆量紅K,1,0.0,-10.37,-17.06,-7.0
6901.TW,P12_多頭回檔,6,0.0,-13.54,-18.13,-7.0
2723.TW,P09_量縮後爆量紅K,3,0.0,-19.97,-26.18,-7.0
4104.TW,P09_量縮後爆量紅K,2,0.0,1.52,-2.59,-7.0
6965.TW,P08_黃金交叉量增,1,0.0,-10.86,-26.84,-7.0
6965.TW,P09_量縮後爆量紅K,1,0.0,-10.93,-12.06,-7.0
6965.TW,P11_多頭排列紅K,3,0.0,-13.29,-13.94,-7.0
2373.TW,P08_黃金交叉量增,15,0.0,-0.42,-4.24,-7.0
2832.TW,P09_量縮後爆量紅K,5,0.0,2.01,-1.36,-7.0
1726.TW,P08_黃金交叉量增,9,0.0,1.68,-4.16,-7.0
1718.TW,P08_黃金交叉量增,5,0.0,-4.48,-10.0,-7.0
2104.TW,P09_量縮後爆量紅K,2,0.0,-4.8,-11.79,-7.0
7765.TW,P08_黃金交叉量增,4,0.0,-9.83,-14.0,-7.0
4771.TW,P08_黃金交叉量增,2,0.0,-10.75,-13.69,-7.0
4771.TW,P09_量縮後爆量紅K,2,0.0,-9.95,-21.03,-7.0
6957.TW,P11_多頭排列紅K,5,0.0,-24.23,-31.58,-7.0
2466.TW,P09_量縮後爆量紅K,1,0.0,-17.61,-23.64,-7.0
7740.TW,P02_量增紅K,1,0.0,-24.23,-35.63,-7.0
7740.TW,P03_均線支撐放量,1,0.0,-24.23,-35.63,-7.0
7740.TW,P07_RSI超賣量縮,4,0.0,-26.05,-35.54,-7.0
7740.TW,P09_量縮後爆量紅K,1,0.0,-24.23,-35.63,-7.0
3032.TW,P09_量縮後爆量紅K,2,0.0,-17.98,-20.1,-7.0
2762.TW,P08_黃金交叉量增,1,0.0,-3.62,-8.6,-7.0
6184.TW,P08_黃金交叉量增,4,0.0,-1.04,-3.53,-7.0
1201.TW,P09_量縮後爆量紅K,5,0.0,-1.94,-4.82,-7.0
6277.TW,P09_量縮後爆量紅K,2,0.0,-0.92,-1.78,-7.0
7736.TW,P05_連跌反轉紅K,1,0.0,-6.64,-9.1,-7.0
7736.TW,P06_價量背離,13,0.0,-5.55,-9.34,-7.0
7736.TW,P07_RSI超賣量縮,3,0.0,-6.68,-10.52,-7.0
7736.TW,P09_量縮後爆量紅K,2,0.0,-6.07,-10.24,-7.0
3312.TW,P09_量縮後爆量紅K,1,0.0,3.66,-7.32,-7.0
2433.TW,P08_黃金交叉量增,8,0.0,0.25,-1.94,-7.0
2433.TW,P09_量縮後爆量紅K,9,0.0,0.04,-3.09,-7.0
5471.TW,P09_量縮後爆量紅K,2,0.0,-10.22,-11.81,-7.0
1737.TW,P02_量增紅K,12,0.0,-1.98,-4.44,-7.0
1737.TW,P09_量縮後爆量紅K,3,0.0,1.34,-4.96,-7.0
1444.TW,P08_黃金交叉量增,10,0.0,-3.79,-10.11,-7.0
6281.TW,P09_量縮後爆量紅K,8,0.0,-0.17,-3.21,-7.0
6794.TW,P08_黃金交叉量增,2,0.0,-5.6,-9.48,-7.0
3716.TW,P02_量增紅K,1,0.0,-0.88,-3.36,-7.0
3716.TW,P11_多頭排列紅K,10,0.0,-5.4,-11.19,-7.0
4935.TW,P09_量縮後爆量紅K,3,0.0,-0.2,-20.71,-7.0
2030.TW,P08_黃金交叉量增,1,0.0,-8.85,-11.11,-7.0
1219.TW,P08_黃金交叉量增,7,0.0,-0.89,-6.72,-7.0
6928.TW,P09_量縮後爆量紅K,1,0.0,-31.34,-40.1,-7.0
6928.TW,P12_多頭回檔,2,0.0,-30.72,-39.49,-7.0
6838.TW,P03_均線支撐放量,3,0.0,-22.49,-25.91,-7.0
6838.TW,P08_黃金交叉量增,1,0.0,-10.76,-14.24,-7.0
6838.TW,P10_組合訊號,4,0.0,-24.12,-28.87,-7.0
6838.TW,P12_多頭回檔,1,0.0,-22.69,-25.11,-7.0
6885.TW,P11_多頭排列紅K,6,0.0,-18.83,-25.62,-7.0
6887.TW,P02_量增紅K,6,0.0,-13.89,-16.34,-7.0
6887.TW,P03_均線支撐放量,13,0.0,-13.19,-16.31,-7.0
6887.TW,P09_量縮後爆量紅K,6,0.0,-15.28,-17.63,-7.0
6887.TW,P10_組合訊號,14,0.0,-14.08,-18.08,-7.0
6887.TW,P11_多頭排列紅K,1,0.0,-19.8,-22.96,-7.0
6887.TW,P12_多頭回檔,1,0.0,-14.83,-21.19,-7.0
3717.TW,P01_量縮價穩,2,0.0,-14.9,-16.16,-7.0
3717.TW,P02_量增紅K,1,0.0,-15.69,-21.08,-7.0
3717.TW,P05_連跌反轉紅K,1,0.0,-16.67,-19.9,-7.0
3717.TW,P06_價量背離,1,0.0,-2.13,-14.13,-7.0
3717.TW,P07_RSI超賣量縮,3,0.0,-4.09,-12.56,-7.0
3717.TW,P08_黃金交叉量增,1,0.0,-15.69,-21.08,-7.0
3717.TW,P10_組合訊號,1,0.0,-3.86,-11.29,-7.0
6796.TW,P09_量縮後爆量紅K,3,0.0,-15.36,-26.41,-7.0
4949.TW,P02_量增紅K,2,0.0,-13.17,-23.21,-7.0
4949.TW,P08_黃金交叉量增,2,0.0,-13.17,-23.21,-7.0
1731.TW,P09_量縮後爆量紅K,5,0.0,0.29,-5.6,-7.0
6918.TW,P03_均線支撐放量,6,0.0,-11.82,-16.09,-7.0
6918.TW,P04_長下影線放量,2,0.0,-9.56,-14.35,-7.0
6918.TW,P08_黃金交叉量增,1,0.0,-12.44,-17.11,-7.0
6918.TW,P09_量縮後爆量紅K,2,0.0,-12.44,-15.36,-7.0
6918.TW,P10_組合訊號,7,0.0,-6.03,-9.12,-7.0
6918.TW,P11_多頭排列紅K,1,0.0,-15.2,-15.59,-7.0
6918.TW,P12_多頭回檔,2,0.0,-10.18,-12.82,-7.0
6792.TW,P08_黃金交叉量增,3,0.0,-14.09,-19.56,-7.0
1617.TW,P08_黃金交叉量增,6,0.0,-2.17,-4.56,-7.0
4552.TW,P09_量縮後爆量紅K,4,0.0,-5.02,-12.48,-7.0
6909.TW,P11_多頭排列紅K,1,0.0,-26.4,-30.58,-7.0
6936.TW,P02_量增紅K,1,0.0,-3.02,-7.75,-7.0
6936.TW,P04_長下影線放量,1,0.0,-0.41,-6.05,-7.0
6936.TW,P08_黃金交叉量增,2,0.0,-4.54,-6.18,-7.0
6936.TW,P09_量縮後爆量紅K,1,0.0,-3.02,-7.75,-7.0
6936.TW,P10_組合訊號,6,0.0,0.89,-4.37,-7.0
6936.TW,P12_多頭回檔,4,0.0,2.56,-5.83,-7.0
7705.TW,P02_量增紅K,3,0.0,-13.4,-15.57,-7.0
7705.TW,P03_均線支撐放量,9,0.0,-12.46,-15.27,-7.0
7705.TW,P05_連跌反轉紅K,9,0.0,-12.57,-13.51,-7.0
7705.TW,P08_黃金交叉量增,1,0.0,-22.1,-24.9,-7.0
7705.TW,P09_量縮後爆量紅K,1,0.0,-16.76,-24.37,-7.0
7705.TW,P12_多頭回檔,7,0.0,-20.14,-21.02,-7.0
1325.TW,P09_量縮後爆量紅K,4,0.0,-18.78,-23.59,-7.0
4106.TW,P09_量縮後爆量紅K,4,0.0,-4.42,-7.84,-7.0
2248.TW,P11_多頭排列紅K,1,0.0,-1.82,-5.25,-7.0
1531.TW,P08_黃金交叉量增,8,0.0,-0.93,-4.74,-7.0
4560.TW,P08_黃金交叉量增,8,0.0,-2.47,-6.42,-7.0
4560.TW,P09_量縮後爆量紅K,1,0.0,-8.26,-12.45,-7.0
8487.TW,P08_黃金交叉量增,1,0.0,-8.68,-16.45,-7.0
1468.TW,P09_量縮後爆量紅K,3,0.0,-11.77,-18.67,-7.0
1323.TW,P09_量縮後爆量紅K,9,0.0,0.46,-2.89,-7.0
